[0.069s] DEBUG:colcon:Command line arguments: ['/usr/bin/colcon', 'build']
[0.069s] DEBUG:colcon:Parsed command line arguments: Namespace(log_base=None, log_level=None, verb_name='build', build_base='build', install_base='install', merge_install=False, symlink_install=False, test_result_base=None, continue_on_error=False, executor='parallel', parallel_workers=28, event_handlers=None, ignore_user_meta=False, metas=['./colcon.meta'], base_paths=['.'], packages_ignore=None, packages_ignore_regex=None, paths=None, packages_up_to=None, packages_up_to_regex=None, packages_above=None, packages_above_and_dependencies=None, packages_above_depth=None, packages_select_by_dep=None, packages_skip_by_dep=None, packages_skip_up_to=None, packages_select_build_failed=False, packages_skip_build_finished=False, packages_select_test_failures=False, packages_skip_test_passed=False, packages_select=None, packages_skip=None, packages_select_regex=None, packages_skip_regex=None, packages_start=None, packages_end=None, cmake_args=None, cmake_target=None, cmake_target_skip_unavailable=False, cmake_clean_cache=False, cmake_clean_first=False, cmake_force_configure=False, ament_cmake_args=None, catkin_cmake_args=None, catkin_skip_building_tests=False, verb_parser=<colcon_defaults.argument_parser.defaults.DefaultArgumentsDecorator object at 0x733b5ef291c0>, verb_extension=<colcon_core.verb.build.BuildVerb object at 0x733b5f0af110>, main=<bound method BuildVerb.main of <colcon_core.verb.build.BuildVerb object at 0x733b5f0af110>>)
[0.096s] Level 1:colcon.colcon_core.package_discovery:discover_packages(colcon_meta) check parameters
[0.096s] Level 1:colcon.colcon_core.package_discovery:discover_packages(recursive) check parameters
[0.096s] Level 1:colcon.colcon_core.package_discovery:discover_packages(ignore) check parameters
[0.096s] Level 1:colcon.colcon_core.package_discovery:discover_packages(path) check parameters
[0.096s] Level 1:colcon.colcon_core.package_discovery:discover_packages(colcon_meta) discover
[0.096s] Level 1:colcon.colcon_core.package_discovery:discover_packages(recursive) discover
[0.096s] INFO:colcon.colcon_core.package_discovery:Crawling recursively for packages in '/home/aditya/Cpps/Dexter'
[0.096s] Level 1:colcon.colcon_core.package_identification:_identify(.) by extensions ['ignore', 'ignore_ament_install']
[0.097s] Level 1:colcon.colcon_core.package_identification:_identify(.) by extension 'ignore'
[0.097s] Level 1:colcon.colcon_core.package_identification:_identify(.) by extension 'ignore_ament_install'
[0.097s] Level 1:colcon.colcon_core.package_identification:_identify(.) by extensions ['colcon_pkg']
[0.097s] Level 1:colcon.colcon_core.package_identification:_identify(.) by extension 'colcon_pkg'
[0.097s] Level 1:colcon.colcon_core.package_identification:_identify(.) by extensions ['colcon_meta']
[0.097s] Level 1:colcon.colcon_core.package_identification:_identify(.) by extension 'colcon_meta'
[0.097s] Level 1:colcon.colcon_core.package_identification:_identify(.) by extensions ['ros']
[0.097s] Level 1:colcon.colcon_core.package_identification:_identify(.) by extension 'ros'
[0.116s] Level 1:colcon.colcon_core.package_identification:_identify(.) by extensions ['cmake', 'python']
[0.117s] Level 1:colcon.colcon_core.package_identification:_identify(.) by extension 'cmake'
[0.117s] Level 1:colcon.colcon_core.package_identification:_identify(.) by extension 'python'
[0.117s] Level 1:colcon.colcon_core.package_identification:_identify(.) by extensions ['python_setup_py']
[0.117s] Level 1:colcon.colcon_core.package_identification:_identify(.) by extension 'python_setup_py'
[0.117s] Level 1:colcon.colcon_core.package_identification:_identify(build) by extensions ['ignore', 'ignore_ament_install']
[0.117s] Level 1:colcon.colcon_core.package_identification:_identify(build) by extension 'ignore'
[0.117s] Level 1:colcon.colcon_core.package_identification:_identify(build) ignored
[0.117s] Level 1:colcon.colcon_core.package_identification:_identify(dexter_bringup) by extensions ['ignore', 'ignore_ament_install']
[0.117s] Level 1:colcon.colcon_core.package_identification:_identify(dexter_bringup) by extension 'ignore'
[0.117s] Level 1:colcon.colcon_core.package_identification:_identify(dexter_bringup) by extension 'ignore_ament_install'
[0.117s] Level 1:colcon.colcon_core.package_identification:_identify(dexter_bringup) by extensions ['colcon_pkg']
[0.117s] Level 1:colcon.colcon_core.package_identification:_identify(dexter_bringup) by extension 'colcon_pkg'
[0.117s] Level 1:colcon.colcon_core.package_identification:_identify(dexter_bringup) by extensions ['colcon_meta']
[0.117s] Level 1:colcon.colcon_core.package_identification:_identify(dexter_bringup) by extension 'colcon_meta'
[0.117s] Level 1:colcon.colcon_core.package_identification:_identify(dexter_bringup) by extensions ['ros']
[0.117s] Level 1:colcon.colcon_core.package_identification:_identify(dexter_bringup) by extension 'ros'
[0.120s] DEBUG:colcon.colcon_core.package_identification:Package 'dexter_bringup' with type 'ros.ament_cmake' and name 'dexter_bringup'
[0.120s] Level 1:colcon.colcon_core.package_identification:_identify(dexter_controller) by extensions ['ignore', 'ignore_ament_install']
[0.120s] Level 1:colcon.colcon_core.package_identification:_identify(dexter_controller) by extension 'ignore'
[0.120s] Level 1:colcon.colcon_core.package_identification:_identify(dexter_controller) by extension 'ignore_ament_install'
[0.120s] Level 1:colcon.colcon_core.package_identification:_identify(dexter_controller) by extensions ['colcon_pkg']
[0.120s] Level 1:colcon.colcon_core.package_identification:_identify(dexter_controller) by extension 'colcon_pkg'
[0.121s] Level 1:colcon.colcon_core.package_identification:_identify(dexter_controller) by extensions ['colcon_meta']
[0.121s] Level 1:colcon.colcon_core.package_identification:_identify(dexter_controller) by extension 'colcon_meta'
[0.121s] Level 1:colcon.colcon_core.package_identification:_identify(dexter_controller) by extensions ['ros']
[0.121s] Level 1:colcon.colcon_core.package_identification:_identify(dexter_controller) by extension 'ros'
[0.121s] DEBUG:colcon.colcon_core.package_identification:Package 'dexter_controller' with type 'ros.ament_cmake' and name 'dexter_controller'
[0.121s] Level 1:colcon.colcon_core.package_identification:_identify(dexter_description) by extensions ['ignore', 'ignore_ament_install']
[0.121s] Level 1:colcon.colcon_core.package_identification:_identify(dexter_description) by extension 'ignore'
[0.121s] Level 1:colcon.colcon_core.package_identification:_identify(dexter_description) by extension 'ignore_ament_install'
[0.121s] Level 1:colcon.colcon_core.package_identification:_identify(dexter_description) by extensions ['colcon_pkg']
[0.121s] Level 1:colcon.colcon_core.package_identification:_identify(dexter_description) by extension 'colcon_pkg'
[0.121s] Level 1:colcon.colcon_core.package_identification:_identify(dexter_description) by extensions ['colcon_meta']
[0.121s] Level 1:colcon.colcon_core.package_identification:_identify(dexter_description) by extension 'colcon_meta'
[0.121s] Level 1:colcon.colcon_core.package_identification:_identify(dexter_description) by extensions ['ros']
[0.121s] Level 1:colcon.colcon_core.package_identification:_identify(dexter_description) by extension 'ros'
[0.123s] DEBUG:colcon.colcon_core.package_identification:Package 'dexter_description' with type 'ros.ament_cmake' and name 'dexter_description'
[0.124s] Level 1:colcon.colcon_core.package_identification:_identify(dexter_inventory) by extensions ['ignore', 'ignore_ament_install']
[0.124s] Level 1:colcon.colcon_core.package_identification:_identify(dexter_inventory) by extension 'ignore'
[0.124s] Level 1:colcon.colcon_core.package_identification:_identify(dexter_inventory) by extension 'ignore_ament_install'
[0.124s] Level 1:colcon.colcon_core.package_identification:_identify(dexter_inventory) by extensions ['colcon_pkg']
[0.124s] Level 1:colcon.colcon_core.package_identification:_identify(dexter_inventory) by extension 'colcon_pkg'
[0.124s] Level 1:colcon.colcon_core.package_identification:_identify(dexter_inventory) by extensions ['colcon_meta']
[0.124s] Level 1:colcon.colcon_core.package_identification:_identify(dexter_inventory) by extension 'colcon_meta'
[0.124s] Level 1:colcon.colcon_core.package_identification:_identify(dexter_inventory) by extensions ['ros']
[0.124s] Level 1:colcon.colcon_core.package_identification:_identify(dexter_inventory) by extension 'ros'
[0.124s] DEBUG:colcon.colcon_core.package_identification:Package 'dexter_inventory' with type 'ros.ament_python' and name 'dexter_inventory'
[0.124s] Level 1:colcon.colcon_core.package_identification:_identify(dexter_moveit) by extensions ['ignore', 'ignore_ament_install']
[0.124s] Level 1:colcon.colcon_core.package_identification:_identify(dexter_moveit) by extension 'ignore'
[0.124s] Level 1:colcon.colcon_core.package_identification:_identify(dexter_moveit) by extension 'ignore_ament_install'
[0.125s] Level 1:colcon.colcon_core.package_identification:_identify(dexter_moveit) by extensions ['colcon_pkg']
[0.125s] Level 1:colcon.colcon_core.package_identification:_identify(dexter_moveit) by extension 'colcon_pkg'
[0.125s] Level 1:colcon.colcon_core.package_identification:_identify(dexter_moveit) by extensions ['colcon_meta']
[0.125s] Level 1:colcon.colcon_core.package_identification:_identify(dexter_moveit) by extension 'colcon_meta'
[0.125s] Level 1:colcon.colcon_core.package_identification:_identify(dexter_moveit) by extensions ['ros']
[0.125s] Level 1:colcon.colcon_core.package_identification:_identify(dexter_moveit) by extension 'ros'
[0.125s] DEBUG:colcon.colcon_core.package_identification:Package 'dexter_moveit' with type 'ros.ament_cmake' and name 'dexter_moveit'
[0.125s] Level 1:colcon.colcon_core.package_identification:_identify(dexter_msgs) by extensions ['ignore', 'ignore_ament_install']
[0.125s] Level 1:colcon.colcon_core.package_identification:_identify(dexter_msgs) by extension 'ignore'
[0.125s] Level 1:colcon.colcon_core.package_identification:_identify(dexter_msgs) by extension 'ignore_ament_install'
[0.125s] Level 1:colcon.colcon_core.package_identification:_identify(dexter_msgs) by extensions ['colcon_pkg']
[0.125s] Level 1:colcon.colcon_core.package_identification:_identify(dexter_msgs) by extension 'colcon_pkg'
[0.125s] Level 1:colcon.colcon_core.package_identification:_identify(dexter_msgs) by extensions ['colcon_meta']
[0.125s] Level 1:colcon.colcon_core.package_identification:_identify(dexter_msgs) by extension 'colcon_meta'
[0.125s] Level 1:colcon.colcon_core.package_identification:_identify(dexter_msgs) by extensions ['ros']
[0.125s] Level 1:colcon.colcon_core.package_identification:_identify(dexter_msgs) by extension 'ros'
[0.126s] DEBUG:colcon.colcon_core.package_identification:Package 'dexter_msgs' with type 'ros.ament_cmake' and name 'dexter_msgs'
[0.126s] Level 1:colcon.colcon_core.package_identification:_identify(dexter_remote) by extensions ['ignore', 'ignore_ament_install']
[0.126s] Level 1:colcon.colcon_core.package_identification:_identify(dexter_remote) by extension 'ignore'
[0.126s] Level 1:colcon.colcon_core.package_identification:_identify(dexter_remote) by extension 'ignore_ament_install'
[0.126s] Level 1:colcon.colcon_core.package_identification:_identify(dexter_remote) by extensions ['colcon_pkg']
[0.126s] Level 1:colcon.colcon_core.package_identification:_identify(dexter_remote) by extension 'colcon_pkg'
[0.126s] Level 1:colcon.colcon_core.package_identification:_identify(dexter_remote) by extensions ['colcon_meta']
[0.126s] Level 1:colcon.colcon_core.package_identification:_identify(dexter_remote) by extension 'colcon_meta'
[0.126s] Level 1:colcon.colcon_core.package_identification:_identify(dexter_remote) by extensions ['ros']
[0.126s] Level 1:colcon.colcon_core.package_identification:_identify(dexter_remote) by extension 'ros'
[0.126s] DEBUG:colcon.colcon_core.package_identification:Package 'dexter_remote' with type 'ros.ament_cmake' and name 'dexter_remote'
[0.126s] Level 1:colcon.colcon_core.package_identification:_identify(dexter_utils) by extensions ['ignore', 'ignore_ament_install']
[0.126s] Level 1:colcon.colcon_core.package_identification:_identify(dexter_utils) by extension 'ignore'
[0.127s] Level 1:colcon.colcon_core.package_identification:_identify(dexter_utils) by extension 'ignore_ament_install'
[0.127s] Level 1:colcon.colcon_core.package_identification:_identify(dexter_utils) by extensions ['colcon_pkg']
[0.127s] Level 1:colcon.colcon_core.package_identification:_identify(dexter_utils) by extension 'colcon_pkg'
[0.127s] Level 1:colcon.colcon_core.package_identification:_identify(dexter_utils) by extensions ['colcon_meta']
[0.127s] Level 1:colcon.colcon_core.package_identification:_identify(dexter_utils) by extension 'colcon_meta'
[0.127s] Level 1:colcon.colcon_core.package_identification:_identify(dexter_utils) by extensions ['ros']
[0.127s] Level 1:colcon.colcon_core.package_identification:_identify(dexter_utils) by extension 'ros'
[0.127s] DEBUG:colcon.colcon_core.package_identification:Package 'dexter_utils' with type 'ros.ament_cmake' and name 'dexter_utils'
[0.127s] Level 1:colcon.colcon_core.package_identification:_identify(install) by extensions ['ignore', 'ignore_ament_install']
[0.127s] Level 1:colcon.colcon_core.package_identification:_identify(install) by extension 'ignore'
[0.127s] Level 1:colcon.colcon_core.package_identification:_identify(install) ignored
[0.127s] Level 1:colcon.colcon_core.package_identification:_identify(log) by extensions ['ignore', 'ignore_ament_install']
[0.127s] Level 1:colcon.colcon_core.package_identification:_identify(log) by extension 'ignore'
[0.127s] Level 1:colcon.colcon_core.package_identification:_identify(log) ignored
[0.127s] Level 1:colcon.colcon_core.package_discovery:discover_packages(recursive) using defaults
[0.127s] Level 1:colcon.colcon_core.package_discovery:discover_packages(ignore) discover
[0.127s] Level 1:colcon.colcon_core.package_discovery:discover_packages(ignore) using defaults
[0.127s] Level 1:colcon.colcon_core.package_discovery:discover_packages(path) discover
[0.127s] Level 1:colcon.colcon_core.package_discovery:discover_packages(path) using defaults
[0.141s] Level 5:colcon.colcon_core.verb:set package 'dexter_description' build argument 'cmake_args' from command line to 'None'
[0.142s] Level 5:colcon.colcon_core.verb:set package 'dexter_description' build argument 'cmake_target' from command line to 'None'
[0.142s] Level 5:colcon.colcon_core.verb:set package 'dexter_description' build argument 'cmake_target_skip_unavailable' from command line to 'False'
[0.142s] Level 5:colcon.colcon_core.verb:set package 'dexter_description' build argument 'cmake_clean_cache' from command line to 'False'
[0.142s] Level 5:colcon.colcon_core.verb:set package 'dexter_description' build argument 'cmake_clean_first' from command line to 'False'
[0.142s] Level 5:colcon.colcon_core.verb:set package 'dexter_description' build argument 'cmake_force_configure' from command line to 'False'
[0.142s] Level 5:colcon.colcon_core.verb:set package 'dexter_description' build argument 'ament_cmake_args' from command line to 'None'
[0.142s] Level 5:colcon.colcon_core.verb:set package 'dexter_description' build argument 'catkin_cmake_args' from command line to 'None'
[0.142s] Level 5:colcon.colcon_core.verb:set package 'dexter_description' build argument 'catkin_skip_building_tests' from command line to 'False'
[0.142s] DEBUG:colcon.colcon_core.verb:Building package 'dexter_description' with the following arguments: {'ament_cmake_args': None, 'build_base': '/home/aditya/Cpps/Dexter/build/dexter_description', 'catkin_cmake_args': None, 'catkin_skip_building_tests': False, 'cmake_args': None, 'cmake_clean_cache': False, 'cmake_clean_first': False, 'cmake_force_configure': False, 'cmake_target': None, 'cmake_target_skip_unavailable': False, 'install_base': '/home/aditya/Cpps/Dexter/install/dexter_description', 'merge_install': False, 'path': '/home/aditya/Cpps/Dexter/dexter_description', 'symlink_install': False, 'test_result_base': None}
[0.142s] Level 5:colcon.colcon_core.verb:set package 'dexter_msgs' build argument 'cmake_args' from command line to 'None'
[0.142s] Level 5:colcon.colcon_core.verb:set package 'dexter_msgs' build argument 'cmake_target' from command line to 'None'
[0.142s] Level 5:colcon.colcon_core.verb:set package 'dexter_msgs' build argument 'cmake_target_skip_unavailable' from command line to 'False'
[0.142s] Level 5:colcon.colcon_core.verb:set package 'dexter_msgs' build argument 'cmake_clean_cache' from command line to 'False'
[0.142s] Level 5:colcon.colcon_core.verb:set package 'dexter_msgs' build argument 'cmake_clean_first' from command line to 'False'
[0.142s] Level 5:colcon.colcon_core.verb:set package 'dexter_msgs' build argument 'cmake_force_configure' from command line to 'False'
[0.142s] Level 5:colcon.colcon_core.verb:set package 'dexter_msgs' build argument 'ament_cmake_args' from command line to 'None'
[0.142s] Level 5:colcon.colcon_core.verb:set package 'dexter_msgs' build argument 'catkin_cmake_args' from command line to 'None'
[0.142s] Level 5:colcon.colcon_core.verb:set package 'dexter_msgs' build argument 'catkin_skip_building_tests' from command line to 'False'
[0.142s] DEBUG:colcon.colcon_core.verb:Building package 'dexter_msgs' with the following arguments: {'ament_cmake_args': None, 'build_base': '/home/aditya/Cpps/Dexter/build/dexter_msgs', 'catkin_cmake_args': None, 'catkin_skip_building_tests': False, 'cmake_args': None, 'cmake_clean_cache': False, 'cmake_clean_first': False, 'cmake_force_configure': False, 'cmake_target': None, 'cmake_target_skip_unavailable': False, 'install_base': '/home/aditya/Cpps/Dexter/install/dexter_msgs', 'merge_install': False, 'path': '/home/aditya/Cpps/Dexter/dexter_msgs', 'symlink_install': False, 'test_result_base': None}
[0.142s] Level 5:colcon.colcon_core.verb:set package 'dexter_controller' build argument 'cmake_args' from command line to 'None'
[0.142s] Level 5:colcon.colcon_core.verb:set package 'dexter_controller' build argument 'cmake_target' from command line to 'None'
[0.142s] Level 5:colcon.colcon_core.verb:set package 'dexter_controller' build argument 'cmake_target_skip_unavailable' from command line to 'False'
[0.142s] Level 5:colcon.colcon_core.verb:set package 'dexter_controller' build argument 'cmake_clean_cache' from command line to 'False'
[0.142s] Level 5:colcon.colcon_core.verb:set package 'dexter_controller' build argument 'cmake_clean_first' from command line to 'False'
[0.142s] Level 5:colcon.colcon_core.verb:set package 'dexter_controller' build argument 'cmake_force_configure' from command line to 'False'
[0.142s] Level 5:colcon.colcon_core.verb:set package 'dexter_controller' build argument 'ament_cmake_args' from command line to 'None'
[0.142s] Level 5:colcon.colcon_core.verb:set package 'dexter_controller' build argument 'catkin_cmake_args' from command line to 'None'
[0.142s] Level 5:colcon.colcon_core.verb:set package 'dexter_controller' build argument 'catkin_skip_building_tests' from command line to 'False'
[0.142s] DEBUG:colcon.colcon_core.verb:Building package 'dexter_controller' with the following arguments: {'ament_cmake_args': None, 'build_base': '/home/aditya/Cpps/Dexter/build/dexter_controller', 'catkin_cmake_args': None, 'catkin_skip_building_tests': False, 'cmake_args': None, 'cmake_clean_cache': False, 'cmake_clean_first': False, 'cmake_force_configure': False, 'cmake_target': None, 'cmake_target_skip_unavailable': False, 'install_base': '/home/aditya/Cpps/Dexter/install/dexter_controller', 'merge_install': False, 'path': '/home/aditya/Cpps/Dexter/dexter_controller', 'symlink_install': False, 'test_result_base': None}
[0.142s] Level 5:colcon.colcon_core.verb:set package 'dexter_moveit' build argument 'cmake_args' from command line to 'None'
[0.142s] Level 5:colcon.colcon_core.verb:set package 'dexter_moveit' build argument 'cmake_target' from command line to 'None'
[0.142s] Level 5:colcon.colcon_core.verb:set package 'dexter_moveit' build argument 'cmake_target_skip_unavailable' from command line to 'False'
[0.142s] Level 5:colcon.colcon_core.verb:set package 'dexter_moveit' build argument 'cmake_clean_cache' from command line to 'False'
[0.142s] Level 5:colcon.colcon_core.verb:set package 'dexter_moveit' build argument 'cmake_clean_first' from command line to 'False'
[0.142s] Level 5:colcon.colcon_core.verb:set package 'dexter_moveit' build argument 'cmake_force_configure' from command line to 'False'
[0.142s] Level 5:colcon.colcon_core.verb:set package 'dexter_moveit' build argument 'ament_cmake_args' from command line to 'None'
[0.142s] Level 5:colcon.colcon_core.verb:set package 'dexter_moveit' build argument 'catkin_cmake_args' from command line to 'None'
[0.142s] Level 5:colcon.colcon_core.verb:set package 'dexter_moveit' build argument 'catkin_skip_building_tests' from command line to 'False'
[0.142s] DEBUG:colcon.colcon_core.verb:Building package 'dexter_moveit' with the following arguments: {'ament_cmake_args': None, 'build_base': '/home/aditya/Cpps/Dexter/build/dexter_moveit', 'catkin_cmake_args': None, 'catkin_skip_building_tests': False, 'cmake_args': None, 'cmake_clean_cache': False, 'cmake_clean_first': False, 'cmake_force_configure': False, 'cmake_target': None, 'cmake_target_skip_unavailable': False, 'install_base': '/home/aditya/Cpps/Dexter/install/dexter_moveit', 'merge_install': False, 'path': '/home/aditya/Cpps/Dexter/dexter_moveit', 'symlink_install': False, 'test_result_base': None}
[0.143s] Level 5:colcon.colcon_core.verb:set package 'dexter_utils' build argument 'cmake_args' from command line to 'None'
[0.143s] Level 5:colcon.colcon_core.verb:set package 'dexter_utils' build argument 'cmake_target' from command line to 'None'
[0.143s] Level 5:colcon.colcon_core.verb:set package 'dexter_utils' build argument 'cmake_target_skip_unavailable' from command line to 'False'
[0.143s] Level 5:colcon.colcon_core.verb:set package 'dexter_utils' build argument 'cmake_clean_cache' from command line to 'False'
[0.143s] Level 5:colcon.colcon_core.verb:set package 'dexter_utils' build argument 'cmake_clean_first' from command line to 'False'
[0.143s] Level 5:colcon.colcon_core.verb:set package 'dexter_utils' build argument 'cmake_force_configure' from command line to 'False'
[0.143s] Level 5:colcon.colcon_core.verb:set package 'dexter_utils' build argument 'ament_cmake_args' from command line to 'None'
[0.143s] Level 5:colcon.colcon_core.verb:set package 'dexter_utils' build argument 'catkin_cmake_args' from command line to 'None'
[0.143s] Level 5:colcon.colcon_core.verb:set package 'dexter_utils' build argument 'catkin_skip_building_tests' from command line to 'False'
[0.143s] DEBUG:colcon.colcon_core.verb:Building package 'dexter_utils' with the following arguments: {'ament_cmake_args': None, 'build_base': '/home/aditya/Cpps/Dexter/build/dexter_utils', 'catkin_cmake_args': None, 'catkin_skip_building_tests': False, 'cmake_args': None, 'cmake_clean_cache': False, 'cmake_clean_first': False, 'cmake_force_configure': False, 'cmake_target': None, 'cmake_target_skip_unavailable': False, 'install_base': '/home/aditya/Cpps/Dexter/install/dexter_utils', 'merge_install': False, 'path': '/home/aditya/Cpps/Dexter/dexter_utils', 'symlink_install': False, 'test_result_base': None}
[0.143s] Level 5:colcon.colcon_core.verb:set package 'dexter_inventory' build argument 'cmake_args' from command line to 'None'
[0.143s] Level 5:colcon.colcon_core.verb:set package 'dexter_inventory' build argument 'cmake_target' from command line to 'None'
[0.143s] Level 5:colcon.colcon_core.verb:set package 'dexter_inventory' build argument 'cmake_target_skip_unavailable' from command line to 'False'
[0.143s] Level 5:colcon.colcon_core.verb:set package 'dexter_inventory' build argument 'cmake_clean_cache' from command line to 'False'
[0.143s] Level 5:colcon.colcon_core.verb:set package 'dexter_inventory' build argument 'cmake_clean_first' from command line to 'False'
[0.143s] Level 5:colcon.colcon_core.verb:set package 'dexter_inventory' build argument 'cmake_force_configure' from command line to 'False'
[0.143s] Level 5:colcon.colcon_core.verb:set package 'dexter_inventory' build argument 'ament_cmake_args' from command line to 'None'
[0.143s] Level 5:colcon.colcon_core.verb:set package 'dexter_inventory' build argument 'catkin_cmake_args' from command line to 'None'
[0.143s] Level 5:colcon.colcon_core.verb:set package 'dexter_inventory' build argument 'catkin_skip_building_tests' from command line to 'False'
[0.143s] DEBUG:colcon.colcon_core.verb:Building package 'dexter_inventory' with the following arguments: {'ament_cmake_args': None, 'build_base': '/home/aditya/Cpps/Dexter/build/dexter_inventory', 'catkin_cmake_args': None, 'catkin_skip_building_tests': False, 'cmake_args': None, 'cmake_clean_cache': False, 'cmake_clean_first': False, 'cmake_force_configure': False, 'cmake_target': None, 'cmake_target_skip_unavailable': False, 'install_base': '/home/aditya/Cpps/Dexter/install/dexter_inventory', 'merge_install': False, 'path': '/home/aditya/Cpps/Dexter/dexter_inventory', 'symlink_install': False, 'test_result_base': None}
[0.143s] Level 5:colcon.colcon_core.verb:set package 'dexter_remote' build argument 'cmake_args' from command line to 'None'
[0.143s] Level 5:colcon.colcon_core.verb:set package 'dexter_remote' build argument 'cmake_target' from command line to 'None'
[0.143s] Level 5:colcon.colcon_core.verb:set package 'dexter_remote' build argument 'cmake_target_skip_unavailable' from command line to 'False'
[0.143s] Level 5:colcon.colcon_core.verb:set package 'dexter_remote' build argument 'cmake_clean_cache' from command line to 'False'
[0.143s] Level 5:colcon.colcon_core.verb:set package 'dexter_remote' build argument 'cmake_clean_first' from command line to 'False'
[0.143s] Level 5:colcon.colcon_core.verb:set package 'dexter_remote' build argument 'cmake_force_configure' from command line to 'False'
[0.143s] Level 5:colcon.colcon_core.verb:set package 'dexter_remote' build argument 'ament_cmake_args' from command line to 'None'
[0.143s] Level 5:colcon.colcon_core.verb:set package 'dexter_remote' build argument 'catkin_cmake_args' from command line to 'None'
[0.143s] Level 5:colcon.colcon_core.verb:set package 'dexter_remote' build argument 'catkin_skip_building_tests' from command line to 'False'
[0.143s] DEBUG:colcon.colcon_core.verb:Building package 'dexter_remote' with the following arguments: {'ament_cmake_args': None, 'build_base': '/home/aditya/Cpps/Dexter/build/dexter_remote', 'catkin_cmake_args': None, 'catkin_skip_building_tests': False, 'cmake_args': None, 'cmake_clean_cache': False, 'cmake_clean_first': False, 'cmake_force_configure': False, 'cmake_target': None, 'cmake_target_skip_unavailable': False, 'install_base': '/home/aditya/Cpps/Dexter/install/dexter_remote', 'merge_install': False, 'path': '/home/aditya/Cpps/Dexter/dexter_remote', 'symlink_install': False, 'test_result_base': None}
[0.143s] Level 5:colcon.colcon_core.verb:set package 'dexter_bringup' build argument 'cmake_args' from command line to 'None'
[0.143s] Level 5:colcon.colcon_core.verb:set package 'dexter_bringup' build argument 'cmake_target' from command line to 'None'
[0.143s] Level 5:colcon.colcon_core.verb:set package 'dexter_bringup' build argument 'cmake_target_skip_unavailable' from command line to 'False'
[0.143s] Level 5:colcon.colcon_core.verb:set package 'dexter_bringup' build argument 'cmake_clean_cache' from command line to 'False'
[0.143s] Level 5:colcon.colcon_core.verb:set package 'dexter_bringup' build argument 'cmake_clean_first' from command line to 'False'
[0.143s] Level 5:colcon.colcon_core.verb:set package 'dexter_bringup' build argument 'cmake_force_configure' from command line to 'False'
[0.143s] Level 5:colcon.colcon_core.verb:set package 'dexter_bringup' build argument 'ament_cmake_args' from command line to 'None'
[0.143s] Level 5:colcon.colcon_core.verb:set package 'dexter_bringup' build argument 'catkin_cmake_args' from command line to 'None'
[0.143s] Level 5:colcon.colcon_core.verb:set package 'dexter_bringup' build argument 'catkin_skip_building_tests' from command line to 'False'
[0.143s] DEBUG:colcon.colcon_core.verb:Building package 'dexter_bringup' with the following arguments: {'ament_cmake_args': None, 'build_base': '/home/aditya/Cpps/Dexter/build/dexter_bringup', 'catkin_cmake_args': None, 'catkin_skip_building_tests': False, 'cmake_args': None, 'cmake_clean_cache': False, 'cmake_clean_first': False, 'cmake_force_configure': False, 'cmake_target': None, 'cmake_target_skip_unavailable': False, 'install_base': '/home/aditya/Cpps/Dexter/install/dexter_bringup', 'merge_install': False, 'path': '/home/aditya/Cpps/Dexter/dexter_bringup', 'symlink_install': False, 'test_result_base': None}
[0.144s] INFO:colcon.colcon_core.executor:Executing jobs using 'parallel' executor
[0.145s] DEBUG:colcon.colcon_parallel_executor.executor.parallel:run_until_complete
[0.145s] INFO:colcon.colcon_ros.task.ament_cmake.build:Building ROS package in '/home/aditya/Cpps/Dexter/dexter_description' with build type 'ament_cmake'
[0.145s] INFO:colcon.colcon_cmake.task.cmake.build:Building CMake package in '/home/aditya/Cpps/Dexter/dexter_description'
[0.148s] INFO:colcon.colcon_core.plugin_system:Skipping extension 'colcon_core.shell.bat': Not used on non-Windows systems
[0.148s] DEBUG:colcon.colcon_core.shell:Skip shell extension 'dsv' for command environment
[0.152s] INFO:colcon.colcon_ros.task.ament_cmake.build:Building ROS package in '/home/aditya/Cpps/Dexter/dexter_msgs' with build type 'ament_cmake'
[0.152s] INFO:colcon.colcon_cmake.task.cmake.build:Building CMake package in '/home/aditya/Cpps/Dexter/dexter_msgs'
[0.152s] DEBUG:colcon.colcon_core.shell:Skip shell extension 'dsv' for command environment
[0.159s] DEBUG:colcon.colcon_core.event_handler.log_command:Invoking command in '/home/aditya/Cpps/Dexter/build/dexter_description': CMAKE_PREFIX_PATH=${CMAKE_PREFIX_PATH}:/home/aditya/Cpps/Dexter/install/dexter_inventory:/home/aditya/ros2_ws/install/my_py_pkg:/opt/ros/jazzy DEBUGINFOD_URLS=https://debuginfod.ubuntu.com PS1=\[\e]0;\u@\h: \w\a\]${debian_chroot:+($debian_chroot)}\[\033[01;32m\]\u@\h\[\033[00m\]:\[\033[01;34m\]\w\[\033[00m\]\$ VIRTUAL_ENV_PROMPT=(venv-ardupilot) /usr/bin/cmake --build /home/aditya/Cpps/Dexter/build/dexter_description -- -j28 -l28
[0.163s] DEBUG:colcon.colcon_core.event_handler.log_command:Invoking command in '/home/aditya/Cpps/Dexter/build/dexter_msgs': CMAKE_PREFIX_PATH=${CMAKE_PREFIX_PATH}:/home/aditya/Cpps/Dexter/install/dexter_inventory:/home/aditya/ros2_ws/install/my_py_pkg:/opt/ros/jazzy DEBUGINFOD_URLS=https://debuginfod.ubuntu.com PS1=\[\e]0;\u@\h: \w\a\]${debian_chroot:+($debian_chroot)}\[\033[01;32m\]\u@\h\[\033[00m\]:\[\033[01;34m\]\w\[\033[00m\]\$ VIRTUAL_ENV_PROMPT=(venv-ardupilot) /usr/bin/cmake --build /home/aditya/Cpps/Dexter/build/dexter_msgs -- -j28 -l28
[0.196s] DEBUG:colcon.colcon_core.event_handler.log_command:Invoked command in '/home/aditya/Cpps/Dexter/build/dexter_description' returned '0': CMAKE_PREFIX_PATH=${CMAKE_PREFIX_PATH}:/home/aditya/Cpps/Dexter/install/dexter_inventory:/home/aditya/ros2_ws/install/my_py_pkg:/opt/ros/jazzy DEBUGINFOD_URLS=https://debuginfod.ubuntu.com PS1=\[\e]0;\u@\h: \w\a\]${debian_chroot:+($debian_chroot)}\[\033[01;32m\]\u@\h\[\033[00m\]:\[\033[01;34m\]\w\[\033[00m\]\$ VIRTUAL_ENV_PROMPT=(venv-ardupilot) /usr/bin/cmake --build /home/aditya/Cpps/Dexter/build/dexter_description -- -j28 -l28
[0.207s] DEBUG:colcon.colcon_core.event_handler.log_command:Invoking command in '/home/aditya/Cpps/Dexter/build/dexter_description': CMAKE_PREFIX_PATH=${CMAKE_PREFIX_PATH}:/home/aditya/Cpps/Dexter/install/dexter_inventory:/home/aditya/ros2_ws/install/my_py_pkg:/opt/ros/jazzy DEBUGINFOD_URLS=https://debuginfod.ubuntu.com PS1=\[\e]0;\u@\h: \w\a\]${debian_chroot:+($debian_chroot)}\[\033[01;32m\]\u@\h\[\033[00m\]:\[\033[01;34m\]\w\[\033[00m\]\$ VIRTUAL_ENV_PROMPT=(venv-ardupilot) /usr/bin/cmake --install /home/aditya/Cpps/Dexter/build/dexter_description
[0.219s] Level 1:colcon.colcon_core.environment:create_environment_scripts_only(dexter_description)
[0.220s] DEBUG:colcon.colcon_core.event_handler.log_command:Invoked command in '/home/aditya/Cpps/Dexter/build/dexter_description' returned '0': CMAKE_PREFIX_PATH=${CMAKE_PREFIX_PATH}:/home/aditya/Cpps/Dexter/install/dexter_inventory:/home/aditya/ros2_ws/install/my_py_pkg:/opt/ros/jazzy DEBUGINFOD_URLS=https://debuginfod.ubuntu.com PS1=\[\e]0;\u@\h: \w\a\]${debian_chroot:+($debian_chroot)}\[\033[01;32m\]\u@\h\[\033[00m\]:\[\033[01;34m\]\w\[\033[00m\]\$ VIRTUAL_ENV_PROMPT=(venv-ardupilot) /usr/bin/cmake --install /home/aditya/Cpps/Dexter/build/dexter_description
[0.221s] Level 1:colcon.colcon_core.environment:checking '/home/aditya/Cpps/Dexter/install/dexter_description' for CMake module files
[0.222s] Level 1:colcon.colcon_core.environment:checking '/home/aditya/Cpps/Dexter/install/dexter_description' for CMake config files
[0.222s] Level 1:colcon.colcon_core.shell:create_environment_hook('dexter_description', 'cmake_prefix_path')
[0.222s] INFO:colcon.colcon_core.shell:Creating environment descriptor '/home/aditya/Cpps/Dexter/install/dexter_description/share/dexter_description/hook/cmake_prefix_path.dsv'
[0.222s] INFO:colcon.colcon_core.shell:Creating environment hook '/home/aditya/Cpps/Dexter/install/dexter_description/share/dexter_description/hook/cmake_prefix_path.sh'
[0.223s] Level 1:colcon.colcon_core.environment:checking '/home/aditya/Cpps/Dexter/install/dexter_description/bin'
[0.223s] Level 1:colcon.colcon_core.environment:checking '/home/aditya/Cpps/Dexter/install/dexter_description/lib/pkgconfig/dexter_description.pc'
[0.225s] Level 1:colcon.colcon_core.environment:checking '/home/aditya/Cpps/Dexter/install/dexter_description/lib/python3.12/site-packages'
[0.225s] Level 1:colcon.colcon_core.environment:checking '/home/aditya/Cpps/Dexter/install/dexter_description/bin'
[0.225s] INFO:colcon.colcon_core.shell:Creating package descriptor '/home/aditya/Cpps/Dexter/install/dexter_description/share/dexter_description/package.dsv'
[0.226s] INFO:colcon.colcon_core.shell:Creating package script '/home/aditya/Cpps/Dexter/install/dexter_description/share/dexter_description/package.sh'
[0.226s] INFO:colcon.colcon_core.shell:Creating package script '/home/aditya/Cpps/Dexter/install/dexter_description/share/dexter_description/package.bash'
[0.227s] INFO:colcon.colcon_core.shell:Creating package script '/home/aditya/Cpps/Dexter/install/dexter_description/share/dexter_description/package.zsh'
[0.227s] Level 1:colcon.colcon_core.environment:create_file_with_runtime_dependencies(/home/aditya/Cpps/Dexter/install/dexter_description/share/colcon-core/packages/dexter_description)
[0.227s] Level 1:colcon.colcon_core.environment:create_environment_scripts_only(dexter_description)
[0.228s] Level 1:colcon.colcon_core.environment:checking '/home/aditya/Cpps/Dexter/install/dexter_description' for CMake module files
[0.228s] Level 1:colcon.colcon_core.environment:checking '/home/aditya/Cpps/Dexter/install/dexter_description' for CMake config files
[0.228s] Level 1:colcon.colcon_core.shell:create_environment_hook('dexter_description', 'cmake_prefix_path')
[0.228s] INFO:colcon.colcon_core.shell:Creating environment descriptor '/home/aditya/Cpps/Dexter/install/dexter_description/share/dexter_description/hook/cmake_prefix_path.dsv'
[0.228s] INFO:colcon.colcon_core.shell:Creating environment hook '/home/aditya/Cpps/Dexter/install/dexter_description/share/dexter_description/hook/cmake_prefix_path.sh'
[0.229s] Level 1:colcon.colcon_core.environment:checking '/home/aditya/Cpps/Dexter/install/dexter_description/bin'
[0.229s] Level 1:colcon.colcon_core.environment:checking '/home/aditya/Cpps/Dexter/install/dexter_description/lib/pkgconfig/dexter_description.pc'
[0.229s] Level 1:colcon.colcon_core.environment:checking '/home/aditya/Cpps/Dexter/install/dexter_description/lib/python3.12/site-packages'
[0.229s] Level 1:colcon.colcon_core.environment:checking '/home/aditya/Cpps/Dexter/install/dexter_description/bin'
[0.229s] INFO:colcon.colcon_core.shell:Creating package descriptor '/home/aditya/Cpps/Dexter/install/dexter_description/share/dexter_description/package.dsv'
[0.230s] INFO:colcon.colcon_core.shell:Creating package script '/home/aditya/Cpps/Dexter/install/dexter_description/share/dexter_description/package.sh'
[0.230s] INFO:colcon.colcon_core.shell:Creating package script '/home/aditya/Cpps/Dexter/install/dexter_description/share/dexter_description/package.bash'
[0.230s] INFO:colcon.colcon_core.shell:Creating package script '/home/aditya/Cpps/Dexter/install/dexter_description/share/dexter_description/package.zsh'
[0.230s] Level 1:colcon.colcon_core.environment:create_file_with_runtime_dependencies(/home/aditya/Cpps/Dexter/install/dexter_description/share/colcon-core/packages/dexter_description)
[0.231s] INFO:colcon.colcon_ros.task.ament_cmake.build:Building ROS package in '/home/aditya/Cpps/Dexter/dexter_moveit' with build type 'ament_cmake'
[0.231s] INFO:colcon.colcon_cmake.task.cmake.build:Building CMake package in '/home/aditya/Cpps/Dexter/dexter_moveit'
[0.231s] DEBUG:colcon.colcon_core.shell:Skip shell extension 'dsv' for command environment
[0.234s] INFO:colcon.colcon_ros.task.ament_cmake.build:Building ROS package in '/home/aditya/Cpps/Dexter/dexter_controller' with build type 'ament_cmake'
[0.234s] INFO:colcon.colcon_cmake.task.cmake.build:Building CMake package in '/home/aditya/Cpps/Dexter/dexter_controller'
[0.234s] DEBUG:colcon.colcon_core.shell:Skip shell extension 'dsv' for command environment
[0.240s] DEBUG:colcon.colcon_core.event_handler.log_command:Invoking command in '/home/aditya/Cpps/Dexter/build/dexter_moveit': CMAKE_PREFIX_PATH=/home/aditya/Cpps/Dexter/install/dexter_description:/home/aditya/Cpps/Dexter/install/dexter_utils:/home/aditya/Cpps/Dexter/install/dexter_bringup:/home/aditya/Cpps/Dexter/install/dexter_remote:/home/aditya/Cpps/Dexter/install/dexter_msgs:/home/aditya/Cpps/Dexter/install/dexter_moveit:/home/aditya/Cpps/Dexter/install/dexter_controller:/home/aditya/ros2_ws/install/my_robot_bringup:/home/aditya/ros2_ws/install/my_cpp_pkg:/home/aditya/ros2_ws/install/my_robot_interfaces:/opt/ros/jazzy/opt/gz_sim_vendor:/opt/ros/jazzy/opt/gz_sensors_vendor:/opt/ros/jazzy/opt/gz_physics_vendor:/opt/ros/jazzy/opt/sdformat_vendor:/opt/ros/jazzy/opt/gz_gui_vendor:/opt/ros/jazzy/opt/gz_transport_vendor:/opt/ros/jazzy/opt/gz_rendering_vendor:/opt/ros/jazzy/opt/gz_plugin_vendor:/opt/ros/jazzy/opt/gz_fuel_tools_vendor:/opt/ros/jazzy/opt/gz_msgs_vendor:/opt/ros/jazzy/opt/gz_common_vendor:/opt/ros/jazzy/opt/gz_math_vendor:/opt/ros/jazzy/opt/gz_utils_vendor:/opt/ros/jazzy/opt/gz_tools_vendor:/opt/ros/jazzy/opt/gz_ogre_next_vendor:/opt/ros/jazzy/opt/gz_dartsim_vendor:/opt/ros/jazzy/opt/gz_cmake_vendor:/home/aditya/Cpps/Dexter/install/dexter_inventory:/home/aditya/ros2_ws/install/my_py_pkg:/opt/ros/jazzy DEBUGINFOD_URLS=https://debuginfod.ubuntu.com PS1=\[\e]0;\u@\h: \w\a\]${debian_chroot:+($debian_chroot)}\[\033[01;32m\]\u@\h\[\033[00m\]:\[\033[01;34m\]\w\[\033[00m\]\$ VIRTUAL_ENV_PROMPT=(venv-ardupilot) /usr/bin/cmake --build /home/aditya/Cpps/Dexter/build/dexter_moveit -- -j28 -l28
[0.242s] DEBUG:colcon.colcon_core.event_handler.log_command:Invoking command in '/home/aditya/Cpps/Dexter/build/dexter_controller': CMAKE_PREFIX_PATH=/home/aditya/Cpps/Dexter/install/dexter_description:/home/aditya/Cpps/Dexter/install/dexter_utils:/home/aditya/Cpps/Dexter/install/dexter_bringup:/home/aditya/Cpps/Dexter/install/dexter_remote:/home/aditya/Cpps/Dexter/install/dexter_msgs:/home/aditya/Cpps/Dexter/install/dexter_moveit:/home/aditya/Cpps/Dexter/install/dexter_controller:/home/aditya/ros2_ws/install/my_robot_bringup:/home/aditya/ros2_ws/install/my_cpp_pkg:/home/aditya/ros2_ws/install/my_robot_interfaces:/opt/ros/jazzy/opt/gz_sim_vendor:/opt/ros/jazzy/opt/gz_sensors_vendor:/opt/ros/jazzy/opt/gz_physics_vendor:/opt/ros/jazzy/opt/sdformat_vendor:/opt/ros/jazzy/opt/gz_gui_vendor:/opt/ros/jazzy/opt/gz_transport_vendor:/opt/ros/jazzy/opt/gz_rendering_vendor:/opt/ros/jazzy/opt/gz_plugin_vendor:/opt/ros/jazzy/opt/gz_fuel_tools_vendor:/opt/ros/jazzy/opt/gz_msgs_vendor:/opt/ros/jazzy/opt/gz_common_vendor:/opt/ros/jazzy/opt/gz_math_vendor:/opt/ros/jazzy/opt/gz_utils_vendor:/opt/ros/jazzy/opt/gz_tools_vendor:/opt/ros/jazzy/opt/gz_ogre_next_vendor:/opt/ros/jazzy/opt/gz_dartsim_vendor:/opt/ros/jazzy/opt/gz_cmake_vendor:/home/aditya/Cpps/Dexter/install/dexter_inventory:/home/aditya/ros2_ws/install/my_py_pkg:/opt/ros/jazzy DEBUGINFOD_URLS=https://debuginfod.ubuntu.com PS1=\[\e]0;\u@\h: \w\a\]${debian_chroot:+($debian_chroot)}\[\033[01;32m\]\u@\h\[\033[00m\]:\[\033[01;34m\]\w\[\033[00m\]\$ VIRTUAL_ENV_PROMPT=(venv-ardupilot) /usr/bin/cmake --build /home/aditya/Cpps/Dexter/build/dexter_controller -- -j28 -l28
[0.284s] DEBUG:colcon.colcon_core.event_handler.log_command:Invoked command in '/home/aditya/Cpps/Dexter/build/dexter_moveit' returned '0': CMAKE_PREFIX_PATH=/home/aditya/Cpps/Dexter/install/dexter_description:/home/aditya/Cpps/Dexter/install/dexter_utils:/home/aditya/Cpps/Dexter/install/dexter_bringup:/home/aditya/Cpps/Dexter/install/dexter_remote:/home/aditya/Cpps/Dexter/install/dexter_msgs:/home/aditya/Cpps/Dexter/install/dexter_moveit:/home/aditya/Cpps/Dexter/install/dexter_controller:/home/aditya/ros2_ws/install/my_robot_bringup:/home/aditya/ros2_ws/install/my_cpp_pkg:/home/aditya/ros2_ws/install/my_robot_interfaces:/opt/ros/jazzy/opt/gz_sim_vendor:/opt/ros/jazzy/opt/gz_sensors_vendor:/opt/ros/jazzy/opt/gz_physics_vendor:/opt/ros/jazzy/opt/sdformat_vendor:/opt/ros/jazzy/opt/gz_gui_vendor:/opt/ros/jazzy/opt/gz_transport_vendor:/opt/ros/jazzy/opt/gz_rendering_vendor:/opt/ros/jazzy/opt/gz_plugin_vendor:/opt/ros/jazzy/opt/gz_fuel_tools_vendor:/opt/ros/jazzy/opt/gz_msgs_vendor:/opt/ros/jazzy/opt/gz_common_vendor:/opt/ros/jazzy/opt/gz_math_vendor:/opt/ros/jazzy/opt/gz_utils_vendor:/opt/ros/jazzy/opt/gz_tools_vendor:/opt/ros/jazzy/opt/gz_ogre_next_vendor:/opt/ros/jazzy/opt/gz_dartsim_vendor:/opt/ros/jazzy/opt/gz_cmake_vendor:/home/aditya/Cpps/Dexter/install/dexter_inventory:/home/aditya/ros2_ws/install/my_py_pkg:/opt/ros/jazzy DEBUGINFOD_URLS=https://debuginfod.ubuntu.com PS1=\[\e]0;\u@\h: \w\a\]${debian_chroot:+($debian_chroot)}\[\033[01;32m\]\u@\h\[\033[00m\]:\[\033[01;34m\]\w\[\033[00m\]\$ VIRTUAL_ENV_PROMPT=(venv-ardupilot) /usr/bin/cmake --build /home/aditya/Cpps/Dexter/build/dexter_moveit -- -j28 -l28
[0.285s] DEBUG:colcon.colcon_core.event_handler.log_command:Invoking command in '/home/aditya/Cpps/Dexter/build/dexter_moveit': CMAKE_PREFIX_PATH=/home/aditya/Cpps/Dexter/install/dexter_description:/home/aditya/Cpps/Dexter/install/dexter_utils:/home/aditya/Cpps/Dexter/install/dexter_bringup:/home/aditya/Cpps/Dexter/install/dexter_remote:/home/aditya/Cpps/Dexter/install/dexter_msgs:/home/aditya/Cpps/Dexter/install/dexter_moveit:/home/aditya/Cpps/Dexter/install/dexter_controller:/home/aditya/ros2_ws/install/my_robot_bringup:/home/aditya/ros2_ws/install/my_cpp_pkg:/home/aditya/ros2_ws/install/my_robot_interfaces:/opt/ros/jazzy/opt/gz_sim_vendor:/opt/ros/jazzy/opt/gz_sensors_vendor:/opt/ros/jazzy/opt/gz_physics_vendor:/opt/ros/jazzy/opt/sdformat_vendor:/opt/ros/jazzy/opt/gz_gui_vendor:/opt/ros/jazzy/opt/gz_transport_vendor:/opt/ros/jazzy/opt/gz_rendering_vendor:/opt/ros/jazzy/opt/gz_plugin_vendor:/opt/ros/jazzy/opt/gz_fuel_tools_vendor:/opt/ros/jazzy/opt/gz_msgs_vendor:/opt/ros/jazzy/opt/gz_common_vendor:/opt/ros/jazzy/opt/gz_math_vendor:/opt/ros/jazzy/opt/gz_utils_vendor:/opt/ros/jazzy/opt/gz_tools_vendor:/opt/ros/jazzy/opt/gz_ogre_next_vendor:/opt/ros/jazzy/opt/gz_dartsim_vendor:/opt/ros/jazzy/opt/gz_cmake_vendor:/home/aditya/Cpps/Dexter/install/dexter_inventory:/home/aditya/ros2_ws/install/my_py_pkg:/opt/ros/jazzy DEBUGINFOD_URLS=https://debuginfod.ubuntu.com PS1=\[\e]0;\u@\h: \w\a\]${debian_chroot:+($debian_chroot)}\[\033[01;32m\]\u@\h\[\033[00m\]:\[\033[01;34m\]\w\[\033[00m\]\$ VIRTUAL_ENV_PROMPT=(venv-ardupilot) /usr/bin/cmake --install /home/aditya/Cpps/Dexter/build/dexter_moveit
[0.299s] Level 1:colcon.colcon_core.environment:create_environment_scripts_only(dexter_moveit)
[0.299s] Level 1:colcon.colcon_core.environment:checking '/home/aditya/Cpps/Dexter/install/dexter_moveit' for CMake module files
[0.300s] DEBUG:colcon.colcon_core.event_handler.log_command:Invoked command in '/home/aditya/Cpps/Dexter/build/dexter_moveit' returned '0': CMAKE_PREFIX_PATH=/home/aditya/Cpps/Dexter/install/dexter_description:/home/aditya/Cpps/Dexter/install/dexter_utils:/home/aditya/Cpps/Dexter/install/dexter_bringup:/home/aditya/Cpps/Dexter/install/dexter_remote:/home/aditya/Cpps/Dexter/install/dexter_msgs:/home/aditya/Cpps/Dexter/install/dexter_moveit:/home/aditya/Cpps/Dexter/install/dexter_controller:/home/aditya/ros2_ws/install/my_robot_bringup:/home/aditya/ros2_ws/install/my_cpp_pkg:/home/aditya/ros2_ws/install/my_robot_interfaces:/opt/ros/jazzy/opt/gz_sim_vendor:/opt/ros/jazzy/opt/gz_sensors_vendor:/opt/ros/jazzy/opt/gz_physics_vendor:/opt/ros/jazzy/opt/sdformat_vendor:/opt/ros/jazzy/opt/gz_gui_vendor:/opt/ros/jazzy/opt/gz_transport_vendor:/opt/ros/jazzy/opt/gz_rendering_vendor:/opt/ros/jazzy/opt/gz_plugin_vendor:/opt/ros/jazzy/opt/gz_fuel_tools_vendor:/opt/ros/jazzy/opt/gz_msgs_vendor:/opt/ros/jazzy/opt/gz_common_vendor:/opt/ros/jazzy/opt/gz_math_vendor:/opt/ros/jazzy/opt/gz_utils_vendor:/opt/ros/jazzy/opt/gz_tools_vendor:/opt/ros/jazzy/opt/gz_ogre_next_vendor:/opt/ros/jazzy/opt/gz_dartsim_vendor:/opt/ros/jazzy/opt/gz_cmake_vendor:/home/aditya/Cpps/Dexter/install/dexter_inventory:/home/aditya/ros2_ws/install/my_py_pkg:/opt/ros/jazzy DEBUGINFOD_URLS=https://debuginfod.ubuntu.com PS1=\[\e]0;\u@\h: \w\a\]${debian_chroot:+($debian_chroot)}\[\033[01;32m\]\u@\h\[\033[00m\]:\[\033[01;34m\]\w\[\033[00m\]\$ VIRTUAL_ENV_PROMPT=(venv-ardupilot) /usr/bin/cmake --install /home/aditya/Cpps/Dexter/build/dexter_moveit
[0.301s] Level 1:colcon.colcon_core.environment:checking '/home/aditya/Cpps/Dexter/install/dexter_moveit' for CMake config files
[0.301s] Level 1:colcon.colcon_core.shell:create_environment_hook('dexter_moveit', 'cmake_prefix_path')
[0.301s] INFO:colcon.colcon_core.shell:Creating environment descriptor '/home/aditya/Cpps/Dexter/install/dexter_moveit/share/dexter_moveit/hook/cmake_prefix_path.dsv'
[0.301s] INFO:colcon.colcon_core.shell:Creating environment hook '/home/aditya/Cpps/Dexter/install/dexter_moveit/share/dexter_moveit/hook/cmake_prefix_path.sh'
[0.302s] Level 1:colcon.colcon_core.environment:checking '/home/aditya/Cpps/Dexter/install/dexter_moveit/bin'
[0.302s] Level 1:colcon.colcon_core.environment:checking '/home/aditya/Cpps/Dexter/install/dexter_moveit/lib/pkgconfig/dexter_moveit.pc'
[0.302s] Level 1:colcon.colcon_core.environment:checking '/home/aditya/Cpps/Dexter/install/dexter_moveit/lib/python3.12/site-packages'
[0.303s] Level 1:colcon.colcon_core.environment:checking '/home/aditya/Cpps/Dexter/install/dexter_moveit/bin'
[0.303s] INFO:colcon.colcon_core.shell:Creating package descriptor '/home/aditya/Cpps/Dexter/install/dexter_moveit/share/dexter_moveit/package.dsv'
[0.303s] INFO:colcon.colcon_core.shell:Creating package script '/home/aditya/Cpps/Dexter/install/dexter_moveit/share/dexter_moveit/package.sh'
[0.304s] INFO:colcon.colcon_core.shell:Creating package script '/home/aditya/Cpps/Dexter/install/dexter_moveit/share/dexter_moveit/package.bash'
[0.304s] INFO:colcon.colcon_core.shell:Creating package script '/home/aditya/Cpps/Dexter/install/dexter_moveit/share/dexter_moveit/package.zsh'
[0.304s] Level 1:colcon.colcon_core.environment:create_file_with_runtime_dependencies(/home/aditya/Cpps/Dexter/install/dexter_moveit/share/colcon-core/packages/dexter_moveit)
[0.305s] Level 1:colcon.colcon_core.environment:create_environment_scripts_only(dexter_moveit)
[0.305s] Level 1:colcon.colcon_core.environment:checking '/home/aditya/Cpps/Dexter/install/dexter_moveit' for CMake module files
[0.305s] Level 1:colcon.colcon_core.environment:checking '/home/aditya/Cpps/Dexter/install/dexter_moveit' for CMake config files
[0.305s] Level 1:colcon.colcon_core.shell:create_environment_hook('dexter_moveit', 'cmake_prefix_path')
[0.305s] INFO:colcon.colcon_core.shell:Creating environment descriptor '/home/aditya/Cpps/Dexter/install/dexter_moveit/share/dexter_moveit/hook/cmake_prefix_path.dsv'
[0.306s] INFO:colcon.colcon_core.shell:Creating environment hook '/home/aditya/Cpps/Dexter/install/dexter_moveit/share/dexter_moveit/hook/cmake_prefix_path.sh'
[0.306s] Level 1:colcon.colcon_core.environment:checking '/home/aditya/Cpps/Dexter/install/dexter_moveit/bin'
[0.306s] Level 1:colcon.colcon_core.environment:checking '/home/aditya/Cpps/Dexter/install/dexter_moveit/lib/pkgconfig/dexter_moveit.pc'
[0.306s] Level 1:colcon.colcon_core.environment:checking '/home/aditya/Cpps/Dexter/install/dexter_moveit/lib/python3.12/site-packages'
[0.307s] Level 1:colcon.colcon_core.environment:checking '/home/aditya/Cpps/Dexter/install/dexter_moveit/bin'
[0.307s] INFO:colcon.colcon_core.shell:Creating package descriptor '/home/aditya/Cpps/Dexter/install/dexter_moveit/share/dexter_moveit/package.dsv'
[0.307s] INFO:colcon.colcon_core.shell:Creating package script '/home/aditya/Cpps/Dexter/install/dexter_moveit/share/dexter_moveit/package.sh'
[0.308s] INFO:colcon.colcon_core.shell:Creating package script '/home/aditya/Cpps/Dexter/install/dexter_moveit/share/dexter_moveit/package.bash'
[0.309s] INFO:colcon.colcon_core.shell:Creating package script '/home/aditya/Cpps/Dexter/install/dexter_moveit/share/dexter_moveit/package.zsh'
[0.309s] Level 1:colcon.colcon_core.environment:create_file_with_runtime_dependencies(/home/aditya/Cpps/Dexter/install/dexter_moveit/share/colcon-core/packages/dexter_moveit)
[0.610s] DEBUG:colcon.colcon_core.event_handler.log_command:Invoked command in '/home/aditya/Cpps/Dexter/build/dexter_msgs' returned '0': CMAKE_PREFIX_PATH=${CMAKE_PREFIX_PATH}:/home/aditya/Cpps/Dexter/install/dexter_inventory:/home/aditya/ros2_ws/install/my_py_pkg:/opt/ros/jazzy DEBUGINFOD_URLS=https://debuginfod.ubuntu.com PS1=\[\e]0;\u@\h: \w\a\]${debian_chroot:+($debian_chroot)}\[\033[01;32m\]\u@\h\[\033[00m\]:\[\033[01;34m\]\w\[\033[00m\]\$ VIRTUAL_ENV_PROMPT=(venv-ardupilot) /usr/bin/cmake --build /home/aditya/Cpps/Dexter/build/dexter_msgs -- -j28 -l28
[0.611s] DEBUG:colcon.colcon_core.event_handler.log_command:Invoking command in '/home/aditya/Cpps/Dexter/build/dexter_msgs': CMAKE_PREFIX_PATH=${CMAKE_PREFIX_PATH}:/home/aditya/Cpps/Dexter/install/dexter_inventory:/home/aditya/ros2_ws/install/my_py_pkg:/opt/ros/jazzy DEBUGINFOD_URLS=https://debuginfod.ubuntu.com PS1=\[\e]0;\u@\h: \w\a\]${debian_chroot:+($debian_chroot)}\[\033[01;32m\]\u@\h\[\033[00m\]:\[\033[01;34m\]\w\[\033[00m\]\$ VIRTUAL_ENV_PROMPT=(venv-ardupilot) /usr/bin/cmake --install /home/aditya/Cpps/Dexter/build/dexter_msgs
[0.685s] Level 1:colcon.colcon_core.environment:create_environment_scripts_only(dexter_msgs)
[0.685s] Level 1:colcon.colcon_core.environment:checking '/home/aditya/Cpps/Dexter/install/dexter_msgs' for CMake module files
[0.686s] DEBUG:colcon.colcon_core.event_handler.log_command:Invoked command in '/home/aditya/Cpps/Dexter/build/dexter_msgs' returned '0': CMAKE_PREFIX_PATH=${CMAKE_PREFIX_PATH}:/home/aditya/Cpps/Dexter/install/dexter_inventory:/home/aditya/ros2_ws/install/my_py_pkg:/opt/ros/jazzy DEBUGINFOD_URLS=https://debuginfod.ubuntu.com PS1=\[\e]0;\u@\h: \w\a\]${debian_chroot:+($debian_chroot)}\[\033[01;32m\]\u@\h\[\033[00m\]:\[\033[01;34m\]\w\[\033[00m\]\$ VIRTUAL_ENV_PROMPT=(venv-ardupilot) /usr/bin/cmake --install /home/aditya/Cpps/Dexter/build/dexter_msgs
[0.687s] Level 1:colcon.colcon_core.environment:checking '/home/aditya/Cpps/Dexter/install/dexter_msgs' for CMake config files
[0.687s] Level 1:colcon.colcon_core.shell:create_environment_hook('dexter_msgs', 'cmake_prefix_path')
[0.687s] INFO:colcon.colcon_core.shell:Creating environment descriptor '/home/aditya/Cpps/Dexter/install/dexter_msgs/share/dexter_msgs/hook/cmake_prefix_path.dsv'
[0.688s] INFO:colcon.colcon_core.shell:Creating environment hook '/home/aditya/Cpps/Dexter/install/dexter_msgs/share/dexter_msgs/hook/cmake_prefix_path.sh'
[0.688s] Level 1:colcon.colcon_core.environment:checking '/home/aditya/Cpps/Dexter/install/dexter_msgs/lib'
[0.688s] Level 1:colcon.colcon_core.shell:create_environment_hook('dexter_msgs', 'ld_library_path_lib')
[0.688s] INFO:colcon.colcon_core.shell:Creating environment descriptor '/home/aditya/Cpps/Dexter/install/dexter_msgs/share/dexter_msgs/hook/ld_library_path_lib.dsv'
[0.689s] INFO:colcon.colcon_core.shell:Creating environment hook '/home/aditya/Cpps/Dexter/install/dexter_msgs/share/dexter_msgs/hook/ld_library_path_lib.sh'
[0.689s] Level 1:colcon.colcon_core.environment:checking '/home/aditya/Cpps/Dexter/install/dexter_msgs/bin'
[0.689s] Level 1:colcon.colcon_core.environment:checking '/home/aditya/Cpps/Dexter/install/dexter_msgs/lib/pkgconfig/dexter_msgs.pc'
[0.689s] Level 1:colcon.colcon_core.environment:checking '/home/aditya/Cpps/Dexter/install/dexter_msgs/lib/python3.12/site-packages'
[0.689s] Level 1:colcon.colcon_core.shell:create_environment_hook('dexter_msgs', 'pythonpath')
[0.690s] INFO:colcon.colcon_core.shell:Creating environment descriptor '/home/aditya/Cpps/Dexter/install/dexter_msgs/share/dexter_msgs/hook/pythonpath.dsv'
[0.690s] INFO:colcon.colcon_core.shell:Creating environment hook '/home/aditya/Cpps/Dexter/install/dexter_msgs/share/dexter_msgs/hook/pythonpath.sh'
[0.691s] Level 1:colcon.colcon_core.environment:checking '/home/aditya/Cpps/Dexter/install/dexter_msgs/bin'
[0.691s] INFO:colcon.colcon_core.shell:Creating package descriptor '/home/aditya/Cpps/Dexter/install/dexter_msgs/share/dexter_msgs/package.dsv'
[0.691s] INFO:colcon.colcon_core.shell:Creating package script '/home/aditya/Cpps/Dexter/install/dexter_msgs/share/dexter_msgs/package.sh'
[0.692s] INFO:colcon.colcon_core.shell:Creating package script '/home/aditya/Cpps/Dexter/install/dexter_msgs/share/dexter_msgs/package.bash'
[0.692s] INFO:colcon.colcon_core.shell:Creating package script '/home/aditya/Cpps/Dexter/install/dexter_msgs/share/dexter_msgs/package.zsh'
[0.692s] Level 1:colcon.colcon_core.environment:create_file_with_runtime_dependencies(/home/aditya/Cpps/Dexter/install/dexter_msgs/share/colcon-core/packages/dexter_msgs)
[0.693s] Level 1:colcon.colcon_core.environment:create_environment_scripts_only(dexter_msgs)
[0.693s] Level 1:colcon.colcon_core.environment:checking '/home/aditya/Cpps/Dexter/install/dexter_msgs' for CMake module files
[0.693s] Level 1:colcon.colcon_core.environment:checking '/home/aditya/Cpps/Dexter/install/dexter_msgs' for CMake config files
[0.694s] Level 1:colcon.colcon_core.shell:create_environment_hook('dexter_msgs', 'cmake_prefix_path')
[0.694s] INFO:colcon.colcon_core.shell:Creating environment descriptor '/home/aditya/Cpps/Dexter/install/dexter_msgs/share/dexter_msgs/hook/cmake_prefix_path.dsv'
[0.694s] INFO:colcon.colcon_core.shell:Creating environment hook '/home/aditya/Cpps/Dexter/install/dexter_msgs/share/dexter_msgs/hook/cmake_prefix_path.sh'
[0.695s] Level 1:colcon.colcon_core.environment:checking '/home/aditya/Cpps/Dexter/install/dexter_msgs/lib'
[0.695s] Level 1:colcon.colcon_core.shell:create_environment_hook('dexter_msgs', 'ld_library_path_lib')
[0.695s] INFO:colcon.colcon_core.shell:Creating environment descriptor '/home/aditya/Cpps/Dexter/install/dexter_msgs/share/dexter_msgs/hook/ld_library_path_lib.dsv'
[0.695s] INFO:colcon.colcon_core.shell:Creating environment hook '/home/aditya/Cpps/Dexter/install/dexter_msgs/share/dexter_msgs/hook/ld_library_path_lib.sh'
[0.695s] Level 1:colcon.colcon_core.environment:checking '/home/aditya/Cpps/Dexter/install/dexter_msgs/bin'
[0.695s] Level 1:colcon.colcon_core.environment:checking '/home/aditya/Cpps/Dexter/install/dexter_msgs/lib/pkgconfig/dexter_msgs.pc'
[0.696s] Level 1:colcon.colcon_core.environment:checking '/home/aditya/Cpps/Dexter/install/dexter_msgs/lib/python3.12/site-packages'
[0.696s] Level 1:colcon.colcon_core.shell:create_environment_hook('dexter_msgs', 'pythonpath')
[0.696s] INFO:colcon.colcon_core.shell:Creating environment descriptor '/home/aditya/Cpps/Dexter/install/dexter_msgs/share/dexter_msgs/hook/pythonpath.dsv'
[0.696s] INFO:colcon.colcon_core.shell:Creating environment hook '/home/aditya/Cpps/Dexter/install/dexter_msgs/share/dexter_msgs/hook/pythonpath.sh'
[0.697s] Level 1:colcon.colcon_core.environment:checking '/home/aditya/Cpps/Dexter/install/dexter_msgs/bin'
[0.697s] INFO:colcon.colcon_core.shell:Creating package descriptor '/home/aditya/Cpps/Dexter/install/dexter_msgs/share/dexter_msgs/package.dsv'
[0.697s] INFO:colcon.colcon_core.shell:Creating package script '/home/aditya/Cpps/Dexter/install/dexter_msgs/share/dexter_msgs/package.sh'
[0.698s] INFO:colcon.colcon_core.shell:Creating package script '/home/aditya/Cpps/Dexter/install/dexter_msgs/share/dexter_msgs/package.bash'
[0.698s] INFO:colcon.colcon_core.shell:Creating package script '/home/aditya/Cpps/Dexter/install/dexter_msgs/share/dexter_msgs/package.zsh'
[0.698s] Level 1:colcon.colcon_core.environment:create_file_with_runtime_dependencies(/home/aditya/Cpps/Dexter/install/dexter_msgs/share/colcon-core/packages/dexter_msgs)
[0.699s] INFO:colcon.colcon_ros.task.ament_python.build:Building ROS package in '/home/aditya/Cpps/Dexter/dexter_inventory' with build type 'ament_python'
[0.699s] Level 1:colcon.colcon_core.shell:create_environment_hook('dexter_inventory', 'ament_prefix_path')
[0.699s] INFO:colcon.colcon_core.shell:Creating environment descriptor '/home/aditya/Cpps/Dexter/install/dexter_inventory/share/dexter_inventory/hook/ament_prefix_path.dsv'
[0.700s] INFO:colcon.colcon_core.shell:Creating environment hook '/home/aditya/Cpps/Dexter/install/dexter_inventory/share/dexter_inventory/hook/ament_prefix_path.sh'
[0.700s] DEBUG:colcon.colcon_core.shell:Skip shell extension 'dsv' for command environment
[0.705s] INFO:colcon.colcon_ros.task.ament_cmake.build:Building ROS package in '/home/aditya/Cpps/Dexter/dexter_utils' with build type 'ament_cmake'
[0.705s] INFO:colcon.colcon_cmake.task.cmake.build:Building CMake package in '/home/aditya/Cpps/Dexter/dexter_utils'
[0.705s] DEBUG:colcon.colcon_core.shell:Skip shell extension 'dsv' for command environment
[0.711s] DEBUG:colcon.colcon_core.event_handler.log_command:Invoked command in '/home/aditya/Cpps/Dexter/build/dexter_controller' returned '0': CMAKE_PREFIX_PATH=/home/aditya/Cpps/Dexter/install/dexter_description:/home/aditya/Cpps/Dexter/install/dexter_utils:/home/aditya/Cpps/Dexter/install/dexter_bringup:/home/aditya/Cpps/Dexter/install/dexter_remote:/home/aditya/Cpps/Dexter/install/dexter_msgs:/home/aditya/Cpps/Dexter/install/dexter_moveit:/home/aditya/Cpps/Dexter/install/dexter_controller:/home/aditya/ros2_ws/install/my_robot_bringup:/home/aditya/ros2_ws/install/my_cpp_pkg:/home/aditya/ros2_ws/install/my_robot_interfaces:/opt/ros/jazzy/opt/gz_sim_vendor:/opt/ros/jazzy/opt/gz_sensors_vendor:/opt/ros/jazzy/opt/gz_physics_vendor:/opt/ros/jazzy/opt/sdformat_vendor:/opt/ros/jazzy/opt/gz_gui_vendor:/opt/ros/jazzy/opt/gz_transport_vendor:/opt/ros/jazzy/opt/gz_rendering_vendor:/opt/ros/jazzy/opt/gz_plugin_vendor:/opt/ros/jazzy/opt/gz_fuel_tools_vendor:/opt/ros/jazzy/opt/gz_msgs_vendor:/opt/ros/jazzy/opt/gz_common_vendor:/opt/ros/jazzy/opt/gz_math_vendor:/opt/ros/jazzy/opt/gz_utils_vendor:/opt/ros/jazzy/opt/gz_tools_vendor:/opt/ros/jazzy/opt/gz_ogre_next_vendor:/opt/ros/jazzy/opt/gz_dartsim_vendor:/opt/ros/jazzy/opt/gz_cmake_vendor:/home/aditya/Cpps/Dexter/install/dexter_inventory:/home/aditya/ros2_ws/install/my_py_pkg:/opt/ros/jazzy DEBUGINFOD_URLS=https://debuginfod.ubuntu.com PS1=\[\e]0;\u@\h: \w\a\]${debian_chroot:+($debian_chroot)}\[\033[01;32m\]\u@\h\[\033[00m\]:\[\033[01;34m\]\w\[\033[00m\]\$ VIRTUAL_ENV_PROMPT=(venv-ardupilot) /usr/bin/cmake --build /home/aditya/Cpps/Dexter/build/dexter_controller -- -j28 -l28
[0.712s] DEBUG:colcon.colcon_core.event_handler.log_command:Invoking command in '/home/aditya/Cpps/Dexter/build/dexter_controller': CMAKE_PREFIX_PATH=/home/aditya/Cpps/Dexter/install/dexter_description:/home/aditya/Cpps/Dexter/install/dexter_utils:/home/aditya/Cpps/Dexter/install/dexter_bringup:/home/aditya/Cpps/Dexter/install/dexter_remote:/home/aditya/Cpps/Dexter/install/dexter_msgs:/home/aditya/Cpps/Dexter/install/dexter_moveit:/home/aditya/Cpps/Dexter/install/dexter_controller:/home/aditya/ros2_ws/install/my_robot_bringup:/home/aditya/ros2_ws/install/my_cpp_pkg:/home/aditya/ros2_ws/install/my_robot_interfaces:/opt/ros/jazzy/opt/gz_sim_vendor:/opt/ros/jazzy/opt/gz_sensors_vendor:/opt/ros/jazzy/opt/gz_physics_vendor:/opt/ros/jazzy/opt/sdformat_vendor:/opt/ros/jazzy/opt/gz_gui_vendor:/opt/ros/jazzy/opt/gz_transport_vendor:/opt/ros/jazzy/opt/gz_rendering_vendor:/opt/ros/jazzy/opt/gz_plugin_vendor:/opt/ros/jazzy/opt/gz_fuel_tools_vendor:/opt/ros/jazzy/opt/gz_msgs_vendor:/opt/ros/jazzy/opt/gz_common_vendor:/opt/ros/jazzy/opt/gz_math_vendor:/opt/ros/jazzy/opt/gz_utils_vendor:/opt/ros/jazzy/opt/gz_tools_vendor:/opt/ros/jazzy/opt/gz_ogre_next_vendor:/opt/ros/jazzy/opt/gz_dartsim_vendor:/opt/ros/jazzy/opt/gz_cmake_vendor:/home/aditya/Cpps/Dexter/install/dexter_inventory:/home/aditya/ros2_ws/install/my_py_pkg:/opt/ros/jazzy DEBUGINFOD_URLS=https://debuginfod.ubuntu.com PS1=\[\e]0;\u@\h: \w\a\]${debian_chroot:+($debian_chroot)}\[\033[01;32m\]\u@\h\[\033[00m\]:\[\033[01;34m\]\w\[\033[00m\]\$ VIRTUAL_ENV_PROMPT=(venv-ardupilot) /usr/bin/cmake --install /home/aditya/Cpps/Dexter/build/dexter_controller
[0.917s] INFO:colcon.colcon_core.task.python.build:Building Python package in '/home/aditya/Cpps/Dexter/dexter_inventory'
[0.918s] DEBUG:colcon.colcon_core.shell:Skip shell extension 'dsv' for command environment
[0.926s] Level 1:colcon.colcon_core.environment:create_environment_scripts_only(dexter_controller)
[0.926s] DEBUG:colcon.colcon_core.event_handler.log_command:Invoking command in '/home/aditya/Cpps/Dexter/build/dexter_utils': CMAKE_PREFIX_PATH=/home/aditya/Cpps/Dexter/install/dexter_msgs:/home/aditya/Cpps/Dexter/install/dexter_utils:/home/aditya/Cpps/Dexter/install/dexter_bringup:/home/aditya/Cpps/Dexter/install/dexter_remote:/home/aditya/Cpps/Dexter/install/dexter_moveit:/home/aditya/Cpps/Dexter/install/dexter_controller:/home/aditya/Cpps/Dexter/install/dexter_description:/home/aditya/ros2_ws/install/my_robot_bringup:/home/aditya/ros2_ws/install/my_cpp_pkg:/home/aditya/ros2_ws/install/my_robot_interfaces:/opt/ros/jazzy/opt/gz_sim_vendor:/opt/ros/jazzy/opt/gz_sensors_vendor:/opt/ros/jazzy/opt/gz_physics_vendor:/opt/ros/jazzy/opt/sdformat_vendor:/opt/ros/jazzy/opt/gz_gui_vendor:/opt/ros/jazzy/opt/gz_transport_vendor:/opt/ros/jazzy/opt/gz_rendering_vendor:/opt/ros/jazzy/opt/gz_plugin_vendor:/opt/ros/jazzy/opt/gz_fuel_tools_vendor:/opt/ros/jazzy/opt/gz_msgs_vendor:/opt/ros/jazzy/opt/gz_common_vendor:/opt/ros/jazzy/opt/gz_math_vendor:/opt/ros/jazzy/opt/gz_utils_vendor:/opt/ros/jazzy/opt/gz_tools_vendor:/opt/ros/jazzy/opt/gz_ogre_next_vendor:/opt/ros/jazzy/opt/gz_dartsim_vendor:/opt/ros/jazzy/opt/gz_cmake_vendor:/home/aditya/Cpps/Dexter/install/dexter_inventory:/home/aditya/ros2_ws/install/my_py_pkg:/opt/ros/jazzy DEBUGINFOD_URLS=https://debuginfod.ubuntu.com LD_LIBRARY_PATH=/home/aditya/Cpps/Dexter/install/dexter_msgs/lib:/home/aditya/Cpps/Dexter/install/dexter_remote/lib:/home/aditya/Cpps/Dexter/install/dexter_controller/lib:/home/aditya/ros2_ws/install/my_robot_interfaces/lib:/opt/ros/jazzy/opt/gz_sim_vendor/lib:/opt/ros/jazzy/opt/gz_sensors_vendor/lib:/opt/ros/jazzy/opt/gz_physics_vendor/lib:/opt/ros/jazzy/opt/sdformat_vendor/lib:/opt/ros/jazzy/opt/rviz_ogre_vendor/lib:/opt/ros/jazzy/lib/x86_64-linux-gnu:/opt/ros/jazzy/opt/gz_gui_vendor/lib:/opt/ros/jazzy/opt/gz_transport_vendor/lib:/opt/ros/jazzy/opt/gz_rendering_vendor/lib:/opt/ros/jazzy/opt/gz_plugin_vendor/lib:/opt/ros/jazzy/opt/gz_fuel_tools_vendor/lib:/opt/ros/jazzy/opt/gz_msgs_vendor/lib:/opt/ros/jazzy/opt/gz_common_vendor/lib:/opt/ros/jazzy/opt/gz_math_vendor/lib:/opt/ros/jazzy/opt/gz_utils_vendor/lib:/opt/ros/jazzy/opt/gz_tools_vendor/lib:/opt/ros/jazzy/opt/gz_ogre_next_vendor/lib:/opt/ros/jazzy/opt/gz_dartsim_vendor/lib:/opt/ros/jazzy/opt/gz_cmake_vendor/lib:/opt/ros/jazzy/lib PS1=\[\e]0;\u@\h: \w\a\]${debian_chroot:+($debian_chroot)}\[\033[01;32m\]\u@\h\[\033[00m\]:\[\033[01;34m\]\w\[\033[00m\]\$ PYTHONPATH=/home/aditya/Cpps/Dexter/install/dexter_msgs/lib/python3.12/site-packages:/home/aditya/Cpps/Dexter/build/dexter_inventory:/home/aditya/Cpps/Dexter/install/dexter_utils/lib/python3.12/site-packages:/home/aditya/Cpps/Dexter/install/dexter_remote/lib/python3.12/site-packages:/home/aditya/Cpps/Dexter/install/dexter_inventory/lib/python3.12/site-packages:/home/aditya/Cpps/Dexter/install/dexter_controller/lib/python3.12/site-packages:/home/aditya/ros2_ws/install/my_py_pkg/lib/python3.12/site-packages:/home/aditya/ros2_ws/install/my_robot_interfaces/lib/python3.12/site-packages:/opt/ros/jazzy/lib/python3.12/site-packages VIRTUAL_ENV_PROMPT=(venv-ardupilot) /usr/bin/cmake --build /home/aditya/Cpps/Dexter/build/dexter_utils -- -j28 -l28
[0.926s] Level 1:colcon.colcon_core.environment:checking '/home/aditya/Cpps/Dexter/install/dexter_controller' for CMake module files
[0.927s] DEBUG:colcon.colcon_core.event_handler.log_command:Invoked command in '/home/aditya/Cpps/Dexter/build/dexter_controller' returned '0': CMAKE_PREFIX_PATH=/home/aditya/Cpps/Dexter/install/dexter_description:/home/aditya/Cpps/Dexter/install/dexter_utils:/home/aditya/Cpps/Dexter/install/dexter_bringup:/home/aditya/Cpps/Dexter/install/dexter_remote:/home/aditya/Cpps/Dexter/install/dexter_msgs:/home/aditya/Cpps/Dexter/install/dexter_moveit:/home/aditya/Cpps/Dexter/install/dexter_controller:/home/aditya/ros2_ws/install/my_robot_bringup:/home/aditya/ros2_ws/install/my_cpp_pkg:/home/aditya/ros2_ws/install/my_robot_interfaces:/opt/ros/jazzy/opt/gz_sim_vendor:/opt/ros/jazzy/opt/gz_sensors_vendor:/opt/ros/jazzy/opt/gz_physics_vendor:/opt/ros/jazzy/opt/sdformat_vendor:/opt/ros/jazzy/opt/gz_gui_vendor:/opt/ros/jazzy/opt/gz_transport_vendor:/opt/ros/jazzy/opt/gz_rendering_vendor:/opt/ros/jazzy/opt/gz_plugin_vendor:/opt/ros/jazzy/opt/gz_fuel_tools_vendor:/opt/ros/jazzy/opt/gz_msgs_vendor:/opt/ros/jazzy/opt/gz_common_vendor:/opt/ros/jazzy/opt/gz_math_vendor:/opt/ros/jazzy/opt/gz_utils_vendor:/opt/ros/jazzy/opt/gz_tools_vendor:/opt/ros/jazzy/opt/gz_ogre_next_vendor:/opt/ros/jazzy/opt/gz_dartsim_vendor:/opt/ros/jazzy/opt/gz_cmake_vendor:/home/aditya/Cpps/Dexter/install/dexter_inventory:/home/aditya/ros2_ws/install/my_py_pkg:/opt/ros/jazzy DEBUGINFOD_URLS=https://debuginfod.ubuntu.com PS1=\[\e]0;\u@\h: \w\a\]${debian_chroot:+($debian_chroot)}\[\033[01;32m\]\u@\h\[\033[00m\]:\[\033[01;34m\]\w\[\033[00m\]\$ VIRTUAL_ENV_PROMPT=(venv-ardupilot) /usr/bin/cmake --install /home/aditya/Cpps/Dexter/build/dexter_controller
[0.927s] Level 1:colcon.colcon_core.environment:checking '/home/aditya/Cpps/Dexter/install/dexter_controller' for CMake config files
[0.927s] Level 1:colcon.colcon_core.shell:create_environment_hook('dexter_controller', 'cmake_prefix_path')
[0.927s] INFO:colcon.colcon_core.shell:Creating environment descriptor '/home/aditya/Cpps/Dexter/install/dexter_controller/share/dexter_controller/hook/cmake_prefix_path.dsv'
[0.928s] INFO:colcon.colcon_core.shell:Creating environment hook '/home/aditya/Cpps/Dexter/install/dexter_controller/share/dexter_controller/hook/cmake_prefix_path.sh'
[0.929s] Level 1:colcon.colcon_core.environment:checking '/home/aditya/Cpps/Dexter/install/dexter_controller/lib'
[0.929s] Level 1:colcon.colcon_core.shell:create_environment_hook('dexter_controller', 'ld_library_path_lib')
[0.929s] INFO:colcon.colcon_core.shell:Creating environment descriptor '/home/aditya/Cpps/Dexter/install/dexter_controller/share/dexter_controller/hook/ld_library_path_lib.dsv'
[0.930s] INFO:colcon.colcon_core.shell:Creating environment hook '/home/aditya/Cpps/Dexter/install/dexter_controller/share/dexter_controller/hook/ld_library_path_lib.sh'
[0.931s] Level 1:colcon.colcon_core.environment:checking '/home/aditya/Cpps/Dexter/install/dexter_controller/bin'
[0.931s] Level 1:colcon.colcon_core.environment:checking '/home/aditya/Cpps/Dexter/install/dexter_controller/lib/pkgconfig/dexter_controller.pc'
[0.931s] Level 1:colcon.colcon_core.environment:checking '/home/aditya/Cpps/Dexter/install/dexter_controller/lib/python3.12/site-packages'
[0.931s] Level 1:colcon.colcon_core.shell:create_environment_hook('dexter_controller', 'pythonpath')
[0.931s] INFO:colcon.colcon_core.shell:Creating environment descriptor '/home/aditya/Cpps/Dexter/install/dexter_controller/share/dexter_controller/hook/pythonpath.dsv'
[0.932s] INFO:colcon.colcon_core.shell:Creating environment hook '/home/aditya/Cpps/Dexter/install/dexter_controller/share/dexter_controller/hook/pythonpath.sh'
[0.933s] Level 1:colcon.colcon_core.environment:checking '/home/aditya/Cpps/Dexter/install/dexter_controller/bin'
[0.933s] INFO:colcon.colcon_core.shell:Creating package descriptor '/home/aditya/Cpps/Dexter/install/dexter_controller/share/dexter_controller/package.dsv'
[0.934s] INFO:colcon.colcon_core.shell:Creating package script '/home/aditya/Cpps/Dexter/install/dexter_controller/share/dexter_controller/package.sh'
[0.935s] INFO:colcon.colcon_core.shell:Creating package script '/home/aditya/Cpps/Dexter/install/dexter_controller/share/dexter_controller/package.bash'
[0.935s] INFO:colcon.colcon_core.shell:Creating package script '/home/aditya/Cpps/Dexter/install/dexter_controller/share/dexter_controller/package.zsh'
[0.935s] Level 1:colcon.colcon_core.environment:create_file_with_runtime_dependencies(/home/aditya/Cpps/Dexter/install/dexter_controller/share/colcon-core/packages/dexter_controller)
[0.936s] Level 1:colcon.colcon_core.environment:create_environment_scripts_only(dexter_controller)
[0.936s] Level 1:colcon.colcon_core.environment:checking '/home/aditya/Cpps/Dexter/install/dexter_controller' for CMake module files
[0.937s] Level 1:colcon.colcon_core.environment:checking '/home/aditya/Cpps/Dexter/install/dexter_controller' for CMake config files
[0.938s] Level 1:colcon.colcon_core.shell:create_environment_hook('dexter_controller', 'cmake_prefix_path')
[0.938s] INFO:colcon.colcon_core.shell:Creating environment descriptor '/home/aditya/Cpps/Dexter/install/dexter_controller/share/dexter_controller/hook/cmake_prefix_path.dsv'
[0.938s] INFO:colcon.colcon_core.shell:Creating environment hook '/home/aditya/Cpps/Dexter/install/dexter_controller/share/dexter_controller/hook/cmake_prefix_path.sh'
[0.939s] Level 1:colcon.colcon_core.environment:checking '/home/aditya/Cpps/Dexter/install/dexter_controller/lib'
[0.939s] Level 1:colcon.colcon_core.shell:create_environment_hook('dexter_controller', 'ld_library_path_lib')
[0.939s] INFO:colcon.colcon_core.shell:Creating environment descriptor '/home/aditya/Cpps/Dexter/install/dexter_controller/share/dexter_controller/hook/ld_library_path_lib.dsv'
[0.940s] INFO:colcon.colcon_core.shell:Creating environment hook '/home/aditya/Cpps/Dexter/install/dexter_controller/share/dexter_controller/hook/ld_library_path_lib.sh'
[0.940s] Level 1:colcon.colcon_core.environment:checking '/home/aditya/Cpps/Dexter/install/dexter_controller/bin'
[0.940s] Level 1:colcon.colcon_core.environment:checking '/home/aditya/Cpps/Dexter/install/dexter_controller/lib/pkgconfig/dexter_controller.pc'
[0.941s] Level 1:colcon.colcon_core.environment:checking '/home/aditya/Cpps/Dexter/install/dexter_controller/lib/python3.12/site-packages'
[0.941s] Level 1:colcon.colcon_core.shell:create_environment_hook('dexter_controller', 'pythonpath')
[0.941s] INFO:colcon.colcon_core.shell:Creating environment descriptor '/home/aditya/Cpps/Dexter/install/dexter_controller/share/dexter_controller/hook/pythonpath.dsv'
[0.941s] INFO:colcon.colcon_core.shell:Creating environment hook '/home/aditya/Cpps/Dexter/install/dexter_controller/share/dexter_controller/hook/pythonpath.sh'
[0.942s] Level 1:colcon.colcon_core.environment:checking '/home/aditya/Cpps/Dexter/install/dexter_controller/bin'
[0.943s] INFO:colcon.colcon_core.shell:Creating package descriptor '/home/aditya/Cpps/Dexter/install/dexter_controller/share/dexter_controller/package.dsv'
[0.943s] INFO:colcon.colcon_core.shell:Creating package script '/home/aditya/Cpps/Dexter/install/dexter_controller/share/dexter_controller/package.sh'
[0.944s] INFO:colcon.colcon_core.shell:Creating package script '/home/aditya/Cpps/Dexter/install/dexter_controller/share/dexter_controller/package.bash'
[0.944s] INFO:colcon.colcon_core.shell:Creating package script '/home/aditya/Cpps/Dexter/install/dexter_controller/share/dexter_controller/package.zsh'
[0.945s] Level 1:colcon.colcon_core.environment:create_file_with_runtime_dependencies(/home/aditya/Cpps/Dexter/install/dexter_controller/share/colcon-core/packages/dexter_controller)
[1.424s] DEBUG:colcon.colcon_core.event_handler.log_command:Invoked command in '/home/aditya/Cpps/Dexter/build/dexter_utils' returned '0': CMAKE_PREFIX_PATH=/home/aditya/Cpps/Dexter/install/dexter_msgs:/home/aditya/Cpps/Dexter/install/dexter_utils:/home/aditya/Cpps/Dexter/install/dexter_bringup:/home/aditya/Cpps/Dexter/install/dexter_remote:/home/aditya/Cpps/Dexter/install/dexter_moveit:/home/aditya/Cpps/Dexter/install/dexter_controller:/home/aditya/Cpps/Dexter/install/dexter_description:/home/aditya/ros2_ws/install/my_robot_bringup:/home/aditya/ros2_ws/install/my_cpp_pkg:/home/aditya/ros2_ws/install/my_robot_interfaces:/opt/ros/jazzy/opt/gz_sim_vendor:/opt/ros/jazzy/opt/gz_sensors_vendor:/opt/ros/jazzy/opt/gz_physics_vendor:/opt/ros/jazzy/opt/sdformat_vendor:/opt/ros/jazzy/opt/gz_gui_vendor:/opt/ros/jazzy/opt/gz_transport_vendor:/opt/ros/jazzy/opt/gz_rendering_vendor:/opt/ros/jazzy/opt/gz_plugin_vendor:/opt/ros/jazzy/opt/gz_fuel_tools_vendor:/opt/ros/jazzy/opt/gz_msgs_vendor:/opt/ros/jazzy/opt/gz_common_vendor:/opt/ros/jazzy/opt/gz_math_vendor:/opt/ros/jazzy/opt/gz_utils_vendor:/opt/ros/jazzy/opt/gz_tools_vendor:/opt/ros/jazzy/opt/gz_ogre_next_vendor:/opt/ros/jazzy/opt/gz_dartsim_vendor:/opt/ros/jazzy/opt/gz_cmake_vendor:/home/aditya/Cpps/Dexter/install/dexter_inventory:/home/aditya/ros2_ws/install/my_py_pkg:/opt/ros/jazzy DEBUGINFOD_URLS=https://debuginfod.ubuntu.com LD_LIBRARY_PATH=/home/aditya/Cpps/Dexter/install/dexter_msgs/lib:/home/aditya/Cpps/Dexter/install/dexter_remote/lib:/home/aditya/Cpps/Dexter/install/dexter_controller/lib:/home/aditya/ros2_ws/install/my_robot_interfaces/lib:/opt/ros/jazzy/opt/gz_sim_vendor/lib:/opt/ros/jazzy/opt/gz_sensors_vendor/lib:/opt/ros/jazzy/opt/gz_physics_vendor/lib:/opt/ros/jazzy/opt/sdformat_vendor/lib:/opt/ros/jazzy/opt/rviz_ogre_vendor/lib:/opt/ros/jazzy/lib/x86_64-linux-gnu:/opt/ros/jazzy/opt/gz_gui_vendor/lib:/opt/ros/jazzy/opt/gz_transport_vendor/lib:/opt/ros/jazzy/opt/gz_rendering_vendor/lib:/opt/ros/jazzy/opt/gz_plugin_vendor/lib:/opt/ros/jazzy/opt/gz_fuel_tools_vendor/lib:/opt/ros/jazzy/opt/gz_msgs_vendor/lib:/opt/ros/jazzy/opt/gz_common_vendor/lib:/opt/ros/jazzy/opt/gz_math_vendor/lib:/opt/ros/jazzy/opt/gz_utils_vendor/lib:/opt/ros/jazzy/opt/gz_tools_vendor/lib:/opt/ros/jazzy/opt/gz_ogre_next_vendor/lib:/opt/ros/jazzy/opt/gz_dartsim_vendor/lib:/opt/ros/jazzy/opt/gz_cmake_vendor/lib:/opt/ros/jazzy/lib PS1=\[\e]0;\u@\h: \w\a\]${debian_chroot:+($debian_chroot)}\[\033[01;32m\]\u@\h\[\033[00m\]:\[\033[01;34m\]\w\[\033[00m\]\$ PYTHONPATH=/home/aditya/Cpps/Dexter/install/dexter_msgs/lib/python3.12/site-packages:/home/aditya/Cpps/Dexter/build/dexter_inventory:/home/aditya/Cpps/Dexter/install/dexter_utils/lib/python3.12/site-packages:/home/aditya/Cpps/Dexter/install/dexter_remote/lib/python3.12/site-packages:/home/aditya/Cpps/Dexter/install/dexter_inventory/lib/python3.12/site-packages:/home/aditya/Cpps/Dexter/install/dexter_controller/lib/python3.12/site-packages:/home/aditya/ros2_ws/install/my_py_pkg/lib/python3.12/site-packages:/home/aditya/ros2_ws/install/my_robot_interfaces/lib/python3.12/site-packages:/opt/ros/jazzy/lib/python3.12/site-packages VIRTUAL_ENV_PROMPT=(venv-ardupilot) /usr/bin/cmake --build /home/aditya/Cpps/Dexter/build/dexter_utils -- -j28 -l28
[1.426s] DEBUG:colcon.colcon_core.event_handler.log_command:Invoking command in '/home/aditya/Cpps/Dexter/build/dexter_utils': CMAKE_PREFIX_PATH=/home/aditya/Cpps/Dexter/install/dexter_msgs:/home/aditya/Cpps/Dexter/install/dexter_utils:/home/aditya/Cpps/Dexter/install/dexter_bringup:/home/aditya/Cpps/Dexter/install/dexter_remote:/home/aditya/Cpps/Dexter/install/dexter_moveit:/home/aditya/Cpps/Dexter/install/dexter_controller:/home/aditya/Cpps/Dexter/install/dexter_description:/home/aditya/ros2_ws/install/my_robot_bringup:/home/aditya/ros2_ws/install/my_cpp_pkg:/home/aditya/ros2_ws/install/my_robot_interfaces:/opt/ros/jazzy/opt/gz_sim_vendor:/opt/ros/jazzy/opt/gz_sensors_vendor:/opt/ros/jazzy/opt/gz_physics_vendor:/opt/ros/jazzy/opt/sdformat_vendor:/opt/ros/jazzy/opt/gz_gui_vendor:/opt/ros/jazzy/opt/gz_transport_vendor:/opt/ros/jazzy/opt/gz_rendering_vendor:/opt/ros/jazzy/opt/gz_plugin_vendor:/opt/ros/jazzy/opt/gz_fuel_tools_vendor:/opt/ros/jazzy/opt/gz_msgs_vendor:/opt/ros/jazzy/opt/gz_common_vendor:/opt/ros/jazzy/opt/gz_math_vendor:/opt/ros/jazzy/opt/gz_utils_vendor:/opt/ros/jazzy/opt/gz_tools_vendor:/opt/ros/jazzy/opt/gz_ogre_next_vendor:/opt/ros/jazzy/opt/gz_dartsim_vendor:/opt/ros/jazzy/opt/gz_cmake_vendor:/home/aditya/Cpps/Dexter/install/dexter_inventory:/home/aditya/ros2_ws/install/my_py_pkg:/opt/ros/jazzy DEBUGINFOD_URLS=https://debuginfod.ubuntu.com LD_LIBRARY_PATH=/home/aditya/Cpps/Dexter/install/dexter_msgs/lib:/home/aditya/Cpps/Dexter/install/dexter_remote/lib:/home/aditya/Cpps/Dexter/install/dexter_controller/lib:/home/aditya/ros2_ws/install/my_robot_interfaces/lib:/opt/ros/jazzy/opt/gz_sim_vendor/lib:/opt/ros/jazzy/opt/gz_sensors_vendor/lib:/opt/ros/jazzy/opt/gz_physics_vendor/lib:/opt/ros/jazzy/opt/sdformat_vendor/lib:/opt/ros/jazzy/opt/rviz_ogre_vendor/lib:/opt/ros/jazzy/lib/x86_64-linux-gnu:/opt/ros/jazzy/opt/gz_gui_vendor/lib:/opt/ros/jazzy/opt/gz_transport_vendor/lib:/opt/ros/jazzy/opt/gz_rendering_vendor/lib:/opt/ros/jazzy/opt/gz_plugin_vendor/lib:/opt/ros/jazzy/opt/gz_fuel_tools_vendor/lib:/opt/ros/jazzy/opt/gz_msgs_vendor/lib:/opt/ros/jazzy/opt/gz_common_vendor/lib:/opt/ros/jazzy/opt/gz_math_vendor/lib:/opt/ros/jazzy/opt/gz_utils_vendor/lib:/opt/ros/jazzy/opt/gz_tools_vendor/lib:/opt/ros/jazzy/opt/gz_ogre_next_vendor/lib:/opt/ros/jazzy/opt/gz_dartsim_vendor/lib:/opt/ros/jazzy/opt/gz_cmake_vendor/lib:/opt/ros/jazzy/lib PS1=\[\e]0;\u@\h: \w\a\]${debian_chroot:+($debian_chroot)}\[\033[01;32m\]\u@\h\[\033[00m\]:\[\033[01;34m\]\w\[\033[00m\]\$ PYTHONPATH=/home/aditya/Cpps/Dexter/install/dexter_msgs/lib/python3.12/site-packages:/home/aditya/Cpps/Dexter/build/dexter_inventory:/home/aditya/Cpps/Dexter/install/dexter_utils/lib/python3.12/site-packages:/home/aditya/Cpps/Dexter/install/dexter_remote/lib/python3.12/site-packages:/home/aditya/Cpps/Dexter/install/dexter_inventory/lib/python3.12/site-packages:/home/aditya/Cpps/Dexter/install/dexter_controller/lib/python3.12/site-packages:/home/aditya/ros2_ws/install/my_py_pkg/lib/python3.12/site-packages:/home/aditya/ros2_ws/install/my_robot_interfaces/lib/python3.12/site-packages:/opt/ros/jazzy/lib/python3.12/site-packages VIRTUAL_ENV_PROMPT=(venv-ardupilot) /usr/bin/cmake --install /home/aditya/Cpps/Dexter/build/dexter_utils
[1.498s] Level 1:colcon.colcon_core.environment:create_environment_scripts_only(dexter_utils)
[1.498s] Level 1:colcon.colcon_core.environment:checking '/home/aditya/Cpps/Dexter/install/dexter_utils' for CMake module files
[1.498s] DEBUG:colcon.colcon_core.event_handler.log_command:Invoked command in '/home/aditya/Cpps/Dexter/build/dexter_utils' returned '0': CMAKE_PREFIX_PATH=/home/aditya/Cpps/Dexter/install/dexter_msgs:/home/aditya/Cpps/Dexter/install/dexter_utils:/home/aditya/Cpps/Dexter/install/dexter_bringup:/home/aditya/Cpps/Dexter/install/dexter_remote:/home/aditya/Cpps/Dexter/install/dexter_moveit:/home/aditya/Cpps/Dexter/install/dexter_controller:/home/aditya/Cpps/Dexter/install/dexter_description:/home/aditya/ros2_ws/install/my_robot_bringup:/home/aditya/ros2_ws/install/my_cpp_pkg:/home/aditya/ros2_ws/install/my_robot_interfaces:/opt/ros/jazzy/opt/gz_sim_vendor:/opt/ros/jazzy/opt/gz_sensors_vendor:/opt/ros/jazzy/opt/gz_physics_vendor:/opt/ros/jazzy/opt/sdformat_vendor:/opt/ros/jazzy/opt/gz_gui_vendor:/opt/ros/jazzy/opt/gz_transport_vendor:/opt/ros/jazzy/opt/gz_rendering_vendor:/opt/ros/jazzy/opt/gz_plugin_vendor:/opt/ros/jazzy/opt/gz_fuel_tools_vendor:/opt/ros/jazzy/opt/gz_msgs_vendor:/opt/ros/jazzy/opt/gz_common_vendor:/opt/ros/jazzy/opt/gz_math_vendor:/opt/ros/jazzy/opt/gz_utils_vendor:/opt/ros/jazzy/opt/gz_tools_vendor:/opt/ros/jazzy/opt/gz_ogre_next_vendor:/opt/ros/jazzy/opt/gz_dartsim_vendor:/opt/ros/jazzy/opt/gz_cmake_vendor:/home/aditya/Cpps/Dexter/install/dexter_inventory:/home/aditya/ros2_ws/install/my_py_pkg:/opt/ros/jazzy DEBUGINFOD_URLS=https://debuginfod.ubuntu.com LD_LIBRARY_PATH=/home/aditya/Cpps/Dexter/install/dexter_msgs/lib:/home/aditya/Cpps/Dexter/install/dexter_remote/lib:/home/aditya/Cpps/Dexter/install/dexter_controller/lib:/home/aditya/ros2_ws/install/my_robot_interfaces/lib:/opt/ros/jazzy/opt/gz_sim_vendor/lib:/opt/ros/jazzy/opt/gz_sensors_vendor/lib:/opt/ros/jazzy/opt/gz_physics_vendor/lib:/opt/ros/jazzy/opt/sdformat_vendor/lib:/opt/ros/jazzy/opt/rviz_ogre_vendor/lib:/opt/ros/jazzy/lib/x86_64-linux-gnu:/opt/ros/jazzy/opt/gz_gui_vendor/lib:/opt/ros/jazzy/opt/gz_transport_vendor/lib:/opt/ros/jazzy/opt/gz_rendering_vendor/lib:/opt/ros/jazzy/opt/gz_plugin_vendor/lib:/opt/ros/jazzy/opt/gz_fuel_tools_vendor/lib:/opt/ros/jazzy/opt/gz_msgs_vendor/lib:/opt/ros/jazzy/opt/gz_common_vendor/lib:/opt/ros/jazzy/opt/gz_math_vendor/lib:/opt/ros/jazzy/opt/gz_utils_vendor/lib:/opt/ros/jazzy/opt/gz_tools_vendor/lib:/opt/ros/jazzy/opt/gz_ogre_next_vendor/lib:/opt/ros/jazzy/opt/gz_dartsim_vendor/lib:/opt/ros/jazzy/opt/gz_cmake_vendor/lib:/opt/ros/jazzy/lib PS1=\[\e]0;\u@\h: \w\a\]${debian_chroot:+($debian_chroot)}\[\033[01;32m\]\u@\h\[\033[00m\]:\[\033[01;34m\]\w\[\033[00m\]\$ PYTHONPATH=/home/aditya/Cpps/Dexter/install/dexter_msgs/lib/python3.12/site-packages:/home/aditya/Cpps/Dexter/build/dexter_inventory:/home/aditya/Cpps/Dexter/install/dexter_utils/lib/python3.12/site-packages:/home/aditya/Cpps/Dexter/install/dexter_remote/lib/python3.12/site-packages:/home/aditya/Cpps/Dexter/install/dexter_inventory/lib/python3.12/site-packages:/home/aditya/Cpps/Dexter/install/dexter_controller/lib/python3.12/site-packages:/home/aditya/ros2_ws/install/my_py_pkg/lib/python3.12/site-packages:/home/aditya/ros2_ws/install/my_robot_interfaces/lib/python3.12/site-packages:/opt/ros/jazzy/lib/python3.12/site-packages VIRTUAL_ENV_PROMPT=(venv-ardupilot) /usr/bin/cmake --install /home/aditya/Cpps/Dexter/build/dexter_utils
[1.499s] Level 1:colcon.colcon_core.environment:checking '/home/aditya/Cpps/Dexter/install/dexter_utils' for CMake config files
[1.499s] Level 1:colcon.colcon_core.shell:create_environment_hook('dexter_utils', 'cmake_prefix_path')
[1.499s] INFO:colcon.colcon_core.shell:Creating environment descriptor '/home/aditya/Cpps/Dexter/install/dexter_utils/share/dexter_utils/hook/cmake_prefix_path.dsv'
[1.499s] INFO:colcon.colcon_core.shell:Creating environment hook '/home/aditya/Cpps/Dexter/install/dexter_utils/share/dexter_utils/hook/cmake_prefix_path.sh'
[1.500s] Level 1:colcon.colcon_core.environment:checking '/home/aditya/Cpps/Dexter/install/dexter_utils/lib'
[1.500s] Level 1:colcon.colcon_core.environment:checking '/home/aditya/Cpps/Dexter/install/dexter_utils/bin'
[1.500s] Level 1:colcon.colcon_core.environment:checking '/home/aditya/Cpps/Dexter/install/dexter_utils/lib/pkgconfig/dexter_utils.pc'
[1.500s] Level 1:colcon.colcon_core.environment:checking '/home/aditya/Cpps/Dexter/install/dexter_utils/lib/python3.12/site-packages'
[1.501s] Level 1:colcon.colcon_core.shell:create_environment_hook('dexter_utils', 'pythonpath')
[1.501s] INFO:colcon.colcon_core.shell:Creating environment descriptor '/home/aditya/Cpps/Dexter/install/dexter_utils/share/dexter_utils/hook/pythonpath.dsv'
[1.501s] INFO:colcon.colcon_core.shell:Creating environment hook '/home/aditya/Cpps/Dexter/install/dexter_utils/share/dexter_utils/hook/pythonpath.sh'
[1.502s] Level 1:colcon.colcon_core.environment:checking '/home/aditya/Cpps/Dexter/install/dexter_utils/bin'
[1.502s] INFO:colcon.colcon_core.shell:Creating package descriptor '/home/aditya/Cpps/Dexter/install/dexter_utils/share/dexter_utils/package.dsv'
[1.503s] INFO:colcon.colcon_core.shell:Creating package script '/home/aditya/Cpps/Dexter/install/dexter_utils/share/dexter_utils/package.sh'
[1.503s] INFO:colcon.colcon_core.shell:Creating package script '/home/aditya/Cpps/Dexter/install/dexter_utils/share/dexter_utils/package.bash'
[1.503s] INFO:colcon.colcon_core.shell:Creating package script '/home/aditya/Cpps/Dexter/install/dexter_utils/share/dexter_utils/package.zsh'
[1.504s] Level 1:colcon.colcon_core.environment:create_file_with_runtime_dependencies(/home/aditya/Cpps/Dexter/install/dexter_utils/share/colcon-core/packages/dexter_utils)
[1.504s] Level 1:colcon.colcon_core.environment:create_environment_scripts_only(dexter_utils)
[1.504s] Level 1:colcon.colcon_core.environment:checking '/home/aditya/Cpps/Dexter/install/dexter_utils' for CMake module files
[1.505s] Level 1:colcon.colcon_core.environment:checking '/home/aditya/Cpps/Dexter/install/dexter_utils' for CMake config files
[1.505s] Level 1:colcon.colcon_core.shell:create_environment_hook('dexter_utils', 'cmake_prefix_path')
[1.505s] INFO:colcon.colcon_core.shell:Creating environment descriptor '/home/aditya/Cpps/Dexter/install/dexter_utils/share/dexter_utils/hook/cmake_prefix_path.dsv'
[1.505s] INFO:colcon.colcon_core.shell:Creating environment hook '/home/aditya/Cpps/Dexter/install/dexter_utils/share/dexter_utils/hook/cmake_prefix_path.sh'
[1.506s] Level 1:colcon.colcon_core.environment:checking '/home/aditya/Cpps/Dexter/install/dexter_utils/lib'
[1.506s] Level 1:colcon.colcon_core.environment:checking '/home/aditya/Cpps/Dexter/install/dexter_utils/bin'
[1.506s] Level 1:colcon.colcon_core.environment:checking '/home/aditya/Cpps/Dexter/install/dexter_utils/lib/pkgconfig/dexter_utils.pc'
[1.506s] Level 1:colcon.colcon_core.environment:checking '/home/aditya/Cpps/Dexter/install/dexter_utils/lib/python3.12/site-packages'
[1.507s] Level 1:colcon.colcon_core.shell:create_environment_hook('dexter_utils', 'pythonpath')
[1.507s] INFO:colcon.colcon_core.shell:Creating environment descriptor '/home/aditya/Cpps/Dexter/install/dexter_utils/share/dexter_utils/hook/pythonpath.dsv'
[1.507s] INFO:colcon.colcon_core.shell:Creating environment hook '/home/aditya/Cpps/Dexter/install/dexter_utils/share/dexter_utils/hook/pythonpath.sh'
[1.508s] Level 1:colcon.colcon_core.environment:checking '/home/aditya/Cpps/Dexter/install/dexter_utils/bin'
[1.508s] INFO:colcon.colcon_core.shell:Creating package descriptor '/home/aditya/Cpps/Dexter/install/dexter_utils/share/dexter_utils/package.dsv'
[1.508s] INFO:colcon.colcon_core.shell:Creating package script '/home/aditya/Cpps/Dexter/install/dexter_utils/share/dexter_utils/package.sh'
[1.509s] INFO:colcon.colcon_core.shell:Creating package script '/home/aditya/Cpps/Dexter/install/dexter_utils/share/dexter_utils/package.bash'
[1.509s] INFO:colcon.colcon_core.shell:Creating package script '/home/aditya/Cpps/Dexter/install/dexter_utils/share/dexter_utils/package.zsh'
[1.510s] Level 1:colcon.colcon_core.environment:create_file_with_runtime_dependencies(/home/aditya/Cpps/Dexter/install/dexter_utils/share/colcon-core/packages/dexter_utils)
[1.543s] DEBUG:colcon.colcon_core.event_handler.log_command:Invoking command in '/home/aditya/Cpps/Dexter/dexter_inventory': CMAKE_PREFIX_PATH=/home/aditya/Cpps/Dexter/install/dexter_moveit:/home/aditya/Cpps/Dexter/install/dexter_msgs:/home/aditya/Cpps/Dexter/install/dexter_description:/home/aditya/Cpps/Dexter/install/dexter_utils:/home/aditya/Cpps/Dexter/install/dexter_bringup:/home/aditya/Cpps/Dexter/install/dexter_remote:/home/aditya/Cpps/Dexter/install/dexter_controller:/home/aditya/ros2_ws/install/my_robot_bringup:/home/aditya/ros2_ws/install/my_cpp_pkg:/home/aditya/ros2_ws/install/my_robot_interfaces:/opt/ros/jazzy/opt/gz_sim_vendor:/opt/ros/jazzy/opt/gz_sensors_vendor:/opt/ros/jazzy/opt/gz_physics_vendor:/opt/ros/jazzy/opt/sdformat_vendor:/opt/ros/jazzy/opt/gz_gui_vendor:/opt/ros/jazzy/opt/gz_transport_vendor:/opt/ros/jazzy/opt/gz_rendering_vendor:/opt/ros/jazzy/opt/gz_plugin_vendor:/opt/ros/jazzy/opt/gz_fuel_tools_vendor:/opt/ros/jazzy/opt/gz_msgs_vendor:/opt/ros/jazzy/opt/gz_common_vendor:/opt/ros/jazzy/opt/gz_math_vendor:/opt/ros/jazzy/opt/gz_utils_vendor:/opt/ros/jazzy/opt/gz_tools_vendor:/opt/ros/jazzy/opt/gz_ogre_next_vendor:/opt/ros/jazzy/opt/gz_dartsim_vendor:/opt/ros/jazzy/opt/gz_cmake_vendor DEBUGINFOD_URLS=https://debuginfod.ubuntu.com LD_LIBRARY_PATH=/home/aditya/Cpps/Dexter/install/dexter_msgs/lib:/home/aditya/Cpps/Dexter/install/dexter_remote/lib:/home/aditya/Cpps/Dexter/install/dexter_controller/lib:/home/aditya/ros2_ws/install/my_robot_interfaces/lib:/opt/ros/jazzy/opt/gz_sim_vendor/lib:/opt/ros/jazzy/opt/gz_sensors_vendor/lib:/opt/ros/jazzy/opt/gz_physics_vendor/lib:/opt/ros/jazzy/opt/sdformat_vendor/lib:/opt/ros/jazzy/opt/rviz_ogre_vendor/lib:/opt/ros/jazzy/lib/x86_64-linux-gnu:/opt/ros/jazzy/opt/gz_gui_vendor/lib:/opt/ros/jazzy/opt/gz_transport_vendor/lib:/opt/ros/jazzy/opt/gz_rendering_vendor/lib:/opt/ros/jazzy/opt/gz_plugin_vendor/lib:/opt/ros/jazzy/opt/gz_fuel_tools_vendor/lib:/opt/ros/jazzy/opt/gz_msgs_vendor/lib:/opt/ros/jazzy/opt/gz_common_vendor/lib:/opt/ros/jazzy/opt/gz_math_vendor/lib:/opt/ros/jazzy/opt/gz_utils_vendor/lib:/opt/ros/jazzy/opt/gz_tools_vendor/lib:/opt/ros/jazzy/opt/gz_ogre_next_vendor/lib:/opt/ros/jazzy/opt/gz_dartsim_vendor/lib:/opt/ros/jazzy/opt/gz_cmake_vendor/lib:/opt/ros/jazzy/lib PS1=\[\e]0;\u@\h: \w\a\]${debian_chroot:+($debian_chroot)}\[\033[01;32m\]\u@\h\[\033[00m\]:\[\033[01;34m\]\w\[\033[00m\]\$ PYTHONPATH=/home/aditya/Cpps/Dexter/build/dexter_inventory/prefix_override:/usr/lib/python3/dist-packages/colcon_core/task/python/colcon_distutils_commands:/home/aditya/Cpps/Dexter/install/dexter_inventory/lib/python3.12/site-packages:/home/aditya/Cpps/Dexter/install/dexter_msgs/lib/python3.12/site-packages:/home/aditya/Cpps/Dexter/build/dexter_inventory:/home/aditya/Cpps/Dexter/install/dexter_utils/lib/python3.12/site-packages:/home/aditya/Cpps/Dexter/install/dexter_remote/lib/python3.12/site-packages:/home/aditya/Cpps/Dexter/install/dexter_inventory/lib/python3.12/site-packages:/home/aditya/Cpps/Dexter/install/dexter_controller/lib/python3.12/site-packages:/home/aditya/ros2_ws/install/my_py_pkg/lib/python3.12/site-packages:/home/aditya/ros2_ws/install/my_robot_interfaces/lib/python3.12/site-packages:/opt/ros/jazzy/lib/python3.12/site-packages VIRTUAL_ENV_PROMPT=(venv-ardupilot) /usr/bin/python3 -W ignore:setup.py install is deprecated -W ignore:easy_install command is deprecated setup.py egg_info --egg-base ../build/dexter_inventory build --build-base /home/aditya/Cpps/Dexter/build/dexter_inventory/build install --record /home/aditya/Cpps/Dexter/build/dexter_inventory/install.log --single-version-externally-managed install_data
[2.061s] Level 1:colcon.colcon_core.environment:checking '/home/aditya/Cpps/Dexter/install/dexter_inventory' for CMake module files
[2.062s] DEBUG:colcon.colcon_core.event_handler.log_command:Invoked command in '/home/aditya/Cpps/Dexter/dexter_inventory' returned '0': CMAKE_PREFIX_PATH=/home/aditya/Cpps/Dexter/install/dexter_moveit:/home/aditya/Cpps/Dexter/install/dexter_msgs:/home/aditya/Cpps/Dexter/install/dexter_description:/home/aditya/Cpps/Dexter/install/dexter_utils:/home/aditya/Cpps/Dexter/install/dexter_bringup:/home/aditya/Cpps/Dexter/install/dexter_remote:/home/aditya/Cpps/Dexter/install/dexter_controller:/home/aditya/ros2_ws/install/my_robot_bringup:/home/aditya/ros2_ws/install/my_cpp_pkg:/home/aditya/ros2_ws/install/my_robot_interfaces:/opt/ros/jazzy/opt/gz_sim_vendor:/opt/ros/jazzy/opt/gz_sensors_vendor:/opt/ros/jazzy/opt/gz_physics_vendor:/opt/ros/jazzy/opt/sdformat_vendor:/opt/ros/jazzy/opt/gz_gui_vendor:/opt/ros/jazzy/opt/gz_transport_vendor:/opt/ros/jazzy/opt/gz_rendering_vendor:/opt/ros/jazzy/opt/gz_plugin_vendor:/opt/ros/jazzy/opt/gz_fuel_tools_vendor:/opt/ros/jazzy/opt/gz_msgs_vendor:/opt/ros/jazzy/opt/gz_common_vendor:/opt/ros/jazzy/opt/gz_math_vendor:/opt/ros/jazzy/opt/gz_utils_vendor:/opt/ros/jazzy/opt/gz_tools_vendor:/opt/ros/jazzy/opt/gz_ogre_next_vendor:/opt/ros/jazzy/opt/gz_dartsim_vendor:/opt/ros/jazzy/opt/gz_cmake_vendor DEBUGINFOD_URLS=https://debuginfod.ubuntu.com LD_LIBRARY_PATH=/home/aditya/Cpps/Dexter/install/dexter_msgs/lib:/home/aditya/Cpps/Dexter/install/dexter_remote/lib:/home/aditya/Cpps/Dexter/install/dexter_controller/lib:/home/aditya/ros2_ws/install/my_robot_interfaces/lib:/opt/ros/jazzy/opt/gz_sim_vendor/lib:/opt/ros/jazzy/opt/gz_sensors_vendor/lib:/opt/ros/jazzy/opt/gz_physics_vendor/lib:/opt/ros/jazzy/opt/sdformat_vendor/lib:/opt/ros/jazzy/opt/rviz_ogre_vendor/lib:/opt/ros/jazzy/lib/x86_64-linux-gnu:/opt/ros/jazzy/opt/gz_gui_vendor/lib:/opt/ros/jazzy/opt/gz_transport_vendor/lib:/opt/ros/jazzy/opt/gz_rendering_vendor/lib:/opt/ros/jazzy/opt/gz_plugin_vendor/lib:/opt/ros/jazzy/opt/gz_fuel_tools_vendor/lib:/opt/ros/jazzy/opt/gz_msgs_vendor/lib:/opt/ros/jazzy/opt/gz_common_vendor/lib:/opt/ros/jazzy/opt/gz_math_vendor/lib:/opt/ros/jazzy/opt/gz_utils_vendor/lib:/opt/ros/jazzy/opt/gz_tools_vendor/lib:/opt/ros/jazzy/opt/gz_ogre_next_vendor/lib:/opt/ros/jazzy/opt/gz_dartsim_vendor/lib:/opt/ros/jazzy/opt/gz_cmake_vendor/lib:/opt/ros/jazzy/lib PS1=\[\e]0;\u@\h: \w\a\]${debian_chroot:+($debian_chroot)}\[\033[01;32m\]\u@\h\[\033[00m\]:\[\033[01;34m\]\w\[\033[00m\]\$ PYTHONPATH=/home/aditya/Cpps/Dexter/build/dexter_inventory/prefix_override:/usr/lib/python3/dist-packages/colcon_core/task/python/colcon_distutils_commands:/home/aditya/Cpps/Dexter/install/dexter_inventory/lib/python3.12/site-packages:/home/aditya/Cpps/Dexter/install/dexter_msgs/lib/python3.12/site-packages:/home/aditya/Cpps/Dexter/build/dexter_inventory:/home/aditya/Cpps/Dexter/install/dexter_utils/lib/python3.12/site-packages:/home/aditya/Cpps/Dexter/install/dexter_remote/lib/python3.12/site-packages:/home/aditya/Cpps/Dexter/install/dexter_inventory/lib/python3.12/site-packages:/home/aditya/Cpps/Dexter/install/dexter_controller/lib/python3.12/site-packages:/home/aditya/ros2_ws/install/my_py_pkg/lib/python3.12/site-packages:/home/aditya/ros2_ws/install/my_robot_interfaces/lib/python3.12/site-packages:/opt/ros/jazzy/lib/python3.12/site-packages VIRTUAL_ENV_PROMPT=(venv-ardupilot) /usr/bin/python3 -W ignore:setup.py install is deprecated -W ignore:easy_install command is deprecated setup.py egg_info --egg-base ../build/dexter_inventory build --build-base /home/aditya/Cpps/Dexter/build/dexter_inventory/build install --record /home/aditya/Cpps/Dexter/build/dexter_inventory/install.log --single-version-externally-managed install_data
[2.062s] Level 1:colcon.colcon_core.environment:checking '/home/aditya/Cpps/Dexter/install/dexter_inventory' for CMake config files
[2.063s] Level 1:colcon.colcon_core.environment:checking '/home/aditya/Cpps/Dexter/install/dexter_inventory/lib'
[2.063s] Level 1:colcon.colcon_core.environment:checking '/home/aditya/Cpps/Dexter/install/dexter_inventory/bin'
[2.063s] Level 1:colcon.colcon_core.environment:checking '/home/aditya/Cpps/Dexter/install/dexter_inventory/lib/pkgconfig/dexter_inventory.pc'
[2.063s] Level 1:colcon.colcon_core.environment:checking '/home/aditya/Cpps/Dexter/install/dexter_inventory/lib/python3.12/site-packages'
[2.063s] Level 1:colcon.colcon_core.shell:create_environment_hook('dexter_inventory', 'pythonpath')
[2.064s] INFO:colcon.colcon_core.shell:Creating environment descriptor '/home/aditya/Cpps/Dexter/install/dexter_inventory/share/dexter_inventory/hook/pythonpath.dsv'
[2.064s] INFO:colcon.colcon_core.shell:Creating environment hook '/home/aditya/Cpps/Dexter/install/dexter_inventory/share/dexter_inventory/hook/pythonpath.sh'
[2.064s] Level 1:colcon.colcon_core.environment:checking '/home/aditya/Cpps/Dexter/install/dexter_inventory/bin'
[2.064s] Level 1:colcon.colcon_core.environment:create_environment_scripts_only(dexter_inventory)
[2.065s] INFO:colcon.colcon_core.shell:Creating package descriptor '/home/aditya/Cpps/Dexter/install/dexter_inventory/share/dexter_inventory/package.dsv'
[2.065s] INFO:colcon.colcon_core.shell:Creating package script '/home/aditya/Cpps/Dexter/install/dexter_inventory/share/dexter_inventory/package.sh'
[2.065s] INFO:colcon.colcon_core.shell:Creating package script '/home/aditya/Cpps/Dexter/install/dexter_inventory/share/dexter_inventory/package.bash'
[2.065s] INFO:colcon.colcon_core.shell:Creating package script '/home/aditya/Cpps/Dexter/install/dexter_inventory/share/dexter_inventory/package.zsh'
[2.066s] Level 1:colcon.colcon_core.environment:create_file_with_runtime_dependencies(/home/aditya/Cpps/Dexter/install/dexter_inventory/share/colcon-core/packages/dexter_inventory)
[2.066s] INFO:colcon.colcon_ros.task.ament_cmake.build:Building ROS package in '/home/aditya/Cpps/Dexter/dexter_remote' with build type 'ament_cmake'
[2.066s] INFO:colcon.colcon_cmake.task.cmake.build:Building CMake package in '/home/aditya/Cpps/Dexter/dexter_remote'
[2.066s] DEBUG:colcon.colcon_core.shell:Skip shell extension 'dsv' for command environment
[2.083s] DEBUG:colcon.colcon_core.event_handler.log_command:Invoking command in '/home/aditya/Cpps/Dexter/build/dexter_remote': AMENT_PREFIX_PATH=/home/aditya/Cpps/Dexter/install/dexter_inventory:/home/aditya/Cpps/Dexter/install/dexter_utils:/home/aditya/Cpps/Dexter/install/dexter_bringup:/home/aditya/Cpps/Dexter/install/dexter_remote:/home/aditya/Cpps/Dexter/install/dexter_msgs:/home/aditya/Cpps/Dexter/install/dexter_moveit:/home/aditya/Cpps/Dexter/install/dexter_controller:/home/aditya/Cpps/Dexter/install/dexter_description:/home/aditya/ros2_ws/install/my_robot_bringup:/home/aditya/ros2_ws/install/my_py_pkg:/home/aditya/ros2_ws/install/my_cpp_pkg:/home/aditya/ros2_ws/install/my_robot_interfaces:/opt/ros/jazzy CMAKE_PREFIX_PATH=/home/aditya/Cpps/Dexter/install/dexter_moveit:/home/aditya/Cpps/Dexter/install/dexter_msgs:/home/aditya/Cpps/Dexter/install/dexter_description:/home/aditya/Cpps/Dexter/install/dexter_utils:/home/aditya/Cpps/Dexter/install/dexter_bringup:/home/aditya/Cpps/Dexter/install/dexter_remote:/home/aditya/Cpps/Dexter/install/dexter_controller:/home/aditya/ros2_ws/install/my_robot_bringup:/home/aditya/ros2_ws/install/my_cpp_pkg:/home/aditya/ros2_ws/install/my_robot_interfaces:/opt/ros/jazzy/opt/gz_sim_vendor:/opt/ros/jazzy/opt/gz_sensors_vendor:/opt/ros/jazzy/opt/gz_physics_vendor:/opt/ros/jazzy/opt/sdformat_vendor:/opt/ros/jazzy/opt/gz_gui_vendor:/opt/ros/jazzy/opt/gz_transport_vendor:/opt/ros/jazzy/opt/gz_rendering_vendor:/opt/ros/jazzy/opt/gz_plugin_vendor:/opt/ros/jazzy/opt/gz_fuel_tools_vendor:/opt/ros/jazzy/opt/gz_msgs_vendor:/opt/ros/jazzy/opt/gz_common_vendor:/opt/ros/jazzy/opt/gz_math_vendor:/opt/ros/jazzy/opt/gz_utils_vendor:/opt/ros/jazzy/opt/gz_tools_vendor:/opt/ros/jazzy/opt/gz_ogre_next_vendor:/opt/ros/jazzy/opt/gz_dartsim_vendor:/opt/ros/jazzy/opt/gz_cmake_vendor:/home/aditya/Cpps/Dexter/install/dexter_inventory:/home/aditya/ros2_ws/install/my_py_pkg:/opt/ros/jazzy DEBUGINFOD_URLS=https://debuginfod.ubuntu.com LD_LIBRARY_PATH=/home/aditya/Cpps/Dexter/install/dexter_msgs/lib:/home/aditya/Cpps/Dexter/install/dexter_remote/lib:/home/aditya/Cpps/Dexter/install/dexter_controller/lib:/home/aditya/ros2_ws/install/my_robot_interfaces/lib:/opt/ros/jazzy/opt/gz_sim_vendor/lib:/opt/ros/jazzy/opt/gz_sensors_vendor/lib:/opt/ros/jazzy/opt/gz_physics_vendor/lib:/opt/ros/jazzy/opt/sdformat_vendor/lib:/opt/ros/jazzy/opt/rviz_ogre_vendor/lib:/opt/ros/jazzy/lib/x86_64-linux-gnu:/opt/ros/jazzy/opt/gz_gui_vendor/lib:/opt/ros/jazzy/opt/gz_transport_vendor/lib:/opt/ros/jazzy/opt/gz_rendering_vendor/lib:/opt/ros/jazzy/opt/gz_plugin_vendor/lib:/opt/ros/jazzy/opt/gz_fuel_tools_vendor/lib:/opt/ros/jazzy/opt/gz_msgs_vendor/lib:/opt/ros/jazzy/opt/gz_common_vendor/lib:/opt/ros/jazzy/opt/gz_math_vendor/lib:/opt/ros/jazzy/opt/gz_utils_vendor/lib:/opt/ros/jazzy/opt/gz_tools_vendor/lib:/opt/ros/jazzy/opt/gz_ogre_next_vendor/lib:/opt/ros/jazzy/opt/gz_dartsim_vendor/lib:/opt/ros/jazzy/opt/gz_cmake_vendor/lib:/opt/ros/jazzy/lib PS1=\[\e]0;\u@\h: \w\a\]${debian_chroot:+($debian_chroot)}\[\033[01;32m\]\u@\h\[\033[00m\]:\[\033[01;34m\]\w\[\033[00m\]\$ PYTHONPATH=/home/aditya/Cpps/Dexter/install/dexter_inventory/lib/python3.12/site-packages:/home/aditya/Cpps/Dexter/install/dexter_msgs/lib/python3.12/site-packages:/home/aditya/Cpps/Dexter/build/dexter_inventory:/home/aditya/Cpps/Dexter/install/dexter_utils/lib/python3.12/site-packages:/home/aditya/Cpps/Dexter/install/dexter_remote/lib/python3.12/site-packages:/home/aditya/Cpps/Dexter/install/dexter_controller/lib/python3.12/site-packages:/home/aditya/ros2_ws/install/my_py_pkg/lib/python3.12/site-packages:/home/aditya/ros2_ws/install/my_robot_interfaces/lib/python3.12/site-packages:/opt/ros/jazzy/lib/python3.12/site-packages VIRTUAL_ENV_PROMPT=(venv-ardupilot) /usr/bin/cmake --build /home/aditya/Cpps/Dexter/build/dexter_remote -- -j28 -l28
[2.579s] DEBUG:colcon.colcon_core.event_handler.log_command:Invoked command in '/home/aditya/Cpps/Dexter/build/dexter_remote' returned '0': AMENT_PREFIX_PATH=/home/aditya/Cpps/Dexter/install/dexter_inventory:/home/aditya/Cpps/Dexter/install/dexter_utils:/home/aditya/Cpps/Dexter/install/dexter_bringup:/home/aditya/Cpps/Dexter/install/dexter_remote:/home/aditya/Cpps/Dexter/install/dexter_msgs:/home/aditya/Cpps/Dexter/install/dexter_moveit:/home/aditya/Cpps/Dexter/install/dexter_controller:/home/aditya/Cpps/Dexter/install/dexter_description:/home/aditya/ros2_ws/install/my_robot_bringup:/home/aditya/ros2_ws/install/my_py_pkg:/home/aditya/ros2_ws/install/my_cpp_pkg:/home/aditya/ros2_ws/install/my_robot_interfaces:/opt/ros/jazzy CMAKE_PREFIX_PATH=/home/aditya/Cpps/Dexter/install/dexter_moveit:/home/aditya/Cpps/Dexter/install/dexter_msgs:/home/aditya/Cpps/Dexter/install/dexter_description:/home/aditya/Cpps/Dexter/install/dexter_utils:/home/aditya/Cpps/Dexter/install/dexter_bringup:/home/aditya/Cpps/Dexter/install/dexter_remote:/home/aditya/Cpps/Dexter/install/dexter_controller:/home/aditya/ros2_ws/install/my_robot_bringup:/home/aditya/ros2_ws/install/my_cpp_pkg:/home/aditya/ros2_ws/install/my_robot_interfaces:/opt/ros/jazzy/opt/gz_sim_vendor:/opt/ros/jazzy/opt/gz_sensors_vendor:/opt/ros/jazzy/opt/gz_physics_vendor:/opt/ros/jazzy/opt/sdformat_vendor:/opt/ros/jazzy/opt/gz_gui_vendor:/opt/ros/jazzy/opt/gz_transport_vendor:/opt/ros/jazzy/opt/gz_rendering_vendor:/opt/ros/jazzy/opt/gz_plugin_vendor:/opt/ros/jazzy/opt/gz_fuel_tools_vendor:/opt/ros/jazzy/opt/gz_msgs_vendor:/opt/ros/jazzy/opt/gz_common_vendor:/opt/ros/jazzy/opt/gz_math_vendor:/opt/ros/jazzy/opt/gz_utils_vendor:/opt/ros/jazzy/opt/gz_tools_vendor:/opt/ros/jazzy/opt/gz_ogre_next_vendor:/opt/ros/jazzy/opt/gz_dartsim_vendor:/opt/ros/jazzy/opt/gz_cmake_vendor:/home/aditya/Cpps/Dexter/install/dexter_inventory:/home/aditya/ros2_ws/install/my_py_pkg:/opt/ros/jazzy DEBUGINFOD_URLS=https://debuginfod.ubuntu.com LD_LIBRARY_PATH=/home/aditya/Cpps/Dexter/install/dexter_msgs/lib:/home/aditya/Cpps/Dexter/install/dexter_remote/lib:/home/aditya/Cpps/Dexter/install/dexter_controller/lib:/home/aditya/ros2_ws/install/my_robot_interfaces/lib:/opt/ros/jazzy/opt/gz_sim_vendor/lib:/opt/ros/jazzy/opt/gz_sensors_vendor/lib:/opt/ros/jazzy/opt/gz_physics_vendor/lib:/opt/ros/jazzy/opt/sdformat_vendor/lib:/opt/ros/jazzy/opt/rviz_ogre_vendor/lib:/opt/ros/jazzy/lib/x86_64-linux-gnu:/opt/ros/jazzy/opt/gz_gui_vendor/lib:/opt/ros/jazzy/opt/gz_transport_vendor/lib:/opt/ros/jazzy/opt/gz_rendering_vendor/lib:/opt/ros/jazzy/opt/gz_plugin_vendor/lib:/opt/ros/jazzy/opt/gz_fuel_tools_vendor/lib:/opt/ros/jazzy/opt/gz_msgs_vendor/lib:/opt/ros/jazzy/opt/gz_common_vendor/lib:/opt/ros/jazzy/opt/gz_math_vendor/lib:/opt/ros/jazzy/opt/gz_utils_vendor/lib:/opt/ros/jazzy/opt/gz_tools_vendor/lib:/opt/ros/jazzy/opt/gz_ogre_next_vendor/lib:/opt/ros/jazzy/opt/gz_dartsim_vendor/lib:/opt/ros/jazzy/opt/gz_cmake_vendor/lib:/opt/ros/jazzy/lib PS1=\[\e]0;\u@\h: \w\a\]${debian_chroot:+($debian_chroot)}\[\033[01;32m\]\u@\h\[\033[00m\]:\[\033[01;34m\]\w\[\033[00m\]\$ PYTHONPATH=/home/aditya/Cpps/Dexter/install/dexter_inventory/lib/python3.12/site-packages:/home/aditya/Cpps/Dexter/install/dexter_msgs/lib/python3.12/site-packages:/home/aditya/Cpps/Dexter/build/dexter_inventory:/home/aditya/Cpps/Dexter/install/dexter_utils/lib/python3.12/site-packages:/home/aditya/Cpps/Dexter/install/dexter_remote/lib/python3.12/site-packages:/home/aditya/Cpps/Dexter/install/dexter_controller/lib/python3.12/site-packages:/home/aditya/ros2_ws/install/my_py_pkg/lib/python3.12/site-packages:/home/aditya/ros2_ws/install/my_robot_interfaces/lib/python3.12/site-packages:/opt/ros/jazzy/lib/python3.12/site-packages VIRTUAL_ENV_PROMPT=(venv-ardupilot) /usr/bin/cmake --build /home/aditya/Cpps/Dexter/build/dexter_remote -- -j28 -l28
[2.581s] DEBUG:colcon.colcon_core.event_handler.log_command:Invoking command in '/home/aditya/Cpps/Dexter/build/dexter_remote': AMENT_PREFIX_PATH=/home/aditya/Cpps/Dexter/install/dexter_inventory:/home/aditya/Cpps/Dexter/install/dexter_utils:/home/aditya/Cpps/Dexter/install/dexter_bringup:/home/aditya/Cpps/Dexter/install/dexter_remote:/home/aditya/Cpps/Dexter/install/dexter_msgs:/home/aditya/Cpps/Dexter/install/dexter_moveit:/home/aditya/Cpps/Dexter/install/dexter_controller:/home/aditya/Cpps/Dexter/install/dexter_description:/home/aditya/ros2_ws/install/my_robot_bringup:/home/aditya/ros2_ws/install/my_py_pkg:/home/aditya/ros2_ws/install/my_cpp_pkg:/home/aditya/ros2_ws/install/my_robot_interfaces:/opt/ros/jazzy CMAKE_PREFIX_PATH=/home/aditya/Cpps/Dexter/install/dexter_moveit:/home/aditya/Cpps/Dexter/install/dexter_msgs:/home/aditya/Cpps/Dexter/install/dexter_description:/home/aditya/Cpps/Dexter/install/dexter_utils:/home/aditya/Cpps/Dexter/install/dexter_bringup:/home/aditya/Cpps/Dexter/install/dexter_remote:/home/aditya/Cpps/Dexter/install/dexter_controller:/home/aditya/ros2_ws/install/my_robot_bringup:/home/aditya/ros2_ws/install/my_cpp_pkg:/home/aditya/ros2_ws/install/my_robot_interfaces:/opt/ros/jazzy/opt/gz_sim_vendor:/opt/ros/jazzy/opt/gz_sensors_vendor:/opt/ros/jazzy/opt/gz_physics_vendor:/opt/ros/jazzy/opt/sdformat_vendor:/opt/ros/jazzy/opt/gz_gui_vendor:/opt/ros/jazzy/opt/gz_transport_vendor:/opt/ros/jazzy/opt/gz_rendering_vendor:/opt/ros/jazzy/opt/gz_plugin_vendor:/opt/ros/jazzy/opt/gz_fuel_tools_vendor:/opt/ros/jazzy/opt/gz_msgs_vendor:/opt/ros/jazzy/opt/gz_common_vendor:/opt/ros/jazzy/opt/gz_math_vendor:/opt/ros/jazzy/opt/gz_utils_vendor:/opt/ros/jazzy/opt/gz_tools_vendor:/opt/ros/jazzy/opt/gz_ogre_next_vendor:/opt/ros/jazzy/opt/gz_dartsim_vendor:/opt/ros/jazzy/opt/gz_cmake_vendor:/home/aditya/Cpps/Dexter/install/dexter_inventory:/home/aditya/ros2_ws/install/my_py_pkg:/opt/ros/jazzy DEBUGINFOD_URLS=https://debuginfod.ubuntu.com LD_LIBRARY_PATH=/home/aditya/Cpps/Dexter/install/dexter_msgs/lib:/home/aditya/Cpps/Dexter/install/dexter_remote/lib:/home/aditya/Cpps/Dexter/install/dexter_controller/lib:/home/aditya/ros2_ws/install/my_robot_interfaces/lib:/opt/ros/jazzy/opt/gz_sim_vendor/lib:/opt/ros/jazzy/opt/gz_sensors_vendor/lib:/opt/ros/jazzy/opt/gz_physics_vendor/lib:/opt/ros/jazzy/opt/sdformat_vendor/lib:/opt/ros/jazzy/opt/rviz_ogre_vendor/lib:/opt/ros/jazzy/lib/x86_64-linux-gnu:/opt/ros/jazzy/opt/gz_gui_vendor/lib:/opt/ros/jazzy/opt/gz_transport_vendor/lib:/opt/ros/jazzy/opt/gz_rendering_vendor/lib:/opt/ros/jazzy/opt/gz_plugin_vendor/lib:/opt/ros/jazzy/opt/gz_fuel_tools_vendor/lib:/opt/ros/jazzy/opt/gz_msgs_vendor/lib:/opt/ros/jazzy/opt/gz_common_vendor/lib:/opt/ros/jazzy/opt/gz_math_vendor/lib:/opt/ros/jazzy/opt/gz_utils_vendor/lib:/opt/ros/jazzy/opt/gz_tools_vendor/lib:/opt/ros/jazzy/opt/gz_ogre_next_vendor/lib:/opt/ros/jazzy/opt/gz_dartsim_vendor/lib:/opt/ros/jazzy/opt/gz_cmake_vendor/lib:/opt/ros/jazzy/lib PS1=\[\e]0;\u@\h: \w\a\]${debian_chroot:+($debian_chroot)}\[\033[01;32m\]\u@\h\[\033[00m\]:\[\033[01;34m\]\w\[\033[00m\]\$ PYTHONPATH=/home/aditya/Cpps/Dexter/install/dexter_inventory/lib/python3.12/site-packages:/home/aditya/Cpps/Dexter/install/dexter_msgs/lib/python3.12/site-packages:/home/aditya/Cpps/Dexter/build/dexter_inventory:/home/aditya/Cpps/Dexter/install/dexter_utils/lib/python3.12/site-packages:/home/aditya/Cpps/Dexter/install/dexter_remote/lib/python3.12/site-packages:/home/aditya/Cpps/Dexter/install/dexter_controller/lib/python3.12/site-packages:/home/aditya/ros2_ws/install/my_py_pkg/lib/python3.12/site-packages:/home/aditya/ros2_ws/install/my_robot_interfaces/lib/python3.12/site-packages:/opt/ros/jazzy/lib/python3.12/site-packages VIRTUAL_ENV_PROMPT=(venv-ardupilot) /usr/bin/cmake --install /home/aditya/Cpps/Dexter/build/dexter_remote
[2.653s] Level 1:colcon.colcon_core.environment:create_environment_scripts_only(dexter_remote)
[2.654s] Level 1:colcon.colcon_core.environment:checking '/home/aditya/Cpps/Dexter/install/dexter_remote' for CMake module files
[2.654s] DEBUG:colcon.colcon_core.event_handler.log_command:Invoked command in '/home/aditya/Cpps/Dexter/build/dexter_remote' returned '0': AMENT_PREFIX_PATH=/home/aditya/Cpps/Dexter/install/dexter_inventory:/home/aditya/Cpps/Dexter/install/dexter_utils:/home/aditya/Cpps/Dexter/install/dexter_bringup:/home/aditya/Cpps/Dexter/install/dexter_remote:/home/aditya/Cpps/Dexter/install/dexter_msgs:/home/aditya/Cpps/Dexter/install/dexter_moveit:/home/aditya/Cpps/Dexter/install/dexter_controller:/home/aditya/Cpps/Dexter/install/dexter_description:/home/aditya/ros2_ws/install/my_robot_bringup:/home/aditya/ros2_ws/install/my_py_pkg:/home/aditya/ros2_ws/install/my_cpp_pkg:/home/aditya/ros2_ws/install/my_robot_interfaces:/opt/ros/jazzy CMAKE_PREFIX_PATH=/home/aditya/Cpps/Dexter/install/dexter_moveit:/home/aditya/Cpps/Dexter/install/dexter_msgs:/home/aditya/Cpps/Dexter/install/dexter_description:/home/aditya/Cpps/Dexter/install/dexter_utils:/home/aditya/Cpps/Dexter/install/dexter_bringup:/home/aditya/Cpps/Dexter/install/dexter_remote:/home/aditya/Cpps/Dexter/install/dexter_controller:/home/aditya/ros2_ws/install/my_robot_bringup:/home/aditya/ros2_ws/install/my_cpp_pkg:/home/aditya/ros2_ws/install/my_robot_interfaces:/opt/ros/jazzy/opt/gz_sim_vendor:/opt/ros/jazzy/opt/gz_sensors_vendor:/opt/ros/jazzy/opt/gz_physics_vendor:/opt/ros/jazzy/opt/sdformat_vendor:/opt/ros/jazzy/opt/gz_gui_vendor:/opt/ros/jazzy/opt/gz_transport_vendor:/opt/ros/jazzy/opt/gz_rendering_vendor:/opt/ros/jazzy/opt/gz_plugin_vendor:/opt/ros/jazzy/opt/gz_fuel_tools_vendor:/opt/ros/jazzy/opt/gz_msgs_vendor:/opt/ros/jazzy/opt/gz_common_vendor:/opt/ros/jazzy/opt/gz_math_vendor:/opt/ros/jazzy/opt/gz_utils_vendor:/opt/ros/jazzy/opt/gz_tools_vendor:/opt/ros/jazzy/opt/gz_ogre_next_vendor:/opt/ros/jazzy/opt/gz_dartsim_vendor:/opt/ros/jazzy/opt/gz_cmake_vendor:/home/aditya/Cpps/Dexter/install/dexter_inventory:/home/aditya/ros2_ws/install/my_py_pkg:/opt/ros/jazzy DEBUGINFOD_URLS=https://debuginfod.ubuntu.com LD_LIBRARY_PATH=/home/aditya/Cpps/Dexter/install/dexter_msgs/lib:/home/aditya/Cpps/Dexter/install/dexter_remote/lib:/home/aditya/Cpps/Dexter/install/dexter_controller/lib:/home/aditya/ros2_ws/install/my_robot_interfaces/lib:/opt/ros/jazzy/opt/gz_sim_vendor/lib:/opt/ros/jazzy/opt/gz_sensors_vendor/lib:/opt/ros/jazzy/opt/gz_physics_vendor/lib:/opt/ros/jazzy/opt/sdformat_vendor/lib:/opt/ros/jazzy/opt/rviz_ogre_vendor/lib:/opt/ros/jazzy/lib/x86_64-linux-gnu:/opt/ros/jazzy/opt/gz_gui_vendor/lib:/opt/ros/jazzy/opt/gz_transport_vendor/lib:/opt/ros/jazzy/opt/gz_rendering_vendor/lib:/opt/ros/jazzy/opt/gz_plugin_vendor/lib:/opt/ros/jazzy/opt/gz_fuel_tools_vendor/lib:/opt/ros/jazzy/opt/gz_msgs_vendor/lib:/opt/ros/jazzy/opt/gz_common_vendor/lib:/opt/ros/jazzy/opt/gz_math_vendor/lib:/opt/ros/jazzy/opt/gz_utils_vendor/lib:/opt/ros/jazzy/opt/gz_tools_vendor/lib:/opt/ros/jazzy/opt/gz_ogre_next_vendor/lib:/opt/ros/jazzy/opt/gz_dartsim_vendor/lib:/opt/ros/jazzy/opt/gz_cmake_vendor/lib:/opt/ros/jazzy/lib PS1=\[\e]0;\u@\h: \w\a\]${debian_chroot:+($debian_chroot)}\[\033[01;32m\]\u@\h\[\033[00m\]:\[\033[01;34m\]\w\[\033[00m\]\$ PYTHONPATH=/home/aditya/Cpps/Dexter/install/dexter_inventory/lib/python3.12/site-packages:/home/aditya/Cpps/Dexter/install/dexter_msgs/lib/python3.12/site-packages:/home/aditya/Cpps/Dexter/build/dexter_inventory:/home/aditya/Cpps/Dexter/install/dexter_utils/lib/python3.12/site-packages:/home/aditya/Cpps/Dexter/install/dexter_remote/lib/python3.12/site-packages:/home/aditya/Cpps/Dexter/install/dexter_controller/lib/python3.12/site-packages:/home/aditya/ros2_ws/install/my_py_pkg/lib/python3.12/site-packages:/home/aditya/ros2_ws/install/my_robot_interfaces/lib/python3.12/site-packages:/opt/ros/jazzy/lib/python3.12/site-packages VIRTUAL_ENV_PROMPT=(venv-ardupilot) /usr/bin/cmake --install /home/aditya/Cpps/Dexter/build/dexter_remote
[2.655s] Level 1:colcon.colcon_core.environment:checking '/home/aditya/Cpps/Dexter/install/dexter_remote' for CMake config files
[2.655s] Level 1:colcon.colcon_core.shell:create_environment_hook('dexter_remote', 'cmake_prefix_path')
[2.655s] INFO:colcon.colcon_core.shell:Creating environment descriptor '/home/aditya/Cpps/Dexter/install/dexter_remote/share/dexter_remote/hook/cmake_prefix_path.dsv'
[2.656s] INFO:colcon.colcon_core.shell:Creating environment hook '/home/aditya/Cpps/Dexter/install/dexter_remote/share/dexter_remote/hook/cmake_prefix_path.sh'
[2.656s] Level 1:colcon.colcon_core.environment:checking '/home/aditya/Cpps/Dexter/install/dexter_remote/lib'
[2.656s] Level 1:colcon.colcon_core.shell:create_environment_hook('dexter_remote', 'ld_library_path_lib')
[2.657s] INFO:colcon.colcon_core.shell:Creating environment descriptor '/home/aditya/Cpps/Dexter/install/dexter_remote/share/dexter_remote/hook/ld_library_path_lib.dsv'
[2.657s] INFO:colcon.colcon_core.shell:Creating environment hook '/home/aditya/Cpps/Dexter/install/dexter_remote/share/dexter_remote/hook/ld_library_path_lib.sh'
[2.657s] Level 1:colcon.colcon_core.environment:checking '/home/aditya/Cpps/Dexter/install/dexter_remote/bin'
[2.657s] Level 1:colcon.colcon_core.environment:checking '/home/aditya/Cpps/Dexter/install/dexter_remote/lib/pkgconfig/dexter_remote.pc'
[2.657s] Level 1:colcon.colcon_core.environment:checking '/home/aditya/Cpps/Dexter/install/dexter_remote/lib/python3.12/site-packages'
[2.658s] Level 1:colcon.colcon_core.shell:create_environment_hook('dexter_remote', 'pythonpath')
[2.658s] INFO:colcon.colcon_core.shell:Creating environment descriptor '/home/aditya/Cpps/Dexter/install/dexter_remote/share/dexter_remote/hook/pythonpath.dsv'
[2.658s] INFO:colcon.colcon_core.shell:Creating environment hook '/home/aditya/Cpps/Dexter/install/dexter_remote/share/dexter_remote/hook/pythonpath.sh'
[2.659s] Level 1:colcon.colcon_core.environment:checking '/home/aditya/Cpps/Dexter/install/dexter_remote/bin'
[2.659s] INFO:colcon.colcon_core.shell:Creating package descriptor '/home/aditya/Cpps/Dexter/install/dexter_remote/share/dexter_remote/package.dsv'
[2.659s] INFO:colcon.colcon_core.shell:Creating package script '/home/aditya/Cpps/Dexter/install/dexter_remote/share/dexter_remote/package.sh'
[2.660s] INFO:colcon.colcon_core.shell:Creating package script '/home/aditya/Cpps/Dexter/install/dexter_remote/share/dexter_remote/package.bash'
[2.660s] INFO:colcon.colcon_core.shell:Creating package script '/home/aditya/Cpps/Dexter/install/dexter_remote/share/dexter_remote/package.zsh'
[2.660s] Level 1:colcon.colcon_core.environment:create_file_with_runtime_dependencies(/home/aditya/Cpps/Dexter/install/dexter_remote/share/colcon-core/packages/dexter_remote)
[2.661s] Level 1:colcon.colcon_core.environment:create_environment_scripts_only(dexter_remote)
[2.661s] Level 1:colcon.colcon_core.environment:checking '/home/aditya/Cpps/Dexter/install/dexter_remote' for CMake module files
[2.661s] Level 1:colcon.colcon_core.environment:checking '/home/aditya/Cpps/Dexter/install/dexter_remote' for CMake config files
[2.662s] Level 1:colcon.colcon_core.shell:create_environment_hook('dexter_remote', 'cmake_prefix_path')
[2.662s] INFO:colcon.colcon_core.shell:Creating environment descriptor '/home/aditya/Cpps/Dexter/install/dexter_remote/share/dexter_remote/hook/cmake_prefix_path.dsv'
[2.664s] INFO:colcon.colcon_core.shell:Creating environment hook '/home/aditya/Cpps/Dexter/install/dexter_remote/share/dexter_remote/hook/cmake_prefix_path.sh'
[2.665s] Level 1:colcon.colcon_core.environment:checking '/home/aditya/Cpps/Dexter/install/dexter_remote/lib'
[2.665s] Level 1:colcon.colcon_core.shell:create_environment_hook('dexter_remote', 'ld_library_path_lib')
[2.665s] INFO:colcon.colcon_core.shell:Creating environment descriptor '/home/aditya/Cpps/Dexter/install/dexter_remote/share/dexter_remote/hook/ld_library_path_lib.dsv'
[2.665s] INFO:colcon.colcon_core.shell:Creating environment hook '/home/aditya/Cpps/Dexter/install/dexter_remote/share/dexter_remote/hook/ld_library_path_lib.sh'
[2.665s] Level 1:colcon.colcon_core.environment:checking '/home/aditya/Cpps/Dexter/install/dexter_remote/bin'
[2.665s] Level 1:colcon.colcon_core.environment:checking '/home/aditya/Cpps/Dexter/install/dexter_remote/lib/pkgconfig/dexter_remote.pc'
[2.666s] Level 1:colcon.colcon_core.environment:checking '/home/aditya/Cpps/Dexter/install/dexter_remote/lib/python3.12/site-packages'
[2.666s] Level 1:colcon.colcon_core.shell:create_environment_hook('dexter_remote', 'pythonpath')
[2.666s] INFO:colcon.colcon_core.shell:Creating environment descriptor '/home/aditya/Cpps/Dexter/install/dexter_remote/share/dexter_remote/hook/pythonpath.dsv'
[2.666s] INFO:colcon.colcon_core.shell:Creating environment hook '/home/aditya/Cpps/Dexter/install/dexter_remote/share/dexter_remote/hook/pythonpath.sh'
[2.667s] Level 1:colcon.colcon_core.environment:checking '/home/aditya/Cpps/Dexter/install/dexter_remote/bin'
[2.667s] INFO:colcon.colcon_core.shell:Creating package descriptor '/home/aditya/Cpps/Dexter/install/dexter_remote/share/dexter_remote/package.dsv'
[2.667s] INFO:colcon.colcon_core.shell:Creating package script '/home/aditya/Cpps/Dexter/install/dexter_remote/share/dexter_remote/package.sh'
[2.668s] INFO:colcon.colcon_core.shell:Creating package script '/home/aditya/Cpps/Dexter/install/dexter_remote/share/dexter_remote/package.bash'
[2.668s] INFO:colcon.colcon_core.shell:Creating package script '/home/aditya/Cpps/Dexter/install/dexter_remote/share/dexter_remote/package.zsh'
[2.668s] Level 1:colcon.colcon_core.environment:create_file_with_runtime_dependencies(/home/aditya/Cpps/Dexter/install/dexter_remote/share/colcon-core/packages/dexter_remote)
[2.668s] INFO:colcon.colcon_ros.task.ament_cmake.build:Building ROS package in '/home/aditya/Cpps/Dexter/dexter_bringup' with build type 'ament_cmake'
[2.669s] INFO:colcon.colcon_cmake.task.cmake.build:Building CMake package in '/home/aditya/Cpps/Dexter/dexter_bringup'
[2.669s] DEBUG:colcon.colcon_core.shell:Skip shell extension 'dsv' for command environment
[2.694s] DEBUG:colcon.colcon_core.event_handler.log_command:Invoking command in '/home/aditya/Cpps/Dexter/build/dexter_bringup': AMENT_PREFIX_PATH=/home/aditya/Cpps/Dexter/install/dexter_inventory:/home/aditya/Cpps/Dexter/install/dexter_utils:/home/aditya/Cpps/Dexter/install/dexter_bringup:/home/aditya/Cpps/Dexter/install/dexter_remote:/home/aditya/Cpps/Dexter/install/dexter_msgs:/home/aditya/Cpps/Dexter/install/dexter_moveit:/home/aditya/Cpps/Dexter/install/dexter_controller:/home/aditya/Cpps/Dexter/install/dexter_description:/home/aditya/ros2_ws/install/my_robot_bringup:/home/aditya/ros2_ws/install/my_py_pkg:/home/aditya/ros2_ws/install/my_cpp_pkg:/home/aditya/ros2_ws/install/my_robot_interfaces:/opt/ros/jazzy CMAKE_PREFIX_PATH=/home/aditya/Cpps/Dexter/install/dexter_remote:/home/aditya/Cpps/Dexter/install/dexter_moveit:/home/aditya/Cpps/Dexter/install/dexter_controller:/home/aditya/Cpps/Dexter/install/dexter_msgs:/home/aditya/Cpps/Dexter/install/dexter_description:/home/aditya/Cpps/Dexter/install/dexter_utils:/home/aditya/Cpps/Dexter/install/dexter_bringup:/home/aditya/ros2_ws/install/my_robot_bringup:/home/aditya/ros2_ws/install/my_cpp_pkg:/home/aditya/ros2_ws/install/my_robot_interfaces:/opt/ros/jazzy/opt/gz_sim_vendor:/opt/ros/jazzy/opt/gz_sensors_vendor:/opt/ros/jazzy/opt/gz_physics_vendor:/opt/ros/jazzy/opt/sdformat_vendor:/opt/ros/jazzy/opt/gz_gui_vendor:/opt/ros/jazzy/opt/gz_transport_vendor:/opt/ros/jazzy/opt/gz_rendering_vendor:/opt/ros/jazzy/opt/gz_plugin_vendor:/opt/ros/jazzy/opt/gz_fuel_tools_vendor:/opt/ros/jazzy/opt/gz_msgs_vendor:/opt/ros/jazzy/opt/gz_common_vendor:/opt/ros/jazzy/opt/gz_math_vendor:/opt/ros/jazzy/opt/gz_utils_vendor:/opt/ros/jazzy/opt/gz_tools_vendor:/opt/ros/jazzy/opt/gz_ogre_next_vendor:/opt/ros/jazzy/opt/gz_dartsim_vendor:/opt/ros/jazzy/opt/gz_cmake_vendor:/home/aditya/Cpps/Dexter/install/dexter_inventory:/home/aditya/ros2_ws/install/my_py_pkg:/opt/ros/jazzy DEBUGINFOD_URLS=https://debuginfod.ubuntu.com LD_LIBRARY_PATH=/home/aditya/Cpps/Dexter/install/dexter_remote/lib:/home/aditya/Cpps/Dexter/install/dexter_controller/lib:/home/aditya/Cpps/Dexter/install/dexter_msgs/lib:/home/aditya/ros2_ws/install/my_robot_interfaces/lib:/opt/ros/jazzy/opt/gz_sim_vendor/lib:/opt/ros/jazzy/opt/gz_sensors_vendor/lib:/opt/ros/jazzy/opt/gz_physics_vendor/lib:/opt/ros/jazzy/opt/sdformat_vendor/lib:/opt/ros/jazzy/opt/rviz_ogre_vendor/lib:/opt/ros/jazzy/lib/x86_64-linux-gnu:/opt/ros/jazzy/opt/gz_gui_vendor/lib:/opt/ros/jazzy/opt/gz_transport_vendor/lib:/opt/ros/jazzy/opt/gz_rendering_vendor/lib:/opt/ros/jazzy/opt/gz_plugin_vendor/lib:/opt/ros/jazzy/opt/gz_fuel_tools_vendor/lib:/opt/ros/jazzy/opt/gz_msgs_vendor/lib:/opt/ros/jazzy/opt/gz_common_vendor/lib:/opt/ros/jazzy/opt/gz_math_vendor/lib:/opt/ros/jazzy/opt/gz_utils_vendor/lib:/opt/ros/jazzy/opt/gz_tools_vendor/lib:/opt/ros/jazzy/opt/gz_ogre_next_vendor/lib:/opt/ros/jazzy/opt/gz_dartsim_vendor/lib:/opt/ros/jazzy/opt/gz_cmake_vendor/lib:/opt/ros/jazzy/lib PS1=\[\e]0;\u@\h: \w\a\]${debian_chroot:+($debian_chroot)}\[\033[01;32m\]\u@\h\[\033[00m\]:\[\033[01;34m\]\w\[\033[00m\]\$ PYTHONPATH=/home/aditya/Cpps/Dexter/install/dexter_remote/lib/python3.12/site-packages:/home/aditya/Cpps/Dexter/install/dexter_inventory/lib/python3.12/site-packages:/home/aditya/Cpps/Dexter/install/dexter_controller/lib/python3.12/site-packages:/home/aditya/Cpps/Dexter/install/dexter_msgs/lib/python3.12/site-packages:/home/aditya/Cpps/Dexter/build/dexter_inventory:/home/aditya/Cpps/Dexter/install/dexter_utils/lib/python3.12/site-packages:/home/aditya/ros2_ws/install/my_py_pkg/lib/python3.12/site-packages:/home/aditya/ros2_ws/install/my_robot_interfaces/lib/python3.12/site-packages:/opt/ros/jazzy/lib/python3.12/site-packages VIRTUAL_ENV_PROMPT=(venv-ardupilot) /usr/bin/cmake --build /home/aditya/Cpps/Dexter/build/dexter_bringup -- -j28 -l28
[2.745s] DEBUG:colcon.colcon_core.event_handler.log_command:Invoked command in '/home/aditya/Cpps/Dexter/build/dexter_bringup' returned '0': AMENT_PREFIX_PATH=/home/aditya/Cpps/Dexter/install/dexter_inventory:/home/aditya/Cpps/Dexter/install/dexter_utils:/home/aditya/Cpps/Dexter/install/dexter_bringup:/home/aditya/Cpps/Dexter/install/dexter_remote:/home/aditya/Cpps/Dexter/install/dexter_msgs:/home/aditya/Cpps/Dexter/install/dexter_moveit:/home/aditya/Cpps/Dexter/install/dexter_controller:/home/aditya/Cpps/Dexter/install/dexter_description:/home/aditya/ros2_ws/install/my_robot_bringup:/home/aditya/ros2_ws/install/my_py_pkg:/home/aditya/ros2_ws/install/my_cpp_pkg:/home/aditya/ros2_ws/install/my_robot_interfaces:/opt/ros/jazzy CMAKE_PREFIX_PATH=/home/aditya/Cpps/Dexter/install/dexter_remote:/home/aditya/Cpps/Dexter/install/dexter_moveit:/home/aditya/Cpps/Dexter/install/dexter_controller:/home/aditya/Cpps/Dexter/install/dexter_msgs:/home/aditya/Cpps/Dexter/install/dexter_description:/home/aditya/Cpps/Dexter/install/dexter_utils:/home/aditya/Cpps/Dexter/install/dexter_bringup:/home/aditya/ros2_ws/install/my_robot_bringup:/home/aditya/ros2_ws/install/my_cpp_pkg:/home/aditya/ros2_ws/install/my_robot_interfaces:/opt/ros/jazzy/opt/gz_sim_vendor:/opt/ros/jazzy/opt/gz_sensors_vendor:/opt/ros/jazzy/opt/gz_physics_vendor:/opt/ros/jazzy/opt/sdformat_vendor:/opt/ros/jazzy/opt/gz_gui_vendor:/opt/ros/jazzy/opt/gz_transport_vendor:/opt/ros/jazzy/opt/gz_rendering_vendor:/opt/ros/jazzy/opt/gz_plugin_vendor:/opt/ros/jazzy/opt/gz_fuel_tools_vendor:/opt/ros/jazzy/opt/gz_msgs_vendor:/opt/ros/jazzy/opt/gz_common_vendor:/opt/ros/jazzy/opt/gz_math_vendor:/opt/ros/jazzy/opt/gz_utils_vendor:/opt/ros/jazzy/opt/gz_tools_vendor:/opt/ros/jazzy/opt/gz_ogre_next_vendor:/opt/ros/jazzy/opt/gz_dartsim_vendor:/opt/ros/jazzy/opt/gz_cmake_vendor:/home/aditya/Cpps/Dexter/install/dexter_inventory:/home/aditya/ros2_ws/install/my_py_pkg:/opt/ros/jazzy DEBUGINFOD_URLS=https://debuginfod.ubuntu.com LD_LIBRARY_PATH=/home/aditya/Cpps/Dexter/install/dexter_remote/lib:/home/aditya/Cpps/Dexter/install/dexter_controller/lib:/home/aditya/Cpps/Dexter/install/dexter_msgs/lib:/home/aditya/ros2_ws/install/my_robot_interfaces/lib:/opt/ros/jazzy/opt/gz_sim_vendor/lib:/opt/ros/jazzy/opt/gz_sensors_vendor/lib:/opt/ros/jazzy/opt/gz_physics_vendor/lib:/opt/ros/jazzy/opt/sdformat_vendor/lib:/opt/ros/jazzy/opt/rviz_ogre_vendor/lib:/opt/ros/jazzy/lib/x86_64-linux-gnu:/opt/ros/jazzy/opt/gz_gui_vendor/lib:/opt/ros/jazzy/opt/gz_transport_vendor/lib:/opt/ros/jazzy/opt/gz_rendering_vendor/lib:/opt/ros/jazzy/opt/gz_plugin_vendor/lib:/opt/ros/jazzy/opt/gz_fuel_tools_vendor/lib:/opt/ros/jazzy/opt/gz_msgs_vendor/lib:/opt/ros/jazzy/opt/gz_common_vendor/lib:/opt/ros/jazzy/opt/gz_math_vendor/lib:/opt/ros/jazzy/opt/gz_utils_vendor/lib:/opt/ros/jazzy/opt/gz_tools_vendor/lib:/opt/ros/jazzy/opt/gz_ogre_next_vendor/lib:/opt/ros/jazzy/opt/gz_dartsim_vendor/lib:/opt/ros/jazzy/opt/gz_cmake_vendor/lib:/opt/ros/jazzy/lib PS1=\[\e]0;\u@\h: \w\a\]${debian_chroot:+($debian_chroot)}\[\033[01;32m\]\u@\h\[\033[00m\]:\[\033[01;34m\]\w\[\033[00m\]\$ PYTHONPATH=/home/aditya/Cpps/Dexter/install/dexter_remote/lib/python3.12/site-packages:/home/aditya/Cpps/Dexter/install/dexter_inventory/lib/python3.12/site-packages:/home/aditya/Cpps/Dexter/install/dexter_controller/lib/python3.12/site-packages:/home/aditya/Cpps/Dexter/install/dexter_msgs/lib/python3.12/site-packages:/home/aditya/Cpps/Dexter/build/dexter_inventory:/home/aditya/Cpps/Dexter/install/dexter_utils/lib/python3.12/site-packages:/home/aditya/ros2_ws/install/my_py_pkg/lib/python3.12/site-packages:/home/aditya/ros2_ws/install/my_robot_interfaces/lib/python3.12/site-packages:/opt/ros/jazzy/lib/python3.12/site-packages VIRTUAL_ENV_PROMPT=(venv-ardupilot) /usr/bin/cmake --build /home/aditya/Cpps/Dexter/build/dexter_bringup -- -j28 -l28
[2.745s] DEBUG:colcon.colcon_core.event_handler.log_command:Invoking command in '/home/aditya/Cpps/Dexter/build/dexter_bringup': AMENT_PREFIX_PATH=/home/aditya/Cpps/Dexter/install/dexter_inventory:/home/aditya/Cpps/Dexter/install/dexter_utils:/home/aditya/Cpps/Dexter/install/dexter_bringup:/home/aditya/Cpps/Dexter/install/dexter_remote:/home/aditya/Cpps/Dexter/install/dexter_msgs:/home/aditya/Cpps/Dexter/install/dexter_moveit:/home/aditya/Cpps/Dexter/install/dexter_controller:/home/aditya/Cpps/Dexter/install/dexter_description:/home/aditya/ros2_ws/install/my_robot_bringup:/home/aditya/ros2_ws/install/my_py_pkg:/home/aditya/ros2_ws/install/my_cpp_pkg:/home/aditya/ros2_ws/install/my_robot_interfaces:/opt/ros/jazzy CMAKE_PREFIX_PATH=/home/aditya/Cpps/Dexter/install/dexter_remote:/home/aditya/Cpps/Dexter/install/dexter_moveit:/home/aditya/Cpps/Dexter/install/dexter_controller:/home/aditya/Cpps/Dexter/install/dexter_msgs:/home/aditya/Cpps/Dexter/install/dexter_description:/home/aditya/Cpps/Dexter/install/dexter_utils:/home/aditya/Cpps/Dexter/install/dexter_bringup:/home/aditya/ros2_ws/install/my_robot_bringup:/home/aditya/ros2_ws/install/my_cpp_pkg:/home/aditya/ros2_ws/install/my_robot_interfaces:/opt/ros/jazzy/opt/gz_sim_vendor:/opt/ros/jazzy/opt/gz_sensors_vendor:/opt/ros/jazzy/opt/gz_physics_vendor:/opt/ros/jazzy/opt/sdformat_vendor:/opt/ros/jazzy/opt/gz_gui_vendor:/opt/ros/jazzy/opt/gz_transport_vendor:/opt/ros/jazzy/opt/gz_rendering_vendor:/opt/ros/jazzy/opt/gz_plugin_vendor:/opt/ros/jazzy/opt/gz_fuel_tools_vendor:/opt/ros/jazzy/opt/gz_msgs_vendor:/opt/ros/jazzy/opt/gz_common_vendor:/opt/ros/jazzy/opt/gz_math_vendor:/opt/ros/jazzy/opt/gz_utils_vendor:/opt/ros/jazzy/opt/gz_tools_vendor:/opt/ros/jazzy/opt/gz_ogre_next_vendor:/opt/ros/jazzy/opt/gz_dartsim_vendor:/opt/ros/jazzy/opt/gz_cmake_vendor:/home/aditya/Cpps/Dexter/install/dexter_inventory:/home/aditya/ros2_ws/install/my_py_pkg:/opt/ros/jazzy DEBUGINFOD_URLS=https://debuginfod.ubuntu.com LD_LIBRARY_PATH=/home/aditya/Cpps/Dexter/install/dexter_remote/lib:/home/aditya/Cpps/Dexter/install/dexter_controller/lib:/home/aditya/Cpps/Dexter/install/dexter_msgs/lib:/home/aditya/ros2_ws/install/my_robot_interfaces/lib:/opt/ros/jazzy/opt/gz_sim_vendor/lib:/opt/ros/jazzy/opt/gz_sensors_vendor/lib:/opt/ros/jazzy/opt/gz_physics_vendor/lib:/opt/ros/jazzy/opt/sdformat_vendor/lib:/opt/ros/jazzy/opt/rviz_ogre_vendor/lib:/opt/ros/jazzy/lib/x86_64-linux-gnu:/opt/ros/jazzy/opt/gz_gui_vendor/lib:/opt/ros/jazzy/opt/gz_transport_vendor/lib:/opt/ros/jazzy/opt/gz_rendering_vendor/lib:/opt/ros/jazzy/opt/gz_plugin_vendor/lib:/opt/ros/jazzy/opt/gz_fuel_tools_vendor/lib:/opt/ros/jazzy/opt/gz_msgs_vendor/lib:/opt/ros/jazzy/opt/gz_common_vendor/lib:/opt/ros/jazzy/opt/gz_math_vendor/lib:/opt/ros/jazzy/opt/gz_utils_vendor/lib:/opt/ros/jazzy/opt/gz_tools_vendor/lib:/opt/ros/jazzy/opt/gz_ogre_next_vendor/lib:/opt/ros/jazzy/opt/gz_dartsim_vendor/lib:/opt/ros/jazzy/opt/gz_cmake_vendor/lib:/opt/ros/jazzy/lib PS1=\[\e]0;\u@\h: \w\a\]${debian_chroot:+($debian_chroot)}\[\033[01;32m\]\u@\h\[\033[00m\]:\[\033[01;34m\]\w\[\033[00m\]\$ PYTHONPATH=/home/aditya/Cpps/Dexter/install/dexter_remote/lib/python3.12/site-packages:/home/aditya/Cpps/Dexter/install/dexter_inventory/lib/python3.12/site-packages:/home/aditya/Cpps/Dexter/install/dexter_controller/lib/python3.12/site-packages:/home/aditya/Cpps/Dexter/install/dexter_msgs/lib/python3.12/site-packages:/home/aditya/Cpps/Dexter/build/dexter_inventory:/home/aditya/Cpps/Dexter/install/dexter_utils/lib/python3.12/site-packages:/home/aditya/ros2_ws/install/my_py_pkg/lib/python3.12/site-packages:/home/aditya/ros2_ws/install/my_robot_interfaces/lib/python3.12/site-packages:/opt/ros/jazzy/lib/python3.12/site-packages VIRTUAL_ENV_PROMPT=(venv-ardupilot) /usr/bin/cmake --install /home/aditya/Cpps/Dexter/build/dexter_bringup
[2.774s] Level 1:colcon.colcon_core.environment:create_environment_scripts_only(dexter_bringup)
[2.774s] Level 1:colcon.colcon_core.environment:checking '/home/aditya/Cpps/Dexter/install/dexter_bringup' for CMake module files
[2.774s] DEBUG:colcon.colcon_core.event_handler.log_command:Invoked command in '/home/aditya/Cpps/Dexter/build/dexter_bringup' returned '0': AMENT_PREFIX_PATH=/home/aditya/Cpps/Dexter/install/dexter_inventory:/home/aditya/Cpps/Dexter/install/dexter_utils:/home/aditya/Cpps/Dexter/install/dexter_bringup:/home/aditya/Cpps/Dexter/install/dexter_remote:/home/aditya/Cpps/Dexter/install/dexter_msgs:/home/aditya/Cpps/Dexter/install/dexter_moveit:/home/aditya/Cpps/Dexter/install/dexter_controller:/home/aditya/Cpps/Dexter/install/dexter_description:/home/aditya/ros2_ws/install/my_robot_bringup:/home/aditya/ros2_ws/install/my_py_pkg:/home/aditya/ros2_ws/install/my_cpp_pkg:/home/aditya/ros2_ws/install/my_robot_interfaces:/opt/ros/jazzy CMAKE_PREFIX_PATH=/home/aditya/Cpps/Dexter/install/dexter_remote:/home/aditya/Cpps/Dexter/install/dexter_moveit:/home/aditya/Cpps/Dexter/install/dexter_controller:/home/aditya/Cpps/Dexter/install/dexter_msgs:/home/aditya/Cpps/Dexter/install/dexter_description:/home/aditya/Cpps/Dexter/install/dexter_utils:/home/aditya/Cpps/Dexter/install/dexter_bringup:/home/aditya/ros2_ws/install/my_robot_bringup:/home/aditya/ros2_ws/install/my_cpp_pkg:/home/aditya/ros2_ws/install/my_robot_interfaces:/opt/ros/jazzy/opt/gz_sim_vendor:/opt/ros/jazzy/opt/gz_sensors_vendor:/opt/ros/jazzy/opt/gz_physics_vendor:/opt/ros/jazzy/opt/sdformat_vendor:/opt/ros/jazzy/opt/gz_gui_vendor:/opt/ros/jazzy/opt/gz_transport_vendor:/opt/ros/jazzy/opt/gz_rendering_vendor:/opt/ros/jazzy/opt/gz_plugin_vendor:/opt/ros/jazzy/opt/gz_fuel_tools_vendor:/opt/ros/jazzy/opt/gz_msgs_vendor:/opt/ros/jazzy/opt/gz_common_vendor:/opt/ros/jazzy/opt/gz_math_vendor:/opt/ros/jazzy/opt/gz_utils_vendor:/opt/ros/jazzy/opt/gz_tools_vendor:/opt/ros/jazzy/opt/gz_ogre_next_vendor:/opt/ros/jazzy/opt/gz_dartsim_vendor:/opt/ros/jazzy/opt/gz_cmake_vendor:/home/aditya/Cpps/Dexter/install/dexter_inventory:/home/aditya/ros2_ws/install/my_py_pkg:/opt/ros/jazzy DEBUGINFOD_URLS=https://debuginfod.ubuntu.com LD_LIBRARY_PATH=/home/aditya/Cpps/Dexter/install/dexter_remote/lib:/home/aditya/Cpps/Dexter/install/dexter_controller/lib:/home/aditya/Cpps/Dexter/install/dexter_msgs/lib:/home/aditya/ros2_ws/install/my_robot_interfaces/lib:/opt/ros/jazzy/opt/gz_sim_vendor/lib:/opt/ros/jazzy/opt/gz_sensors_vendor/lib:/opt/ros/jazzy/opt/gz_physics_vendor/lib:/opt/ros/jazzy/opt/sdformat_vendor/lib:/opt/ros/jazzy/opt/rviz_ogre_vendor/lib:/opt/ros/jazzy/lib/x86_64-linux-gnu:/opt/ros/jazzy/opt/gz_gui_vendor/lib:/opt/ros/jazzy/opt/gz_transport_vendor/lib:/opt/ros/jazzy/opt/gz_rendering_vendor/lib:/opt/ros/jazzy/opt/gz_plugin_vendor/lib:/opt/ros/jazzy/opt/gz_fuel_tools_vendor/lib:/opt/ros/jazzy/opt/gz_msgs_vendor/lib:/opt/ros/jazzy/opt/gz_common_vendor/lib:/opt/ros/jazzy/opt/gz_math_vendor/lib:/opt/ros/jazzy/opt/gz_utils_vendor/lib:/opt/ros/jazzy/opt/gz_tools_vendor/lib:/opt/ros/jazzy/opt/gz_ogre_next_vendor/lib:/opt/ros/jazzy/opt/gz_dartsim_vendor/lib:/opt/ros/jazzy/opt/gz_cmake_vendor/lib:/opt/ros/jazzy/lib PS1=\[\e]0;\u@\h: \w\a\]${debian_chroot:+($debian_chroot)}\[\033[01;32m\]\u@\h\[\033[00m\]:\[\033[01;34m\]\w\[\033[00m\]\$ PYTHONPATH=/home/aditya/Cpps/Dexter/install/dexter_remote/lib/python3.12/site-packages:/home/aditya/Cpps/Dexter/install/dexter_inventory/lib/python3.12/site-packages:/home/aditya/Cpps/Dexter/install/dexter_controller/lib/python3.12/site-packages:/home/aditya/Cpps/Dexter/install/dexter_msgs/lib/python3.12/site-packages:/home/aditya/Cpps/Dexter/build/dexter_inventory:/home/aditya/Cpps/Dexter/install/dexter_utils/lib/python3.12/site-packages:/home/aditya/ros2_ws/install/my_py_pkg/lib/python3.12/site-packages:/home/aditya/ros2_ws/install/my_robot_interfaces/lib/python3.12/site-packages:/opt/ros/jazzy/lib/python3.12/site-packages VIRTUAL_ENV_PROMPT=(venv-ardupilot) /usr/bin/cmake --install /home/aditya/Cpps/Dexter/build/dexter_bringup
[2.775s] Level 1:colcon.colcon_core.environment:checking '/home/aditya/Cpps/Dexter/install/dexter_bringup' for CMake config files
[2.775s] Level 1:colcon.colcon_core.shell:create_environment_hook('dexter_bringup', 'cmake_prefix_path')
[2.775s] INFO:colcon.colcon_core.shell:Creating environment descriptor '/home/aditya/Cpps/Dexter/install/dexter_bringup/share/dexter_bringup/hook/cmake_prefix_path.dsv'
[2.776s] INFO:colcon.colcon_core.shell:Creating environment hook '/home/aditya/Cpps/Dexter/install/dexter_bringup/share/dexter_bringup/hook/cmake_prefix_path.sh'
[2.776s] Level 1:colcon.colcon_core.environment:checking '/home/aditya/Cpps/Dexter/install/dexter_bringup/bin'
[2.776s] Level 1:colcon.colcon_core.environment:checking '/home/aditya/Cpps/Dexter/install/dexter_bringup/lib/pkgconfig/dexter_bringup.pc'
[2.776s] Level 1:colcon.colcon_core.environment:checking '/home/aditya/Cpps/Dexter/install/dexter_bringup/lib/python3.12/site-packages'
[2.777s] Level 1:colcon.colcon_core.environment:checking '/home/aditya/Cpps/Dexter/install/dexter_bringup/bin'
[2.777s] INFO:colcon.colcon_core.shell:Creating package descriptor '/home/aditya/Cpps/Dexter/install/dexter_bringup/share/dexter_bringup/package.dsv'
[2.777s] INFO:colcon.colcon_core.shell:Creating package script '/home/aditya/Cpps/Dexter/install/dexter_bringup/share/dexter_bringup/package.sh'
[2.777s] INFO:colcon.colcon_core.shell:Creating package script '/home/aditya/Cpps/Dexter/install/dexter_bringup/share/dexter_bringup/package.bash'
[2.778s] INFO:colcon.colcon_core.shell:Creating package script '/home/aditya/Cpps/Dexter/install/dexter_bringup/share/dexter_bringup/package.zsh'
[2.778s] Level 1:colcon.colcon_core.environment:create_file_with_runtime_dependencies(/home/aditya/Cpps/Dexter/install/dexter_bringup/share/colcon-core/packages/dexter_bringup)
[2.778s] Level 1:colcon.colcon_core.environment:create_environment_scripts_only(dexter_bringup)
[2.778s] Level 1:colcon.colcon_core.environment:checking '/home/aditya/Cpps/Dexter/install/dexter_bringup' for CMake module files
[2.779s] Level 1:colcon.colcon_core.environment:checking '/home/aditya/Cpps/Dexter/install/dexter_bringup' for CMake config files
[2.779s] Level 1:colcon.colcon_core.shell:create_environment_hook('dexter_bringup', 'cmake_prefix_path')
[2.779s] INFO:colcon.colcon_core.shell:Creating environment descriptor '/home/aditya/Cpps/Dexter/install/dexter_bringup/share/dexter_bringup/hook/cmake_prefix_path.dsv'
[2.779s] INFO:colcon.colcon_core.shell:Creating environment hook '/home/aditya/Cpps/Dexter/install/dexter_bringup/share/dexter_bringup/hook/cmake_prefix_path.sh'
[2.780s] Level 1:colcon.colcon_core.environment:checking '/home/aditya/Cpps/Dexter/install/dexter_bringup/bin'
[2.780s] Level 1:colcon.colcon_core.environment:checking '/home/aditya/Cpps/Dexter/install/dexter_bringup/lib/pkgconfig/dexter_bringup.pc'
[2.780s] Level 1:colcon.colcon_core.environment:checking '/home/aditya/Cpps/Dexter/install/dexter_bringup/lib/python3.12/site-packages'
[2.780s] Level 1:colcon.colcon_core.environment:checking '/home/aditya/Cpps/Dexter/install/dexter_bringup/bin'
[2.780s] INFO:colcon.colcon_core.shell:Creating package descriptor '/home/aditya/Cpps/Dexter/install/dexter_bringup/share/dexter_bringup/package.dsv'
[2.780s] INFO:colcon.colcon_core.shell:Creating package script '/home/aditya/Cpps/Dexter/install/dexter_bringup/share/dexter_bringup/package.sh'
[2.781s] INFO:colcon.colcon_core.shell:Creating package script '/home/aditya/Cpps/Dexter/install/dexter_bringup/share/dexter_bringup/package.bash'
[2.781s] INFO:colcon.colcon_core.shell:Creating package script '/home/aditya/Cpps/Dexter/install/dexter_bringup/share/dexter_bringup/package.zsh'
[2.781s] Level 1:colcon.colcon_core.environment:create_file_with_runtime_dependencies(/home/aditya/Cpps/Dexter/install/dexter_bringup/share/colcon-core/packages/dexter_bringup)
[2.781s] DEBUG:colcon.colcon_parallel_executor.executor.parallel:closing loop
[2.782s] DEBUG:colcon.colcon_parallel_executor.executor.parallel:loop closed
[2.782s] DEBUG:colcon.colcon_parallel_executor.executor.parallel:run_until_complete finished with '0'
[2.782s] DEBUG:colcon.colcon_core.event_reactor:joining thread
[2.787s] INFO:colcon.colcon_core.plugin_system:Skipping extension 'colcon_notification.desktop_notification.terminal_notifier': Not used on non-Darwin systems
[2.787s] INFO:colcon.colcon_core.plugin_system:Skipping extension 'colcon_notification.desktop_notification.win32': Not used on non-Windows systems
[2.787s] INFO:colcon.colcon_notification.desktop_notification:Sending desktop notification using 'notify2'
[2.807s] DEBUG:colcon.colcon_core.event_reactor:joined thread
[2.807s] INFO:colcon.colcon_core.shell:Creating prefix script '/home/aditya/Cpps/Dexter/install/local_setup.sh'
[2.808s] INFO:colcon.colcon_core.shell:Creating prefix util module '/home/aditya/Cpps/Dexter/install/_local_setup_util_sh.py'
[2.809s] INFO:colcon.colcon_core.shell:Creating prefix chain script '/home/aditya/Cpps/Dexter/install/setup.sh'
[2.811s] INFO:colcon.colcon_core.shell:Creating prefix script '/home/aditya/Cpps/Dexter/install/local_setup.bash'
[2.811s] INFO:colcon.colcon_core.shell:Creating prefix chain script '/home/aditya/Cpps/Dexter/install/setup.bash'
[2.813s] INFO:colcon.colcon_core.shell:Creating prefix script '/home/aditya/Cpps/Dexter/install/local_setup.zsh'
[2.813s] INFO:colcon.colcon_core.shell:Creating prefix chain script '/home/aditya/Cpps/Dexter/install/setup.zsh'
