[0.071s] DEBUG:colcon:Command line arguments: ['/usr/bin/colcon', 'build']
[0.071s] DEBUG:colcon:Parsed command line arguments: Namespace(log_base=None, log_level=None, verb_name='build', build_base='build', install_base='install', merge_install=False, symlink_install=False, test_result_base=None, continue_on_error=False, executor='parallel', parallel_workers=28, event_handlers=None, ignore_user_meta=False, metas=['./colcon.meta'], base_paths=['.'], packages_ignore=None, packages_ignore_regex=None, paths=None, packages_up_to=None, packages_up_to_regex=None, packages_above=None, packages_above_and_dependencies=None, packages_above_depth=None, packages_select_by_dep=None, packages_skip_by_dep=None, packages_skip_up_to=None, packages_select_build_failed=False, packages_skip_build_finished=False, packages_select_test_failures=False, packages_skip_test_passed=False, packages_select=None, packages_skip=None, packages_select_regex=None, packages_skip_regex=None, packages_start=None, packages_end=None, cmake_args=None, cmake_target=None, cmake_target_skip_unavailable=False, cmake_clean_cache=False, cmake_clean_first=False, cmake_force_configure=False, ament_cmake_args=None, catkin_cmake_args=None, catkin_skip_building_tests=False, verb_parser=<colcon_defaults.argument_parser.defaults.DefaultArgumentsDecorator object at 0x750f7d52d220>, verb_extension=<colcon_core.verb.build.BuildVerb object at 0x750f7d6b3b60>, main=<bound method BuildVerb.main of <colcon_core.verb.build.BuildVerb object at 0x750f7d6b3b60>>)
[0.097s] Level 1:colcon.colcon_core.package_discovery:discover_packages(colcon_meta) check parameters
[0.097s] Level 1:colcon.colcon_core.package_discovery:discover_packages(recursive) check parameters
[0.097s] Level 1:colcon.colcon_core.package_discovery:discover_packages(ignore) check parameters
[0.097s] Level 1:colcon.colcon_core.package_discovery:discover_packages(path) check parameters
[0.097s] Level 1:colcon.colcon_core.package_discovery:discover_packages(colcon_meta) discover
[0.097s] Level 1:colcon.colcon_core.package_discovery:discover_packages(recursive) discover
[0.097s] INFO:colcon.colcon_core.package_discovery:Crawling recursively for packages in '/home/aditya/Cpps/Dexter'
[0.097s] Level 1:colcon.colcon_core.package_identification:_identify(.) by extensions ['ignore', 'ignore_ament_install']
[0.098s] Level 1:colcon.colcon_core.package_identification:_identify(.) by extension 'ignore'
[0.098s] Level 1:colcon.colcon_core.package_identification:_identify(.) by extension 'ignore_ament_install'
[0.098s] Level 1:colcon.colcon_core.package_identification:_identify(.) by extensions ['colcon_pkg']
[0.098s] Level 1:colcon.colcon_core.package_identification:_identify(.) by extension 'colcon_pkg'
[0.098s] Level 1:colcon.colcon_core.package_identification:_identify(.) by extensions ['colcon_meta']
[0.098s] Level 1:colcon.colcon_core.package_identification:_identify(.) by extension 'colcon_meta'
[0.098s] Level 1:colcon.colcon_core.package_identification:_identify(.) by extensions ['ros']
[0.098s] Level 1:colcon.colcon_core.package_identification:_identify(.) by extension 'ros'
[0.120s] Level 1:colcon.colcon_core.package_identification:_identify(.) by extensions ['cmake', 'python']
[0.120s] Level 1:colcon.colcon_core.package_identification:_identify(.) by extension 'cmake'
[0.120s] Level 1:colcon.colcon_core.package_identification:_identify(.) by extension 'python'
[0.120s] Level 1:colcon.colcon_core.package_identification:_identify(.) by extensions ['python_setup_py']
[0.120s] Level 1:colcon.colcon_core.package_identification:_identify(.) by extension 'python_setup_py'
[0.120s] Level 1:colcon.colcon_core.package_identification:_identify(build) by extensions ['ignore', 'ignore_ament_install']
[0.120s] Level 1:colcon.colcon_core.package_identification:_identify(build) by extension 'ignore'
[0.120s] Level 1:colcon.colcon_core.package_identification:_identify(build) ignored
[0.120s] Level 1:colcon.colcon_core.package_identification:_identify(dexter_bringup) by extensions ['ignore', 'ignore_ament_install']
[0.120s] Level 1:colcon.colcon_core.package_identification:_identify(dexter_bringup) by extension 'ignore'
[0.120s] Level 1:colcon.colcon_core.package_identification:_identify(dexter_bringup) by extension 'ignore_ament_install'
[0.120s] Level 1:colcon.colcon_core.package_identification:_identify(dexter_bringup) by extensions ['colcon_pkg']
[0.120s] Level 1:colcon.colcon_core.package_identification:_identify(dexter_bringup) by extension 'colcon_pkg'
[0.120s] Level 1:colcon.colcon_core.package_identification:_identify(dexter_bringup) by extensions ['colcon_meta']
[0.120s] Level 1:colcon.colcon_core.package_identification:_identify(dexter_bringup) by extension 'colcon_meta'
[0.120s] Level 1:colcon.colcon_core.package_identification:_identify(dexter_bringup) by extensions ['ros']
[0.120s] Level 1:colcon.colcon_core.package_identification:_identify(dexter_bringup) by extension 'ros'
[0.122s] DEBUG:colcon.colcon_core.package_identification:Package 'dexter_bringup' with type 'ros.ament_cmake' and name 'dexter_bringup'
[0.123s] Level 1:colcon.colcon_core.package_identification:_identify(dexter_controller) by extensions ['ignore', 'ignore_ament_install']
[0.123s] Level 1:colcon.colcon_core.package_identification:_identify(dexter_controller) by extension 'ignore'
[0.123s] Level 1:colcon.colcon_core.package_identification:_identify(dexter_controller) by extension 'ignore_ament_install'
[0.123s] Level 1:colcon.colcon_core.package_identification:_identify(dexter_controller) by extensions ['colcon_pkg']
[0.123s] Level 1:colcon.colcon_core.package_identification:_identify(dexter_controller) by extension 'colcon_pkg'
[0.123s] Level 1:colcon.colcon_core.package_identification:_identify(dexter_controller) by extensions ['colcon_meta']
[0.123s] Level 1:colcon.colcon_core.package_identification:_identify(dexter_controller) by extension 'colcon_meta'
[0.123s] Level 1:colcon.colcon_core.package_identification:_identify(dexter_controller) by extensions ['ros']
[0.123s] Level 1:colcon.colcon_core.package_identification:_identify(dexter_controller) by extension 'ros'
[0.123s] DEBUG:colcon.colcon_core.package_identification:Package 'dexter_controller' with type 'ros.ament_cmake' and name 'dexter_controller'
[0.123s] Level 1:colcon.colcon_core.package_identification:_identify(dexter_description) by extensions ['ignore', 'ignore_ament_install']
[0.124s] Level 1:colcon.colcon_core.package_identification:_identify(dexter_description) by extension 'ignore'
[0.124s] Level 1:colcon.colcon_core.package_identification:_identify(dexter_description) by extension 'ignore_ament_install'
[0.124s] Level 1:colcon.colcon_core.package_identification:_identify(dexter_description) by extensions ['colcon_pkg']
[0.124s] Level 1:colcon.colcon_core.package_identification:_identify(dexter_description) by extension 'colcon_pkg'
[0.124s] Level 1:colcon.colcon_core.package_identification:_identify(dexter_description) by extensions ['colcon_meta']
[0.124s] Level 1:colcon.colcon_core.package_identification:_identify(dexter_description) by extension 'colcon_meta'
[0.124s] Level 1:colcon.colcon_core.package_identification:_identify(dexter_description) by extensions ['ros']
[0.124s] Level 1:colcon.colcon_core.package_identification:_identify(dexter_description) by extension 'ros'
[0.126s] DEBUG:colcon.colcon_core.package_identification:Package 'dexter_description' with type 'ros.ament_cmake' and name 'dexter_description'
[0.126s] Level 1:colcon.colcon_core.package_identification:_identify(dexter_inventory) by extensions ['ignore', 'ignore_ament_install']
[0.126s] Level 1:colcon.colcon_core.package_identification:_identify(dexter_inventory) by extension 'ignore'
[0.126s] Level 1:colcon.colcon_core.package_identification:_identify(dexter_inventory) by extension 'ignore_ament_install'
[0.126s] Level 1:colcon.colcon_core.package_identification:_identify(dexter_inventory) by extensions ['colcon_pkg']
[0.126s] Level 1:colcon.colcon_core.package_identification:_identify(dexter_inventory) by extension 'colcon_pkg'
[0.126s] Level 1:colcon.colcon_core.package_identification:_identify(dexter_inventory) by extensions ['colcon_meta']
[0.126s] Level 1:colcon.colcon_core.package_identification:_identify(dexter_inventory) by extension 'colcon_meta'
[0.126s] Level 1:colcon.colcon_core.package_identification:_identify(dexter_inventory) by extensions ['ros']
[0.126s] Level 1:colcon.colcon_core.package_identification:_identify(dexter_inventory) by extension 'ros'
[0.126s] DEBUG:colcon.colcon_core.package_identification:Package 'dexter_inventory' with type 'ros.ament_python' and name 'dexter_inventory'
[0.127s] Level 1:colcon.colcon_core.package_identification:_identify(dexter_moveit) by extensions ['ignore', 'ignore_ament_install']
[0.127s] Level 1:colcon.colcon_core.package_identification:_identify(dexter_moveit) by extension 'ignore'
[0.127s] Level 1:colcon.colcon_core.package_identification:_identify(dexter_moveit) by extension 'ignore_ament_install'
[0.127s] Level 1:colcon.colcon_core.package_identification:_identify(dexter_moveit) by extensions ['colcon_pkg']
[0.127s] Level 1:colcon.colcon_core.package_identification:_identify(dexter_moveit) by extension 'colcon_pkg'
[0.127s] Level 1:colcon.colcon_core.package_identification:_identify(dexter_moveit) by extensions ['colcon_meta']
[0.127s] Level 1:colcon.colcon_core.package_identification:_identify(dexter_moveit) by extension 'colcon_meta'
[0.127s] Level 1:colcon.colcon_core.package_identification:_identify(dexter_moveit) by extensions ['ros']
[0.127s] Level 1:colcon.colcon_core.package_identification:_identify(dexter_moveit) by extension 'ros'
[0.127s] DEBUG:colcon.colcon_core.package_identification:Package 'dexter_moveit' with type 'ros.ament_cmake' and name 'dexter_moveit'
[0.127s] Level 1:colcon.colcon_core.package_identification:_identify(dexter_msgs) by extensions ['ignore', 'ignore_ament_install']
[0.127s] Level 1:colcon.colcon_core.package_identification:_identify(dexter_msgs) by extension 'ignore'
[0.127s] Level 1:colcon.colcon_core.package_identification:_identify(dexter_msgs) by extension 'ignore_ament_install'
[0.127s] Level 1:colcon.colcon_core.package_identification:_identify(dexter_msgs) by extensions ['colcon_pkg']
[0.127s] Level 1:colcon.colcon_core.package_identification:_identify(dexter_msgs) by extension 'colcon_pkg'
[0.127s] Level 1:colcon.colcon_core.package_identification:_identify(dexter_msgs) by extensions ['colcon_meta']
[0.127s] Level 1:colcon.colcon_core.package_identification:_identify(dexter_msgs) by extension 'colcon_meta'
[0.127s] Level 1:colcon.colcon_core.package_identification:_identify(dexter_msgs) by extensions ['ros']
[0.127s] Level 1:colcon.colcon_core.package_identification:_identify(dexter_msgs) by extension 'ros'
[0.128s] DEBUG:colcon.colcon_core.package_identification:Package 'dexter_msgs' with type 'ros.ament_cmake' and name 'dexter_msgs'
[0.128s] Level 1:colcon.colcon_core.package_identification:_identify(dexter_remote) by extensions ['ignore', 'ignore_ament_install']
[0.128s] Level 1:colcon.colcon_core.package_identification:_identify(dexter_remote) by extension 'ignore'
[0.128s] Level 1:colcon.colcon_core.package_identification:_identify(dexter_remote) by extension 'ignore_ament_install'
[0.128s] Level 1:colcon.colcon_core.package_identification:_identify(dexter_remote) by extensions ['colcon_pkg']
[0.128s] Level 1:colcon.colcon_core.package_identification:_identify(dexter_remote) by extension 'colcon_pkg'
[0.128s] Level 1:colcon.colcon_core.package_identification:_identify(dexter_remote) by extensions ['colcon_meta']
[0.128s] Level 1:colcon.colcon_core.package_identification:_identify(dexter_remote) by extension 'colcon_meta'
[0.128s] Level 1:colcon.colcon_core.package_identification:_identify(dexter_remote) by extensions ['ros']
[0.128s] Level 1:colcon.colcon_core.package_identification:_identify(dexter_remote) by extension 'ros'
[0.128s] DEBUG:colcon.colcon_core.package_identification:Package 'dexter_remote' with type 'ros.ament_cmake' and name 'dexter_remote'
[0.128s] Level 1:colcon.colcon_core.package_identification:_identify(dexter_utils) by extensions ['ignore', 'ignore_ament_install']
[0.129s] Level 1:colcon.colcon_core.package_identification:_identify(dexter_utils) by extension 'ignore'
[0.129s] Level 1:colcon.colcon_core.package_identification:_identify(dexter_utils) by extension 'ignore_ament_install'
[0.129s] Level 1:colcon.colcon_core.package_identification:_identify(dexter_utils) by extensions ['colcon_pkg']
[0.129s] Level 1:colcon.colcon_core.package_identification:_identify(dexter_utils) by extension 'colcon_pkg'
[0.129s] Level 1:colcon.colcon_core.package_identification:_identify(dexter_utils) by extensions ['colcon_meta']
[0.129s] Level 1:colcon.colcon_core.package_identification:_identify(dexter_utils) by extension 'colcon_meta'
[0.129s] Level 1:colcon.colcon_core.package_identification:_identify(dexter_utils) by extensions ['ros']
[0.129s] Level 1:colcon.colcon_core.package_identification:_identify(dexter_utils) by extension 'ros'
[0.129s] DEBUG:colcon.colcon_core.package_identification:Package 'dexter_utils' with type 'ros.ament_cmake' and name 'dexter_utils'
[0.129s] Level 1:colcon.colcon_core.package_identification:_identify(install) by extensions ['ignore', 'ignore_ament_install']
[0.129s] Level 1:colcon.colcon_core.package_identification:_identify(install) by extension 'ignore'
[0.129s] Level 1:colcon.colcon_core.package_identification:_identify(install) ignored
[0.129s] Level 1:colcon.colcon_core.package_identification:_identify(log) by extensions ['ignore', 'ignore_ament_install']
[0.129s] Level 1:colcon.colcon_core.package_identification:_identify(log) by extension 'ignore'
[0.129s] Level 1:colcon.colcon_core.package_identification:_identify(log) ignored
[0.129s] Level 1:colcon.colcon_core.package_discovery:discover_packages(recursive) using defaults
[0.129s] Level 1:colcon.colcon_core.package_discovery:discover_packages(ignore) discover
[0.129s] Level 1:colcon.colcon_core.package_discovery:discover_packages(ignore) using defaults
[0.129s] Level 1:colcon.colcon_core.package_discovery:discover_packages(path) discover
[0.129s] Level 1:colcon.colcon_core.package_discovery:discover_packages(path) using defaults
[0.144s] Level 5:colcon.colcon_core.verb:set package 'dexter_description' build argument 'cmake_args' from command line to 'None'
[0.144s] Level 5:colcon.colcon_core.verb:set package 'dexter_description' build argument 'cmake_target' from command line to 'None'
[0.144s] Level 5:colcon.colcon_core.verb:set package 'dexter_description' build argument 'cmake_target_skip_unavailable' from command line to 'False'
[0.144s] Level 5:colcon.colcon_core.verb:set package 'dexter_description' build argument 'cmake_clean_cache' from command line to 'False'
[0.144s] Level 5:colcon.colcon_core.verb:set package 'dexter_description' build argument 'cmake_clean_first' from command line to 'False'
[0.144s] Level 5:colcon.colcon_core.verb:set package 'dexter_description' build argument 'cmake_force_configure' from command line to 'False'
[0.144s] Level 5:colcon.colcon_core.verb:set package 'dexter_description' build argument 'ament_cmake_args' from command line to 'None'
[0.144s] Level 5:colcon.colcon_core.verb:set package 'dexter_description' build argument 'catkin_cmake_args' from command line to 'None'
[0.144s] Level 5:colcon.colcon_core.verb:set package 'dexter_description' build argument 'catkin_skip_building_tests' from command line to 'False'
[0.144s] DEBUG:colcon.colcon_core.verb:Building package 'dexter_description' with the following arguments: {'ament_cmake_args': None, 'build_base': '/home/aditya/Cpps/Dexter/build/dexter_description', 'catkin_cmake_args': None, 'catkin_skip_building_tests': False, 'cmake_args': None, 'cmake_clean_cache': False, 'cmake_clean_first': False, 'cmake_force_configure': False, 'cmake_target': None, 'cmake_target_skip_unavailable': False, 'install_base': '/home/aditya/Cpps/Dexter/install/dexter_description', 'merge_install': False, 'path': '/home/aditya/Cpps/Dexter/dexter_description', 'symlink_install': False, 'test_result_base': None}
[0.144s] Level 5:colcon.colcon_core.verb:set package 'dexter_msgs' build argument 'cmake_args' from command line to 'None'
[0.144s] Level 5:colcon.colcon_core.verb:set package 'dexter_msgs' build argument 'cmake_target' from command line to 'None'
[0.144s] Level 5:colcon.colcon_core.verb:set package 'dexter_msgs' build argument 'cmake_target_skip_unavailable' from command line to 'False'
[0.144s] Level 5:colcon.colcon_core.verb:set package 'dexter_msgs' build argument 'cmake_clean_cache' from command line to 'False'
[0.144s] Level 5:colcon.colcon_core.verb:set package 'dexter_msgs' build argument 'cmake_clean_first' from command line to 'False'
[0.144s] Level 5:colcon.colcon_core.verb:set package 'dexter_msgs' build argument 'cmake_force_configure' from command line to 'False'
[0.144s] Level 5:colcon.colcon_core.verb:set package 'dexter_msgs' build argument 'ament_cmake_args' from command line to 'None'
[0.144s] Level 5:colcon.colcon_core.verb:set package 'dexter_msgs' build argument 'catkin_cmake_args' from command line to 'None'
[0.145s] Level 5:colcon.colcon_core.verb:set package 'dexter_msgs' build argument 'catkin_skip_building_tests' from command line to 'False'
[0.145s] DEBUG:colcon.colcon_core.verb:Building package 'dexter_msgs' with the following arguments: {'ament_cmake_args': None, 'build_base': '/home/aditya/Cpps/Dexter/build/dexter_msgs', 'catkin_cmake_args': None, 'catkin_skip_building_tests': False, 'cmake_args': None, 'cmake_clean_cache': False, 'cmake_clean_first': False, 'cmake_force_configure': False, 'cmake_target': None, 'cmake_target_skip_unavailable': False, 'install_base': '/home/aditya/Cpps/Dexter/install/dexter_msgs', 'merge_install': False, 'path': '/home/aditya/Cpps/Dexter/dexter_msgs', 'symlink_install': False, 'test_result_base': None}
[0.145s] Level 5:colcon.colcon_core.verb:set package 'dexter_controller' build argument 'cmake_args' from command line to 'None'
[0.145s] Level 5:colcon.colcon_core.verb:set package 'dexter_controller' build argument 'cmake_target' from command line to 'None'
[0.145s] Level 5:colcon.colcon_core.verb:set package 'dexter_controller' build argument 'cmake_target_skip_unavailable' from command line to 'False'
[0.145s] Level 5:colcon.colcon_core.verb:set package 'dexter_controller' build argument 'cmake_clean_cache' from command line to 'False'
[0.145s] Level 5:colcon.colcon_core.verb:set package 'dexter_controller' build argument 'cmake_clean_first' from command line to 'False'
[0.145s] Level 5:colcon.colcon_core.verb:set package 'dexter_controller' build argument 'cmake_force_configure' from command line to 'False'
[0.145s] Level 5:colcon.colcon_core.verb:set package 'dexter_controller' build argument 'ament_cmake_args' from command line to 'None'
[0.145s] Level 5:colcon.colcon_core.verb:set package 'dexter_controller' build argument 'catkin_cmake_args' from command line to 'None'
[0.145s] Level 5:colcon.colcon_core.verb:set package 'dexter_controller' build argument 'catkin_skip_building_tests' from command line to 'False'
[0.145s] DEBUG:colcon.colcon_core.verb:Building package 'dexter_controller' with the following arguments: {'ament_cmake_args': None, 'build_base': '/home/aditya/Cpps/Dexter/build/dexter_controller', 'catkin_cmake_args': None, 'catkin_skip_building_tests': False, 'cmake_args': None, 'cmake_clean_cache': False, 'cmake_clean_first': False, 'cmake_force_configure': False, 'cmake_target': None, 'cmake_target_skip_unavailable': False, 'install_base': '/home/aditya/Cpps/Dexter/install/dexter_controller', 'merge_install': False, 'path': '/home/aditya/Cpps/Dexter/dexter_controller', 'symlink_install': False, 'test_result_base': None}
[0.145s] Level 5:colcon.colcon_core.verb:set package 'dexter_moveit' build argument 'cmake_args' from command line to 'None'
[0.145s] Level 5:colcon.colcon_core.verb:set package 'dexter_moveit' build argument 'cmake_target' from command line to 'None'
[0.145s] Level 5:colcon.colcon_core.verb:set package 'dexter_moveit' build argument 'cmake_target_skip_unavailable' from command line to 'False'
[0.145s] Level 5:colcon.colcon_core.verb:set package 'dexter_moveit' build argument 'cmake_clean_cache' from command line to 'False'
[0.145s] Level 5:colcon.colcon_core.verb:set package 'dexter_moveit' build argument 'cmake_clean_first' from command line to 'False'
[0.145s] Level 5:colcon.colcon_core.verb:set package 'dexter_moveit' build argument 'cmake_force_configure' from command line to 'False'
[0.145s] Level 5:colcon.colcon_core.verb:set package 'dexter_moveit' build argument 'ament_cmake_args' from command line to 'None'
[0.145s] Level 5:colcon.colcon_core.verb:set package 'dexter_moveit' build argument 'catkin_cmake_args' from command line to 'None'
[0.145s] Level 5:colcon.colcon_core.verb:set package 'dexter_moveit' build argument 'catkin_skip_building_tests' from command line to 'False'
[0.145s] DEBUG:colcon.colcon_core.verb:Building package 'dexter_moveit' with the following arguments: {'ament_cmake_args': None, 'build_base': '/home/aditya/Cpps/Dexter/build/dexter_moveit', 'catkin_cmake_args': None, 'catkin_skip_building_tests': False, 'cmake_args': None, 'cmake_clean_cache': False, 'cmake_clean_first': False, 'cmake_force_configure': False, 'cmake_target': None, 'cmake_target_skip_unavailable': False, 'install_base': '/home/aditya/Cpps/Dexter/install/dexter_moveit', 'merge_install': False, 'path': '/home/aditya/Cpps/Dexter/dexter_moveit', 'symlink_install': False, 'test_result_base': None}
[0.145s] Level 5:colcon.colcon_core.verb:set package 'dexter_utils' build argument 'cmake_args' from command line to 'None'
[0.145s] Level 5:colcon.colcon_core.verb:set package 'dexter_utils' build argument 'cmake_target' from command line to 'None'
[0.145s] Level 5:colcon.colcon_core.verb:set package 'dexter_utils' build argument 'cmake_target_skip_unavailable' from command line to 'False'
[0.145s] Level 5:colcon.colcon_core.verb:set package 'dexter_utils' build argument 'cmake_clean_cache' from command line to 'False'
[0.145s] Level 5:colcon.colcon_core.verb:set package 'dexter_utils' build argument 'cmake_clean_first' from command line to 'False'
[0.145s] Level 5:colcon.colcon_core.verb:set package 'dexter_utils' build argument 'cmake_force_configure' from command line to 'False'
[0.145s] Level 5:colcon.colcon_core.verb:set package 'dexter_utils' build argument 'ament_cmake_args' from command line to 'None'
[0.145s] Level 5:colcon.colcon_core.verb:set package 'dexter_utils' build argument 'catkin_cmake_args' from command line to 'None'
[0.145s] Level 5:colcon.colcon_core.verb:set package 'dexter_utils' build argument 'catkin_skip_building_tests' from command line to 'False'
[0.145s] DEBUG:colcon.colcon_core.verb:Building package 'dexter_utils' with the following arguments: {'ament_cmake_args': None, 'build_base': '/home/aditya/Cpps/Dexter/build/dexter_utils', 'catkin_cmake_args': None, 'catkin_skip_building_tests': False, 'cmake_args': None, 'cmake_clean_cache': False, 'cmake_clean_first': False, 'cmake_force_configure': False, 'cmake_target': None, 'cmake_target_skip_unavailable': False, 'install_base': '/home/aditya/Cpps/Dexter/install/dexter_utils', 'merge_install': False, 'path': '/home/aditya/Cpps/Dexter/dexter_utils', 'symlink_install': False, 'test_result_base': None}
[0.145s] Level 5:colcon.colcon_core.verb:set package 'dexter_inventory' build argument 'cmake_args' from command line to 'None'
[0.145s] Level 5:colcon.colcon_core.verb:set package 'dexter_inventory' build argument 'cmake_target' from command line to 'None'
[0.145s] Level 5:colcon.colcon_core.verb:set package 'dexter_inventory' build argument 'cmake_target_skip_unavailable' from command line to 'False'
[0.145s] Level 5:colcon.colcon_core.verb:set package 'dexter_inventory' build argument 'cmake_clean_cache' from command line to 'False'
[0.145s] Level 5:colcon.colcon_core.verb:set package 'dexter_inventory' build argument 'cmake_clean_first' from command line to 'False'
[0.145s] Level 5:colcon.colcon_core.verb:set package 'dexter_inventory' build argument 'cmake_force_configure' from command line to 'False'
[0.145s] Level 5:colcon.colcon_core.verb:set package 'dexter_inventory' build argument 'ament_cmake_args' from command line to 'None'
[0.145s] Level 5:colcon.colcon_core.verb:set package 'dexter_inventory' build argument 'catkin_cmake_args' from command line to 'None'
[0.145s] Level 5:colcon.colcon_core.verb:set package 'dexter_inventory' build argument 'catkin_skip_building_tests' from command line to 'False'
[0.146s] DEBUG:colcon.colcon_core.verb:Building package 'dexter_inventory' with the following arguments: {'ament_cmake_args': None, 'build_base': '/home/aditya/Cpps/Dexter/build/dexter_inventory', 'catkin_cmake_args': None, 'catkin_skip_building_tests': False, 'cmake_args': None, 'cmake_clean_cache': False, 'cmake_clean_first': False, 'cmake_force_configure': False, 'cmake_target': None, 'cmake_target_skip_unavailable': False, 'install_base': '/home/aditya/Cpps/Dexter/install/dexter_inventory', 'merge_install': False, 'path': '/home/aditya/Cpps/Dexter/dexter_inventory', 'symlink_install': False, 'test_result_base': None}
[0.146s] Level 5:colcon.colcon_core.verb:set package 'dexter_remote' build argument 'cmake_args' from command line to 'None'
[0.146s] Level 5:colcon.colcon_core.verb:set package 'dexter_remote' build argument 'cmake_target' from command line to 'None'
[0.146s] Level 5:colcon.colcon_core.verb:set package 'dexter_remote' build argument 'cmake_target_skip_unavailable' from command line to 'False'
[0.146s] Level 5:colcon.colcon_core.verb:set package 'dexter_remote' build argument 'cmake_clean_cache' from command line to 'False'
[0.146s] Level 5:colcon.colcon_core.verb:set package 'dexter_remote' build argument 'cmake_clean_first' from command line to 'False'
[0.146s] Level 5:colcon.colcon_core.verb:set package 'dexter_remote' build argument 'cmake_force_configure' from command line to 'False'
[0.146s] Level 5:colcon.colcon_core.verb:set package 'dexter_remote' build argument 'ament_cmake_args' from command line to 'None'
[0.146s] Level 5:colcon.colcon_core.verb:set package 'dexter_remote' build argument 'catkin_cmake_args' from command line to 'None'
[0.146s] Level 5:colcon.colcon_core.verb:set package 'dexter_remote' build argument 'catkin_skip_building_tests' from command line to 'False'
[0.146s] DEBUG:colcon.colcon_core.verb:Building package 'dexter_remote' with the following arguments: {'ament_cmake_args': None, 'build_base': '/home/aditya/Cpps/Dexter/build/dexter_remote', 'catkin_cmake_args': None, 'catkin_skip_building_tests': False, 'cmake_args': None, 'cmake_clean_cache': False, 'cmake_clean_first': False, 'cmake_force_configure': False, 'cmake_target': None, 'cmake_target_skip_unavailable': False, 'install_base': '/home/aditya/Cpps/Dexter/install/dexter_remote', 'merge_install': False, 'path': '/home/aditya/Cpps/Dexter/dexter_remote', 'symlink_install': False, 'test_result_base': None}
[0.146s] Level 5:colcon.colcon_core.verb:set package 'dexter_bringup' build argument 'cmake_args' from command line to 'None'
[0.146s] Level 5:colcon.colcon_core.verb:set package 'dexter_bringup' build argument 'cmake_target' from command line to 'None'
[0.146s] Level 5:colcon.colcon_core.verb:set package 'dexter_bringup' build argument 'cmake_target_skip_unavailable' from command line to 'False'
[0.146s] Level 5:colcon.colcon_core.verb:set package 'dexter_bringup' build argument 'cmake_clean_cache' from command line to 'False'
[0.146s] Level 5:colcon.colcon_core.verb:set package 'dexter_bringup' build argument 'cmake_clean_first' from command line to 'False'
[0.146s] Level 5:colcon.colcon_core.verb:set package 'dexter_bringup' build argument 'cmake_force_configure' from command line to 'False'
[0.146s] Level 5:colcon.colcon_core.verb:set package 'dexter_bringup' build argument 'ament_cmake_args' from command line to 'None'
[0.146s] Level 5:colcon.colcon_core.verb:set package 'dexter_bringup' build argument 'catkin_cmake_args' from command line to 'None'
[0.146s] Level 5:colcon.colcon_core.verb:set package 'dexter_bringup' build argument 'catkin_skip_building_tests' from command line to 'False'
[0.146s] DEBUG:colcon.colcon_core.verb:Building package 'dexter_bringup' with the following arguments: {'ament_cmake_args': None, 'build_base': '/home/aditya/Cpps/Dexter/build/dexter_bringup', 'catkin_cmake_args': None, 'catkin_skip_building_tests': False, 'cmake_args': None, 'cmake_clean_cache': False, 'cmake_clean_first': False, 'cmake_force_configure': False, 'cmake_target': None, 'cmake_target_skip_unavailable': False, 'install_base': '/home/aditya/Cpps/Dexter/install/dexter_bringup', 'merge_install': False, 'path': '/home/aditya/Cpps/Dexter/dexter_bringup', 'symlink_install': False, 'test_result_base': None}
[0.146s] INFO:colcon.colcon_core.executor:Executing jobs using 'parallel' executor
[0.148s] DEBUG:colcon.colcon_parallel_executor.executor.parallel:run_until_complete
[0.149s] INFO:colcon.colcon_ros.task.ament_cmake.build:Building ROS package in '/home/aditya/Cpps/Dexter/dexter_description' with build type 'ament_cmake'
[0.149s] INFO:colcon.colcon_cmake.task.cmake.build:Building CMake package in '/home/aditya/Cpps/Dexter/dexter_description'
[0.153s] INFO:colcon.colcon_core.plugin_system:Skipping extension 'colcon_core.shell.bat': Not used on non-Windows systems
[0.153s] DEBUG:colcon.colcon_core.shell:Skip shell extension 'dsv' for command environment
[0.157s] INFO:colcon.colcon_ros.task.ament_cmake.build:Building ROS package in '/home/aditya/Cpps/Dexter/dexter_msgs' with build type 'ament_cmake'
[0.157s] INFO:colcon.colcon_cmake.task.cmake.build:Building CMake package in '/home/aditya/Cpps/Dexter/dexter_msgs'
[0.157s] DEBUG:colcon.colcon_core.shell:Skip shell extension 'dsv' for command environment
[0.163s] DEBUG:colcon.colcon_core.event_handler.log_command:Invoking command in '/home/aditya/Cpps/Dexter/build/dexter_description': CMAKE_PREFIX_PATH=${CMAKE_PREFIX_PATH}:/home/aditya/Cpps/Dexter/install/dexter_inventory:/home/aditya/ros2_ws/install/my_py_pkg:/opt/ros/jazzy DEBUGINFOD_URLS=https://debuginfod.ubuntu.com PS1=\[\e]0;\u@\h: \w\a\]${debian_chroot:+($debian_chroot)}\[\033[01;32m\]\u@\h\[\033[00m\]:\[\033[01;34m\]\w\[\033[00m\]\$ VIRTUAL_ENV_PROMPT=(venv-ardupilot) /usr/bin/cmake --build /home/aditya/Cpps/Dexter/build/dexter_description -- -j28 -l28
[0.166s] DEBUG:colcon.colcon_core.event_handler.log_command:Invoking command in '/home/aditya/Cpps/Dexter/build/dexter_msgs': CMAKE_PREFIX_PATH=${CMAKE_PREFIX_PATH}:/home/aditya/Cpps/Dexter/install/dexter_inventory:/home/aditya/ros2_ws/install/my_py_pkg:/opt/ros/jazzy DEBUGINFOD_URLS=https://debuginfod.ubuntu.com PS1=\[\e]0;\u@\h: \w\a\]${debian_chroot:+($debian_chroot)}\[\033[01;32m\]\u@\h\[\033[00m\]:\[\033[01;34m\]\w\[\033[00m\]\$ VIRTUAL_ENV_PROMPT=(venv-ardupilot) /usr/bin/cmake --build /home/aditya/Cpps/Dexter/build/dexter_msgs -- -j28 -l28
[0.205s] DEBUG:colcon.colcon_core.event_handler.log_command:Invoked command in '/home/aditya/Cpps/Dexter/build/dexter_description' returned '0': CMAKE_PREFIX_PATH=${CMAKE_PREFIX_PATH}:/home/aditya/Cpps/Dexter/install/dexter_inventory:/home/aditya/ros2_ws/install/my_py_pkg:/opt/ros/jazzy DEBUGINFOD_URLS=https://debuginfod.ubuntu.com PS1=\[\e]0;\u@\h: \w\a\]${debian_chroot:+($debian_chroot)}\[\033[01;32m\]\u@\h\[\033[00m\]:\[\033[01;34m\]\w\[\033[00m\]\$ VIRTUAL_ENV_PROMPT=(venv-ardupilot) /usr/bin/cmake --build /home/aditya/Cpps/Dexter/build/dexter_description -- -j28 -l28
[0.216s] DEBUG:colcon.colcon_core.event_handler.log_command:Invoking command in '/home/aditya/Cpps/Dexter/build/dexter_description': CMAKE_PREFIX_PATH=${CMAKE_PREFIX_PATH}:/home/aditya/Cpps/Dexter/install/dexter_inventory:/home/aditya/ros2_ws/install/my_py_pkg:/opt/ros/jazzy DEBUGINFOD_URLS=https://debuginfod.ubuntu.com PS1=\[\e]0;\u@\h: \w\a\]${debian_chroot:+($debian_chroot)}\[\033[01;32m\]\u@\h\[\033[00m\]:\[\033[01;34m\]\w\[\033[00m\]\$ VIRTUAL_ENV_PROMPT=(venv-ardupilot) /usr/bin/cmake --install /home/aditya/Cpps/Dexter/build/dexter_description
[0.227s] Level 1:colcon.colcon_core.environment:create_environment_scripts_only(dexter_description)
[0.227s] DEBUG:colcon.colcon_core.event_handler.log_command:Invoked command in '/home/aditya/Cpps/Dexter/build/dexter_description' returned '0': CMAKE_PREFIX_PATH=${CMAKE_PREFIX_PATH}:/home/aditya/Cpps/Dexter/install/dexter_inventory:/home/aditya/ros2_ws/install/my_py_pkg:/opt/ros/jazzy DEBUGINFOD_URLS=https://debuginfod.ubuntu.com PS1=\[\e]0;\u@\h: \w\a\]${debian_chroot:+($debian_chroot)}\[\033[01;32m\]\u@\h\[\033[00m\]:\[\033[01;34m\]\w\[\033[00m\]\$ VIRTUAL_ENV_PROMPT=(venv-ardupilot) /usr/bin/cmake --install /home/aditya/Cpps/Dexter/build/dexter_description
[0.228s] Level 1:colcon.colcon_core.environment:checking '/home/aditya/Cpps/Dexter/install/dexter_description' for CMake module files
[0.229s] Level 1:colcon.colcon_core.environment:checking '/home/aditya/Cpps/Dexter/install/dexter_description' for CMake config files
[0.229s] Level 1:colcon.colcon_core.shell:create_environment_hook('dexter_description', 'cmake_prefix_path')
[0.229s] INFO:colcon.colcon_core.shell:Creating environment descriptor '/home/aditya/Cpps/Dexter/install/dexter_description/share/dexter_description/hook/cmake_prefix_path.dsv'
[0.230s] INFO:colcon.colcon_core.shell:Creating environment hook '/home/aditya/Cpps/Dexter/install/dexter_description/share/dexter_description/hook/cmake_prefix_path.sh'
[0.230s] Level 1:colcon.colcon_core.environment:checking '/home/aditya/Cpps/Dexter/install/dexter_description/bin'
[0.231s] Level 1:colcon.colcon_core.environment:checking '/home/aditya/Cpps/Dexter/install/dexter_description/lib/pkgconfig/dexter_description.pc'
[0.234s] Level 1:colcon.colcon_core.environment:checking '/home/aditya/Cpps/Dexter/install/dexter_description/lib/python3.12/site-packages'
[0.234s] Level 1:colcon.colcon_core.environment:checking '/home/aditya/Cpps/Dexter/install/dexter_description/bin'
[0.234s] INFO:colcon.colcon_core.shell:Creating package descriptor '/home/aditya/Cpps/Dexter/install/dexter_description/share/dexter_description/package.dsv'
[0.235s] INFO:colcon.colcon_core.shell:Creating package script '/home/aditya/Cpps/Dexter/install/dexter_description/share/dexter_description/package.sh'
[0.235s] INFO:colcon.colcon_core.shell:Creating package script '/home/aditya/Cpps/Dexter/install/dexter_description/share/dexter_description/package.bash'
[0.236s] INFO:colcon.colcon_core.shell:Creating package script '/home/aditya/Cpps/Dexter/install/dexter_description/share/dexter_description/package.zsh'
[0.236s] Level 1:colcon.colcon_core.environment:create_file_with_runtime_dependencies(/home/aditya/Cpps/Dexter/install/dexter_description/share/colcon-core/packages/dexter_description)
[0.237s] Level 1:colcon.colcon_core.environment:create_environment_scripts_only(dexter_description)
[0.237s] Level 1:colcon.colcon_core.environment:checking '/home/aditya/Cpps/Dexter/install/dexter_description' for CMake module files
[0.237s] Level 1:colcon.colcon_core.environment:checking '/home/aditya/Cpps/Dexter/install/dexter_description' for CMake config files
[0.237s] Level 1:colcon.colcon_core.shell:create_environment_hook('dexter_description', 'cmake_prefix_path')
[0.237s] INFO:colcon.colcon_core.shell:Creating environment descriptor '/home/aditya/Cpps/Dexter/install/dexter_description/share/dexter_description/hook/cmake_prefix_path.dsv'
[0.237s] INFO:colcon.colcon_core.shell:Creating environment hook '/home/aditya/Cpps/Dexter/install/dexter_description/share/dexter_description/hook/cmake_prefix_path.sh'
[0.238s] Level 1:colcon.colcon_core.environment:checking '/home/aditya/Cpps/Dexter/install/dexter_description/bin'
[0.238s] Level 1:colcon.colcon_core.environment:checking '/home/aditya/Cpps/Dexter/install/dexter_description/lib/pkgconfig/dexter_description.pc'
[0.238s] Level 1:colcon.colcon_core.environment:checking '/home/aditya/Cpps/Dexter/install/dexter_description/lib/python3.12/site-packages'
[0.238s] Level 1:colcon.colcon_core.environment:checking '/home/aditya/Cpps/Dexter/install/dexter_description/bin'
[0.239s] INFO:colcon.colcon_core.shell:Creating package descriptor '/home/aditya/Cpps/Dexter/install/dexter_description/share/dexter_description/package.dsv'
[0.239s] INFO:colcon.colcon_core.shell:Creating package script '/home/aditya/Cpps/Dexter/install/dexter_description/share/dexter_description/package.sh'
[0.239s] INFO:colcon.colcon_core.shell:Creating package script '/home/aditya/Cpps/Dexter/install/dexter_description/share/dexter_description/package.bash'
[0.239s] INFO:colcon.colcon_core.shell:Creating package script '/home/aditya/Cpps/Dexter/install/dexter_description/share/dexter_description/package.zsh'
[0.240s] Level 1:colcon.colcon_core.environment:create_file_with_runtime_dependencies(/home/aditya/Cpps/Dexter/install/dexter_description/share/colcon-core/packages/dexter_description)
[0.240s] INFO:colcon.colcon_ros.task.ament_cmake.build:Building ROS package in '/home/aditya/Cpps/Dexter/dexter_moveit' with build type 'ament_cmake'
[0.240s] INFO:colcon.colcon_cmake.task.cmake.build:Building CMake package in '/home/aditya/Cpps/Dexter/dexter_moveit'
[0.241s] DEBUG:colcon.colcon_core.shell:Skip shell extension 'dsv' for command environment
[0.248s] INFO:colcon.colcon_ros.task.ament_cmake.build:Building ROS package in '/home/aditya/Cpps/Dexter/dexter_controller' with build type 'ament_cmake'
[0.248s] INFO:colcon.colcon_cmake.task.cmake.build:Building CMake package in '/home/aditya/Cpps/Dexter/dexter_controller'
[0.248s] DEBUG:colcon.colcon_core.shell:Skip shell extension 'dsv' for command environment
[0.256s] DEBUG:colcon.colcon_core.event_handler.log_command:Invoking command in '/home/aditya/Cpps/Dexter/build/dexter_moveit': CMAKE_PREFIX_PATH=/home/aditya/Cpps/Dexter/install/dexter_description:/home/aditya/Cpps/Dexter/install/dexter_utils:/home/aditya/Cpps/Dexter/install/dexter_bringup:/home/aditya/Cpps/Dexter/install/dexter_remote:/home/aditya/Cpps/Dexter/install/dexter_msgs:/home/aditya/Cpps/Dexter/install/dexter_moveit:/home/aditya/Cpps/Dexter/install/dexter_controller:/home/aditya/ros2_ws/install/my_robot_bringup:/home/aditya/ros2_ws/install/my_cpp_pkg:/home/aditya/ros2_ws/install/my_robot_interfaces:/opt/ros/jazzy/opt/gz_sim_vendor:/opt/ros/jazzy/opt/gz_sensors_vendor:/opt/ros/jazzy/opt/gz_physics_vendor:/opt/ros/jazzy/opt/sdformat_vendor:/opt/ros/jazzy/opt/gz_gui_vendor:/opt/ros/jazzy/opt/gz_transport_vendor:/opt/ros/jazzy/opt/gz_rendering_vendor:/opt/ros/jazzy/opt/gz_plugin_vendor:/opt/ros/jazzy/opt/gz_fuel_tools_vendor:/opt/ros/jazzy/opt/gz_msgs_vendor:/opt/ros/jazzy/opt/gz_common_vendor:/opt/ros/jazzy/opt/gz_math_vendor:/opt/ros/jazzy/opt/gz_utils_vendor:/opt/ros/jazzy/opt/gz_tools_vendor:/opt/ros/jazzy/opt/gz_ogre_next_vendor:/opt/ros/jazzy/opt/gz_dartsim_vendor:/opt/ros/jazzy/opt/gz_cmake_vendor:/home/aditya/Cpps/Dexter/install/dexter_inventory:/home/aditya/ros2_ws/install/my_py_pkg:/opt/ros/jazzy DEBUGINFOD_URLS=https://debuginfod.ubuntu.com PS1=\[\e]0;\u@\h: \w\a\]${debian_chroot:+($debian_chroot)}\[\033[01;32m\]\u@\h\[\033[00m\]:\[\033[01;34m\]\w\[\033[00m\]\$ VIRTUAL_ENV_PROMPT=(venv-ardupilot) /usr/bin/cmake --build /home/aditya/Cpps/Dexter/build/dexter_moveit -- -j28 -l28
[0.258s] DEBUG:colcon.colcon_core.event_handler.log_command:Invoking command in '/home/aditya/Cpps/Dexter/build/dexter_controller': CMAKE_PREFIX_PATH=/home/aditya/Cpps/Dexter/install/dexter_description:/home/aditya/Cpps/Dexter/install/dexter_utils:/home/aditya/Cpps/Dexter/install/dexter_bringup:/home/aditya/Cpps/Dexter/install/dexter_remote:/home/aditya/Cpps/Dexter/install/dexter_msgs:/home/aditya/Cpps/Dexter/install/dexter_moveit:/home/aditya/Cpps/Dexter/install/dexter_controller:/home/aditya/ros2_ws/install/my_robot_bringup:/home/aditya/ros2_ws/install/my_cpp_pkg:/home/aditya/ros2_ws/install/my_robot_interfaces:/opt/ros/jazzy/opt/gz_sim_vendor:/opt/ros/jazzy/opt/gz_sensors_vendor:/opt/ros/jazzy/opt/gz_physics_vendor:/opt/ros/jazzy/opt/sdformat_vendor:/opt/ros/jazzy/opt/gz_gui_vendor:/opt/ros/jazzy/opt/gz_transport_vendor:/opt/ros/jazzy/opt/gz_rendering_vendor:/opt/ros/jazzy/opt/gz_plugin_vendor:/opt/ros/jazzy/opt/gz_fuel_tools_vendor:/opt/ros/jazzy/opt/gz_msgs_vendor:/opt/ros/jazzy/opt/gz_common_vendor:/opt/ros/jazzy/opt/gz_math_vendor:/opt/ros/jazzy/opt/gz_utils_vendor:/opt/ros/jazzy/opt/gz_tools_vendor:/opt/ros/jazzy/opt/gz_ogre_next_vendor:/opt/ros/jazzy/opt/gz_dartsim_vendor:/opt/ros/jazzy/opt/gz_cmake_vendor:/home/aditya/Cpps/Dexter/install/dexter_inventory:/home/aditya/ros2_ws/install/my_py_pkg:/opt/ros/jazzy DEBUGINFOD_URLS=https://debuginfod.ubuntu.com PS1=\[\e]0;\u@\h: \w\a\]${debian_chroot:+($debian_chroot)}\[\033[01;32m\]\u@\h\[\033[00m\]:\[\033[01;34m\]\w\[\033[00m\]\$ VIRTUAL_ENV_PROMPT=(venv-ardupilot) /usr/bin/cmake --build /home/aditya/Cpps/Dexter/build/dexter_controller -- -j28 -l28
[0.301s] DEBUG:colcon.colcon_core.event_handler.log_command:Invoked command in '/home/aditya/Cpps/Dexter/build/dexter_moveit' returned '0': CMAKE_PREFIX_PATH=/home/aditya/Cpps/Dexter/install/dexter_description:/home/aditya/Cpps/Dexter/install/dexter_utils:/home/aditya/Cpps/Dexter/install/dexter_bringup:/home/aditya/Cpps/Dexter/install/dexter_remote:/home/aditya/Cpps/Dexter/install/dexter_msgs:/home/aditya/Cpps/Dexter/install/dexter_moveit:/home/aditya/Cpps/Dexter/install/dexter_controller:/home/aditya/ros2_ws/install/my_robot_bringup:/home/aditya/ros2_ws/install/my_cpp_pkg:/home/aditya/ros2_ws/install/my_robot_interfaces:/opt/ros/jazzy/opt/gz_sim_vendor:/opt/ros/jazzy/opt/gz_sensors_vendor:/opt/ros/jazzy/opt/gz_physics_vendor:/opt/ros/jazzy/opt/sdformat_vendor:/opt/ros/jazzy/opt/gz_gui_vendor:/opt/ros/jazzy/opt/gz_transport_vendor:/opt/ros/jazzy/opt/gz_rendering_vendor:/opt/ros/jazzy/opt/gz_plugin_vendor:/opt/ros/jazzy/opt/gz_fuel_tools_vendor:/opt/ros/jazzy/opt/gz_msgs_vendor:/opt/ros/jazzy/opt/gz_common_vendor:/opt/ros/jazzy/opt/gz_math_vendor:/opt/ros/jazzy/opt/gz_utils_vendor:/opt/ros/jazzy/opt/gz_tools_vendor:/opt/ros/jazzy/opt/gz_ogre_next_vendor:/opt/ros/jazzy/opt/gz_dartsim_vendor:/opt/ros/jazzy/opt/gz_cmake_vendor:/home/aditya/Cpps/Dexter/install/dexter_inventory:/home/aditya/ros2_ws/install/my_py_pkg:/opt/ros/jazzy DEBUGINFOD_URLS=https://debuginfod.ubuntu.com PS1=\[\e]0;\u@\h: \w\a\]${debian_chroot:+($debian_chroot)}\[\033[01;32m\]\u@\h\[\033[00m\]:\[\033[01;34m\]\w\[\033[00m\]\$ VIRTUAL_ENV_PROMPT=(venv-ardupilot) /usr/bin/cmake --build /home/aditya/Cpps/Dexter/build/dexter_moveit -- -j28 -l28
[0.303s] DEBUG:colcon.colcon_core.event_handler.log_command:Invoking command in '/home/aditya/Cpps/Dexter/build/dexter_moveit': CMAKE_PREFIX_PATH=/home/aditya/Cpps/Dexter/install/dexter_description:/home/aditya/Cpps/Dexter/install/dexter_utils:/home/aditya/Cpps/Dexter/install/dexter_bringup:/home/aditya/Cpps/Dexter/install/dexter_remote:/home/aditya/Cpps/Dexter/install/dexter_msgs:/home/aditya/Cpps/Dexter/install/dexter_moveit:/home/aditya/Cpps/Dexter/install/dexter_controller:/home/aditya/ros2_ws/install/my_robot_bringup:/home/aditya/ros2_ws/install/my_cpp_pkg:/home/aditya/ros2_ws/install/my_robot_interfaces:/opt/ros/jazzy/opt/gz_sim_vendor:/opt/ros/jazzy/opt/gz_sensors_vendor:/opt/ros/jazzy/opt/gz_physics_vendor:/opt/ros/jazzy/opt/sdformat_vendor:/opt/ros/jazzy/opt/gz_gui_vendor:/opt/ros/jazzy/opt/gz_transport_vendor:/opt/ros/jazzy/opt/gz_rendering_vendor:/opt/ros/jazzy/opt/gz_plugin_vendor:/opt/ros/jazzy/opt/gz_fuel_tools_vendor:/opt/ros/jazzy/opt/gz_msgs_vendor:/opt/ros/jazzy/opt/gz_common_vendor:/opt/ros/jazzy/opt/gz_math_vendor:/opt/ros/jazzy/opt/gz_utils_vendor:/opt/ros/jazzy/opt/gz_tools_vendor:/opt/ros/jazzy/opt/gz_ogre_next_vendor:/opt/ros/jazzy/opt/gz_dartsim_vendor:/opt/ros/jazzy/opt/gz_cmake_vendor:/home/aditya/Cpps/Dexter/install/dexter_inventory:/home/aditya/ros2_ws/install/my_py_pkg:/opt/ros/jazzy DEBUGINFOD_URLS=https://debuginfod.ubuntu.com PS1=\[\e]0;\u@\h: \w\a\]${debian_chroot:+($debian_chroot)}\[\033[01;32m\]\u@\h\[\033[00m\]:\[\033[01;34m\]\w\[\033[00m\]\$ VIRTUAL_ENV_PROMPT=(venv-ardupilot) /usr/bin/cmake --install /home/aditya/Cpps/Dexter/build/dexter_moveit
[0.312s] Level 1:colcon.colcon_core.environment:create_environment_scripts_only(dexter_moveit)
[0.312s] Level 1:colcon.colcon_core.environment:checking '/home/aditya/Cpps/Dexter/install/dexter_moveit' for CMake module files
[0.313s] DEBUG:colcon.colcon_core.event_handler.log_command:Invoked command in '/home/aditya/Cpps/Dexter/build/dexter_moveit' returned '0': CMAKE_PREFIX_PATH=/home/aditya/Cpps/Dexter/install/dexter_description:/home/aditya/Cpps/Dexter/install/dexter_utils:/home/aditya/Cpps/Dexter/install/dexter_bringup:/home/aditya/Cpps/Dexter/install/dexter_remote:/home/aditya/Cpps/Dexter/install/dexter_msgs:/home/aditya/Cpps/Dexter/install/dexter_moveit:/home/aditya/Cpps/Dexter/install/dexter_controller:/home/aditya/ros2_ws/install/my_robot_bringup:/home/aditya/ros2_ws/install/my_cpp_pkg:/home/aditya/ros2_ws/install/my_robot_interfaces:/opt/ros/jazzy/opt/gz_sim_vendor:/opt/ros/jazzy/opt/gz_sensors_vendor:/opt/ros/jazzy/opt/gz_physics_vendor:/opt/ros/jazzy/opt/sdformat_vendor:/opt/ros/jazzy/opt/gz_gui_vendor:/opt/ros/jazzy/opt/gz_transport_vendor:/opt/ros/jazzy/opt/gz_rendering_vendor:/opt/ros/jazzy/opt/gz_plugin_vendor:/opt/ros/jazzy/opt/gz_fuel_tools_vendor:/opt/ros/jazzy/opt/gz_msgs_vendor:/opt/ros/jazzy/opt/gz_common_vendor:/opt/ros/jazzy/opt/gz_math_vendor:/opt/ros/jazzy/opt/gz_utils_vendor:/opt/ros/jazzy/opt/gz_tools_vendor:/opt/ros/jazzy/opt/gz_ogre_next_vendor:/opt/ros/jazzy/opt/gz_dartsim_vendor:/opt/ros/jazzy/opt/gz_cmake_vendor:/home/aditya/Cpps/Dexter/install/dexter_inventory:/home/aditya/ros2_ws/install/my_py_pkg:/opt/ros/jazzy DEBUGINFOD_URLS=https://debuginfod.ubuntu.com PS1=\[\e]0;\u@\h: \w\a\]${debian_chroot:+($debian_chroot)}\[\033[01;32m\]\u@\h\[\033[00m\]:\[\033[01;34m\]\w\[\033[00m\]\$ VIRTUAL_ENV_PROMPT=(venv-ardupilot) /usr/bin/cmake --install /home/aditya/Cpps/Dexter/build/dexter_moveit
[0.313s] Level 1:colcon.colcon_core.environment:checking '/home/aditya/Cpps/Dexter/install/dexter_moveit' for CMake config files
[0.313s] Level 1:colcon.colcon_core.shell:create_environment_hook('dexter_moveit', 'cmake_prefix_path')
[0.314s] INFO:colcon.colcon_core.shell:Creating environment descriptor '/home/aditya/Cpps/Dexter/install/dexter_moveit/share/dexter_moveit/hook/cmake_prefix_path.dsv'
[0.314s] INFO:colcon.colcon_core.shell:Creating environment hook '/home/aditya/Cpps/Dexter/install/dexter_moveit/share/dexter_moveit/hook/cmake_prefix_path.sh'
[0.315s] Level 1:colcon.colcon_core.environment:checking '/home/aditya/Cpps/Dexter/install/dexter_moveit/bin'
[0.315s] Level 1:colcon.colcon_core.environment:checking '/home/aditya/Cpps/Dexter/install/dexter_moveit/lib/pkgconfig/dexter_moveit.pc'
[0.315s] Level 1:colcon.colcon_core.environment:checking '/home/aditya/Cpps/Dexter/install/dexter_moveit/lib/python3.12/site-packages'
[0.316s] Level 1:colcon.colcon_core.environment:checking '/home/aditya/Cpps/Dexter/install/dexter_moveit/bin'
[0.316s] INFO:colcon.colcon_core.shell:Creating package descriptor '/home/aditya/Cpps/Dexter/install/dexter_moveit/share/dexter_moveit/package.dsv'
[0.317s] INFO:colcon.colcon_core.shell:Creating package script '/home/aditya/Cpps/Dexter/install/dexter_moveit/share/dexter_moveit/package.sh'
[0.317s] INFO:colcon.colcon_core.shell:Creating package script '/home/aditya/Cpps/Dexter/install/dexter_moveit/share/dexter_moveit/package.bash'
[0.318s] INFO:colcon.colcon_core.shell:Creating package script '/home/aditya/Cpps/Dexter/install/dexter_moveit/share/dexter_moveit/package.zsh'
[0.318s] Level 1:colcon.colcon_core.environment:create_file_with_runtime_dependencies(/home/aditya/Cpps/Dexter/install/dexter_moveit/share/colcon-core/packages/dexter_moveit)
[0.319s] Level 1:colcon.colcon_core.environment:create_environment_scripts_only(dexter_moveit)
[0.319s] Level 1:colcon.colcon_core.environment:checking '/home/aditya/Cpps/Dexter/install/dexter_moveit' for CMake module files
[0.320s] Level 1:colcon.colcon_core.environment:checking '/home/aditya/Cpps/Dexter/install/dexter_moveit' for CMake config files
[0.320s] Level 1:colcon.colcon_core.shell:create_environment_hook('dexter_moveit', 'cmake_prefix_path')
[0.320s] INFO:colcon.colcon_core.shell:Creating environment descriptor '/home/aditya/Cpps/Dexter/install/dexter_moveit/share/dexter_moveit/hook/cmake_prefix_path.dsv'
[0.320s] INFO:colcon.colcon_core.shell:Creating environment hook '/home/aditya/Cpps/Dexter/install/dexter_moveit/share/dexter_moveit/hook/cmake_prefix_path.sh'
[0.322s] Level 1:colcon.colcon_core.environment:checking '/home/aditya/Cpps/Dexter/install/dexter_moveit/bin'
[0.322s] Level 1:colcon.colcon_core.environment:checking '/home/aditya/Cpps/Dexter/install/dexter_moveit/lib/pkgconfig/dexter_moveit.pc'
[0.322s] Level 1:colcon.colcon_core.environment:checking '/home/aditya/Cpps/Dexter/install/dexter_moveit/lib/python3.12/site-packages'
[0.323s] Level 1:colcon.colcon_core.environment:checking '/home/aditya/Cpps/Dexter/install/dexter_moveit/bin'
[0.323s] INFO:colcon.colcon_core.shell:Creating package descriptor '/home/aditya/Cpps/Dexter/install/dexter_moveit/share/dexter_moveit/package.dsv'
[0.323s] INFO:colcon.colcon_core.shell:Creating package script '/home/aditya/Cpps/Dexter/install/dexter_moveit/share/dexter_moveit/package.sh'
[0.324s] INFO:colcon.colcon_core.shell:Creating package script '/home/aditya/Cpps/Dexter/install/dexter_moveit/share/dexter_moveit/package.bash'
[0.324s] INFO:colcon.colcon_core.shell:Creating package script '/home/aditya/Cpps/Dexter/install/dexter_moveit/share/dexter_moveit/package.zsh'
[0.324s] Level 1:colcon.colcon_core.environment:create_file_with_runtime_dependencies(/home/aditya/Cpps/Dexter/install/dexter_moveit/share/colcon-core/packages/dexter_moveit)
[0.664s] DEBUG:colcon.colcon_core.event_handler.log_command:Invoked command in '/home/aditya/Cpps/Dexter/build/dexter_msgs' returned '0': CMAKE_PREFIX_PATH=${CMAKE_PREFIX_PATH}:/home/aditya/Cpps/Dexter/install/dexter_inventory:/home/aditya/ros2_ws/install/my_py_pkg:/opt/ros/jazzy DEBUGINFOD_URLS=https://debuginfod.ubuntu.com PS1=\[\e]0;\u@\h: \w\a\]${debian_chroot:+($debian_chroot)}\[\033[01;32m\]\u@\h\[\033[00m\]:\[\033[01;34m\]\w\[\033[00m\]\$ VIRTUAL_ENV_PROMPT=(venv-ardupilot) /usr/bin/cmake --build /home/aditya/Cpps/Dexter/build/dexter_msgs -- -j28 -l28
[0.666s] DEBUG:colcon.colcon_core.event_handler.log_command:Invoking command in '/home/aditya/Cpps/Dexter/build/dexter_msgs': CMAKE_PREFIX_PATH=${CMAKE_PREFIX_PATH}:/home/aditya/Cpps/Dexter/install/dexter_inventory:/home/aditya/ros2_ws/install/my_py_pkg:/opt/ros/jazzy DEBUGINFOD_URLS=https://debuginfod.ubuntu.com PS1=\[\e]0;\u@\h: \w\a\]${debian_chroot:+($debian_chroot)}\[\033[01;32m\]\u@\h\[\033[00m\]:\[\033[01;34m\]\w\[\033[00m\]\$ VIRTUAL_ENV_PROMPT=(venv-ardupilot) /usr/bin/cmake --install /home/aditya/Cpps/Dexter/build/dexter_msgs
[0.745s] DEBUG:colcon.colcon_core.event_handler.log_command:Invoked command in '/home/aditya/Cpps/Dexter/build/dexter_controller' returned '0': CMAKE_PREFIX_PATH=/home/aditya/Cpps/Dexter/install/dexter_description:/home/aditya/Cpps/Dexter/install/dexter_utils:/home/aditya/Cpps/Dexter/install/dexter_bringup:/home/aditya/Cpps/Dexter/install/dexter_remote:/home/aditya/Cpps/Dexter/install/dexter_msgs:/home/aditya/Cpps/Dexter/install/dexter_moveit:/home/aditya/Cpps/Dexter/install/dexter_controller:/home/aditya/ros2_ws/install/my_robot_bringup:/home/aditya/ros2_ws/install/my_cpp_pkg:/home/aditya/ros2_ws/install/my_robot_interfaces:/opt/ros/jazzy/opt/gz_sim_vendor:/opt/ros/jazzy/opt/gz_sensors_vendor:/opt/ros/jazzy/opt/gz_physics_vendor:/opt/ros/jazzy/opt/sdformat_vendor:/opt/ros/jazzy/opt/gz_gui_vendor:/opt/ros/jazzy/opt/gz_transport_vendor:/opt/ros/jazzy/opt/gz_rendering_vendor:/opt/ros/jazzy/opt/gz_plugin_vendor:/opt/ros/jazzy/opt/gz_fuel_tools_vendor:/opt/ros/jazzy/opt/gz_msgs_vendor:/opt/ros/jazzy/opt/gz_common_vendor:/opt/ros/jazzy/opt/gz_math_vendor:/opt/ros/jazzy/opt/gz_utils_vendor:/opt/ros/jazzy/opt/gz_tools_vendor:/opt/ros/jazzy/opt/gz_ogre_next_vendor:/opt/ros/jazzy/opt/gz_dartsim_vendor:/opt/ros/jazzy/opt/gz_cmake_vendor:/home/aditya/Cpps/Dexter/install/dexter_inventory:/home/aditya/ros2_ws/install/my_py_pkg:/opt/ros/jazzy DEBUGINFOD_URLS=https://debuginfod.ubuntu.com PS1=\[\e]0;\u@\h: \w\a\]${debian_chroot:+($debian_chroot)}\[\033[01;32m\]\u@\h\[\033[00m\]:\[\033[01;34m\]\w\[\033[00m\]\$ VIRTUAL_ENV_PROMPT=(venv-ardupilot) /usr/bin/cmake --build /home/aditya/Cpps/Dexter/build/dexter_controller -- -j28 -l28
[0.747s] Level 1:colcon.colcon_core.environment:create_environment_scripts_only(dexter_msgs)
[0.747s] Level 1:colcon.colcon_core.environment:checking '/home/aditya/Cpps/Dexter/install/dexter_msgs' for CMake module files
[0.747s] DEBUG:colcon.colcon_core.event_handler.log_command:Invoking command in '/home/aditya/Cpps/Dexter/build/dexter_controller': CMAKE_PREFIX_PATH=/home/aditya/Cpps/Dexter/install/dexter_description:/home/aditya/Cpps/Dexter/install/dexter_utils:/home/aditya/Cpps/Dexter/install/dexter_bringup:/home/aditya/Cpps/Dexter/install/dexter_remote:/home/aditya/Cpps/Dexter/install/dexter_msgs:/home/aditya/Cpps/Dexter/install/dexter_moveit:/home/aditya/Cpps/Dexter/install/dexter_controller:/home/aditya/ros2_ws/install/my_robot_bringup:/home/aditya/ros2_ws/install/my_cpp_pkg:/home/aditya/ros2_ws/install/my_robot_interfaces:/opt/ros/jazzy/opt/gz_sim_vendor:/opt/ros/jazzy/opt/gz_sensors_vendor:/opt/ros/jazzy/opt/gz_physics_vendor:/opt/ros/jazzy/opt/sdformat_vendor:/opt/ros/jazzy/opt/gz_gui_vendor:/opt/ros/jazzy/opt/gz_transport_vendor:/opt/ros/jazzy/opt/gz_rendering_vendor:/opt/ros/jazzy/opt/gz_plugin_vendor:/opt/ros/jazzy/opt/gz_fuel_tools_vendor:/opt/ros/jazzy/opt/gz_msgs_vendor:/opt/ros/jazzy/opt/gz_common_vendor:/opt/ros/jazzy/opt/gz_math_vendor:/opt/ros/jazzy/opt/gz_utils_vendor:/opt/ros/jazzy/opt/gz_tools_vendor:/opt/ros/jazzy/opt/gz_ogre_next_vendor:/opt/ros/jazzy/opt/gz_dartsim_vendor:/opt/ros/jazzy/opt/gz_cmake_vendor:/home/aditya/Cpps/Dexter/install/dexter_inventory:/home/aditya/ros2_ws/install/my_py_pkg:/opt/ros/jazzy DEBUGINFOD_URLS=https://debuginfod.ubuntu.com PS1=\[\e]0;\u@\h: \w\a\]${debian_chroot:+($debian_chroot)}\[\033[01;32m\]\u@\h\[\033[00m\]:\[\033[01;34m\]\w\[\033[00m\]\$ VIRTUAL_ENV_PROMPT=(venv-ardupilot) /usr/bin/cmake --install /home/aditya/Cpps/Dexter/build/dexter_controller
[0.748s] DEBUG:colcon.colcon_core.event_handler.log_command:Invoked command in '/home/aditya/Cpps/Dexter/build/dexter_msgs' returned '0': CMAKE_PREFIX_PATH=${CMAKE_PREFIX_PATH}:/home/aditya/Cpps/Dexter/install/dexter_inventory:/home/aditya/ros2_ws/install/my_py_pkg:/opt/ros/jazzy DEBUGINFOD_URLS=https://debuginfod.ubuntu.com PS1=\[\e]0;\u@\h: \w\a\]${debian_chroot:+($debian_chroot)}\[\033[01;32m\]\u@\h\[\033[00m\]:\[\033[01;34m\]\w\[\033[00m\]\$ VIRTUAL_ENV_PROMPT=(venv-ardupilot) /usr/bin/cmake --install /home/aditya/Cpps/Dexter/build/dexter_msgs
[0.748s] Level 1:colcon.colcon_core.environment:checking '/home/aditya/Cpps/Dexter/install/dexter_msgs' for CMake config files
[0.748s] Level 1:colcon.colcon_core.shell:create_environment_hook('dexter_msgs', 'cmake_prefix_path')
[0.749s] INFO:colcon.colcon_core.shell:Creating environment descriptor '/home/aditya/Cpps/Dexter/install/dexter_msgs/share/dexter_msgs/hook/cmake_prefix_path.dsv'
[0.749s] INFO:colcon.colcon_core.shell:Creating environment hook '/home/aditya/Cpps/Dexter/install/dexter_msgs/share/dexter_msgs/hook/cmake_prefix_path.sh'
[0.749s] Level 1:colcon.colcon_core.environment:checking '/home/aditya/Cpps/Dexter/install/dexter_msgs/lib'
[0.750s] Level 1:colcon.colcon_core.shell:create_environment_hook('dexter_msgs', 'ld_library_path_lib')
[0.750s] INFO:colcon.colcon_core.shell:Creating environment descriptor '/home/aditya/Cpps/Dexter/install/dexter_msgs/share/dexter_msgs/hook/ld_library_path_lib.dsv'
[0.750s] INFO:colcon.colcon_core.shell:Creating environment hook '/home/aditya/Cpps/Dexter/install/dexter_msgs/share/dexter_msgs/hook/ld_library_path_lib.sh'
[0.750s] Level 1:colcon.colcon_core.environment:checking '/home/aditya/Cpps/Dexter/install/dexter_msgs/bin'
[0.750s] Level 1:colcon.colcon_core.environment:checking '/home/aditya/Cpps/Dexter/install/dexter_msgs/lib/pkgconfig/dexter_msgs.pc'
[0.751s] Level 1:colcon.colcon_core.environment:checking '/home/aditya/Cpps/Dexter/install/dexter_msgs/lib/python3.12/site-packages'
[0.751s] Level 1:colcon.colcon_core.shell:create_environment_hook('dexter_msgs', 'pythonpath')
[0.751s] INFO:colcon.colcon_core.shell:Creating environment descriptor '/home/aditya/Cpps/Dexter/install/dexter_msgs/share/dexter_msgs/hook/pythonpath.dsv'
[0.751s] INFO:colcon.colcon_core.shell:Creating environment hook '/home/aditya/Cpps/Dexter/install/dexter_msgs/share/dexter_msgs/hook/pythonpath.sh'
[0.753s] Level 1:colcon.colcon_core.environment:checking '/home/aditya/Cpps/Dexter/install/dexter_msgs/bin'
[0.754s] INFO:colcon.colcon_core.shell:Creating package descriptor '/home/aditya/Cpps/Dexter/install/dexter_msgs/share/dexter_msgs/package.dsv'
[0.754s] INFO:colcon.colcon_core.shell:Creating package script '/home/aditya/Cpps/Dexter/install/dexter_msgs/share/dexter_msgs/package.sh'
[0.754s] INFO:colcon.colcon_core.shell:Creating package script '/home/aditya/Cpps/Dexter/install/dexter_msgs/share/dexter_msgs/package.bash'
[0.755s] INFO:colcon.colcon_core.shell:Creating package script '/home/aditya/Cpps/Dexter/install/dexter_msgs/share/dexter_msgs/package.zsh'
[0.755s] Level 1:colcon.colcon_core.environment:create_file_with_runtime_dependencies(/home/aditya/Cpps/Dexter/install/dexter_msgs/share/colcon-core/packages/dexter_msgs)
[0.756s] Level 1:colcon.colcon_core.environment:create_environment_scripts_only(dexter_msgs)
[0.756s] Level 1:colcon.colcon_core.environment:checking '/home/aditya/Cpps/Dexter/install/dexter_msgs' for CMake module files
[0.756s] Level 1:colcon.colcon_core.environment:checking '/home/aditya/Cpps/Dexter/install/dexter_msgs' for CMake config files
[0.757s] Level 1:colcon.colcon_core.shell:create_environment_hook('dexter_msgs', 'cmake_prefix_path')
[0.757s] INFO:colcon.colcon_core.shell:Creating environment descriptor '/home/aditya/Cpps/Dexter/install/dexter_msgs/share/dexter_msgs/hook/cmake_prefix_path.dsv'
[0.758s] INFO:colcon.colcon_core.shell:Creating environment hook '/home/aditya/Cpps/Dexter/install/dexter_msgs/share/dexter_msgs/hook/cmake_prefix_path.sh'
[0.758s] Level 1:colcon.colcon_core.environment:checking '/home/aditya/Cpps/Dexter/install/dexter_msgs/lib'
[0.758s] Level 1:colcon.colcon_core.shell:create_environment_hook('dexter_msgs', 'ld_library_path_lib')
[0.759s] INFO:colcon.colcon_core.shell:Creating environment descriptor '/home/aditya/Cpps/Dexter/install/dexter_msgs/share/dexter_msgs/hook/ld_library_path_lib.dsv'
[0.759s] INFO:colcon.colcon_core.shell:Creating environment hook '/home/aditya/Cpps/Dexter/install/dexter_msgs/share/dexter_msgs/hook/ld_library_path_lib.sh'
[0.759s] Level 1:colcon.colcon_core.environment:checking '/home/aditya/Cpps/Dexter/install/dexter_msgs/bin'
[0.759s] Level 1:colcon.colcon_core.environment:checking '/home/aditya/Cpps/Dexter/install/dexter_msgs/lib/pkgconfig/dexter_msgs.pc'
[0.759s] Level 1:colcon.colcon_core.environment:checking '/home/aditya/Cpps/Dexter/install/dexter_msgs/lib/python3.12/site-packages'
[0.760s] Level 1:colcon.colcon_core.shell:create_environment_hook('dexter_msgs', 'pythonpath')
[0.760s] INFO:colcon.colcon_core.shell:Creating environment descriptor '/home/aditya/Cpps/Dexter/install/dexter_msgs/share/dexter_msgs/hook/pythonpath.dsv'
[0.760s] INFO:colcon.colcon_core.shell:Creating environment hook '/home/aditya/Cpps/Dexter/install/dexter_msgs/share/dexter_msgs/hook/pythonpath.sh'
[0.761s] Level 1:colcon.colcon_core.environment:checking '/home/aditya/Cpps/Dexter/install/dexter_msgs/bin'
[0.761s] INFO:colcon.colcon_core.shell:Creating package descriptor '/home/aditya/Cpps/Dexter/install/dexter_msgs/share/dexter_msgs/package.dsv'
[0.761s] INFO:colcon.colcon_core.shell:Creating package script '/home/aditya/Cpps/Dexter/install/dexter_msgs/share/dexter_msgs/package.sh'
[0.762s] INFO:colcon.colcon_core.shell:Creating package script '/home/aditya/Cpps/Dexter/install/dexter_msgs/share/dexter_msgs/package.bash'
[0.762s] INFO:colcon.colcon_core.shell:Creating package script '/home/aditya/Cpps/Dexter/install/dexter_msgs/share/dexter_msgs/package.zsh'
[0.762s] Level 1:colcon.colcon_core.environment:create_file_with_runtime_dependencies(/home/aditya/Cpps/Dexter/install/dexter_msgs/share/colcon-core/packages/dexter_msgs)
[0.763s] INFO:colcon.colcon_ros.task.ament_python.build:Building ROS package in '/home/aditya/Cpps/Dexter/dexter_inventory' with build type 'ament_python'
[0.763s] Level 1:colcon.colcon_core.shell:create_environment_hook('dexter_inventory', 'ament_prefix_path')
[0.763s] INFO:colcon.colcon_core.shell:Creating environment descriptor '/home/aditya/Cpps/Dexter/install/dexter_inventory/share/dexter_inventory/hook/ament_prefix_path.dsv'
[0.764s] INFO:colcon.colcon_core.shell:Creating environment hook '/home/aditya/Cpps/Dexter/install/dexter_inventory/share/dexter_inventory/hook/ament_prefix_path.sh'
[0.764s] DEBUG:colcon.colcon_core.shell:Skip shell extension 'dsv' for command environment
[0.770s] INFO:colcon.colcon_ros.task.ament_cmake.build:Building ROS package in '/home/aditya/Cpps/Dexter/dexter_utils' with build type 'ament_cmake'
[0.770s] INFO:colcon.colcon_cmake.task.cmake.build:Building CMake package in '/home/aditya/Cpps/Dexter/dexter_utils'
[0.771s] DEBUG:colcon.colcon_core.shell:Skip shell extension 'dsv' for command environment
[1.009s] INFO:colcon.colcon_core.task.python.build:Building Python package in '/home/aditya/Cpps/Dexter/dexter_inventory'
[1.009s] DEBUG:colcon.colcon_core.shell:Skip shell extension 'dsv' for command environment
[1.018s] Level 1:colcon.colcon_core.environment:create_environment_scripts_only(dexter_controller)
[1.018s] Level 1:colcon.colcon_core.environment:checking '/home/aditya/Cpps/Dexter/install/dexter_controller' for CMake module files
[1.020s] DEBUG:colcon.colcon_core.event_handler.log_command:Invoking command in '/home/aditya/Cpps/Dexter/build/dexter_utils': CMAKE_PREFIX_PATH=/home/aditya/Cpps/Dexter/install/dexter_msgs:/home/aditya/Cpps/Dexter/install/dexter_utils:/home/aditya/Cpps/Dexter/install/dexter_bringup:/home/aditya/Cpps/Dexter/install/dexter_remote:/home/aditya/Cpps/Dexter/install/dexter_moveit:/home/aditya/Cpps/Dexter/install/dexter_controller:/home/aditya/Cpps/Dexter/install/dexter_description:/home/aditya/ros2_ws/install/my_robot_bringup:/home/aditya/ros2_ws/install/my_cpp_pkg:/home/aditya/ros2_ws/install/my_robot_interfaces:/opt/ros/jazzy/opt/gz_sim_vendor:/opt/ros/jazzy/opt/gz_sensors_vendor:/opt/ros/jazzy/opt/gz_physics_vendor:/opt/ros/jazzy/opt/sdformat_vendor:/opt/ros/jazzy/opt/gz_gui_vendor:/opt/ros/jazzy/opt/gz_transport_vendor:/opt/ros/jazzy/opt/gz_rendering_vendor:/opt/ros/jazzy/opt/gz_plugin_vendor:/opt/ros/jazzy/opt/gz_fuel_tools_vendor:/opt/ros/jazzy/opt/gz_msgs_vendor:/opt/ros/jazzy/opt/gz_common_vendor:/opt/ros/jazzy/opt/gz_math_vendor:/opt/ros/jazzy/opt/gz_utils_vendor:/opt/ros/jazzy/opt/gz_tools_vendor:/opt/ros/jazzy/opt/gz_ogre_next_vendor:/opt/ros/jazzy/opt/gz_dartsim_vendor:/opt/ros/jazzy/opt/gz_cmake_vendor:/home/aditya/Cpps/Dexter/install/dexter_inventory:/home/aditya/ros2_ws/install/my_py_pkg:/opt/ros/jazzy DEBUGINFOD_URLS=https://debuginfod.ubuntu.com LD_LIBRARY_PATH=/home/aditya/Cpps/Dexter/install/dexter_msgs/lib:/home/aditya/Cpps/Dexter/install/dexter_remote/lib:/home/aditya/Cpps/Dexter/install/dexter_controller/lib:/home/aditya/ros2_ws/install/my_robot_interfaces/lib:/opt/ros/jazzy/opt/gz_sim_vendor/lib:/opt/ros/jazzy/opt/gz_sensors_vendor/lib:/opt/ros/jazzy/opt/gz_physics_vendor/lib:/opt/ros/jazzy/opt/sdformat_vendor/lib:/opt/ros/jazzy/opt/rviz_ogre_vendor/lib:/opt/ros/jazzy/lib/x86_64-linux-gnu:/opt/ros/jazzy/opt/gz_gui_vendor/lib:/opt/ros/jazzy/opt/gz_transport_vendor/lib:/opt/ros/jazzy/opt/gz_rendering_vendor/lib:/opt/ros/jazzy/opt/gz_plugin_vendor/lib:/opt/ros/jazzy/opt/gz_fuel_tools_vendor/lib:/opt/ros/jazzy/opt/gz_msgs_vendor/lib:/opt/ros/jazzy/opt/gz_common_vendor/lib:/opt/ros/jazzy/opt/gz_math_vendor/lib:/opt/ros/jazzy/opt/gz_utils_vendor/lib:/opt/ros/jazzy/opt/gz_tools_vendor/lib:/opt/ros/jazzy/opt/gz_ogre_next_vendor/lib:/opt/ros/jazzy/opt/gz_dartsim_vendor/lib:/opt/ros/jazzy/opt/gz_cmake_vendor/lib:/opt/ros/jazzy/lib PS1=\[\e]0;\u@\h: \w\a\]${debian_chroot:+($debian_chroot)}\[\033[01;32m\]\u@\h\[\033[00m\]:\[\033[01;34m\]\w\[\033[00m\]\$ PYTHONPATH=/home/aditya/Cpps/Dexter/install/dexter_msgs/lib/python3.12/site-packages:/home/aditya/Cpps/Dexter/install/dexter_utils/lib/python3.12/site-packages:/home/aditya/Cpps/Dexter/install/dexter_remote/lib/python3.12/site-packages:/home/aditya/Cpps/Dexter/install/dexter_inventory/lib/python3.12/site-packages:/home/aditya/Cpps/Dexter/install/dexter_controller/lib/python3.12/site-packages:/home/aditya/ros2_ws/install/my_py_pkg/lib/python3.12/site-packages:/home/aditya/ros2_ws/install/my_robot_interfaces/lib/python3.12/site-packages:/opt/ros/jazzy/lib/python3.12/site-packages VIRTUAL_ENV_PROMPT=(venv-ardupilot) /usr/bin/cmake --build /home/aditya/Cpps/Dexter/build/dexter_utils -- -j28 -l28
[1.020s] DEBUG:colcon.colcon_core.event_handler.log_command:Invoked command in '/home/aditya/Cpps/Dexter/build/dexter_controller' returned '0': CMAKE_PREFIX_PATH=/home/aditya/Cpps/Dexter/install/dexter_description:/home/aditya/Cpps/Dexter/install/dexter_utils:/home/aditya/Cpps/Dexter/install/dexter_bringup:/home/aditya/Cpps/Dexter/install/dexter_remote:/home/aditya/Cpps/Dexter/install/dexter_msgs:/home/aditya/Cpps/Dexter/install/dexter_moveit:/home/aditya/Cpps/Dexter/install/dexter_controller:/home/aditya/ros2_ws/install/my_robot_bringup:/home/aditya/ros2_ws/install/my_cpp_pkg:/home/aditya/ros2_ws/install/my_robot_interfaces:/opt/ros/jazzy/opt/gz_sim_vendor:/opt/ros/jazzy/opt/gz_sensors_vendor:/opt/ros/jazzy/opt/gz_physics_vendor:/opt/ros/jazzy/opt/sdformat_vendor:/opt/ros/jazzy/opt/gz_gui_vendor:/opt/ros/jazzy/opt/gz_transport_vendor:/opt/ros/jazzy/opt/gz_rendering_vendor:/opt/ros/jazzy/opt/gz_plugin_vendor:/opt/ros/jazzy/opt/gz_fuel_tools_vendor:/opt/ros/jazzy/opt/gz_msgs_vendor:/opt/ros/jazzy/opt/gz_common_vendor:/opt/ros/jazzy/opt/gz_math_vendor:/opt/ros/jazzy/opt/gz_utils_vendor:/opt/ros/jazzy/opt/gz_tools_vendor:/opt/ros/jazzy/opt/gz_ogre_next_vendor:/opt/ros/jazzy/opt/gz_dartsim_vendor:/opt/ros/jazzy/opt/gz_cmake_vendor:/home/aditya/Cpps/Dexter/install/dexter_inventory:/home/aditya/ros2_ws/install/my_py_pkg:/opt/ros/jazzy DEBUGINFOD_URLS=https://debuginfod.ubuntu.com PS1=\[\e]0;\u@\h: \w\a\]${debian_chroot:+($debian_chroot)}\[\033[01;32m\]\u@\h\[\033[00m\]:\[\033[01;34m\]\w\[\033[00m\]\$ VIRTUAL_ENV_PROMPT=(venv-ardupilot) /usr/bin/cmake --install /home/aditya/Cpps/Dexter/build/dexter_controller
[1.021s] Level 1:colcon.colcon_core.environment:checking '/home/aditya/Cpps/Dexter/install/dexter_controller' for CMake config files
[1.021s] Level 1:colcon.colcon_core.shell:create_environment_hook('dexter_controller', 'cmake_prefix_path')
[1.021s] INFO:colcon.colcon_core.shell:Creating environment descriptor '/home/aditya/Cpps/Dexter/install/dexter_controller/share/dexter_controller/hook/cmake_prefix_path.dsv'
[1.022s] INFO:colcon.colcon_core.shell:Creating environment hook '/home/aditya/Cpps/Dexter/install/dexter_controller/share/dexter_controller/hook/cmake_prefix_path.sh'
[1.023s] Level 1:colcon.colcon_core.environment:checking '/home/aditya/Cpps/Dexter/install/dexter_controller/lib'
[1.023s] Level 1:colcon.colcon_core.shell:create_environment_hook('dexter_controller', 'ld_library_path_lib')
[1.024s] INFO:colcon.colcon_core.shell:Creating environment descriptor '/home/aditya/Cpps/Dexter/install/dexter_controller/share/dexter_controller/hook/ld_library_path_lib.dsv'
[1.024s] INFO:colcon.colcon_core.shell:Creating environment hook '/home/aditya/Cpps/Dexter/install/dexter_controller/share/dexter_controller/hook/ld_library_path_lib.sh'
[1.025s] Level 1:colcon.colcon_core.environment:checking '/home/aditya/Cpps/Dexter/install/dexter_controller/bin'
[1.025s] Level 1:colcon.colcon_core.environment:checking '/home/aditya/Cpps/Dexter/install/dexter_controller/lib/pkgconfig/dexter_controller.pc'
[1.025s] Level 1:colcon.colcon_core.environment:checking '/home/aditya/Cpps/Dexter/install/dexter_controller/lib/python3.12/site-packages'
[1.026s] Level 1:colcon.colcon_core.shell:create_environment_hook('dexter_controller', 'pythonpath')
[1.026s] INFO:colcon.colcon_core.shell:Creating environment descriptor '/home/aditya/Cpps/Dexter/install/dexter_controller/share/dexter_controller/hook/pythonpath.dsv'
[1.026s] INFO:colcon.colcon_core.shell:Creating environment hook '/home/aditya/Cpps/Dexter/install/dexter_controller/share/dexter_controller/hook/pythonpath.sh'
[1.027s] Level 1:colcon.colcon_core.environment:checking '/home/aditya/Cpps/Dexter/install/dexter_controller/bin'
[1.028s] INFO:colcon.colcon_core.shell:Creating package descriptor '/home/aditya/Cpps/Dexter/install/dexter_controller/share/dexter_controller/package.dsv'
[1.028s] INFO:colcon.colcon_core.shell:Creating package script '/home/aditya/Cpps/Dexter/install/dexter_controller/share/dexter_controller/package.sh'
[1.028s] INFO:colcon.colcon_core.shell:Creating package script '/home/aditya/Cpps/Dexter/install/dexter_controller/share/dexter_controller/package.bash'
[1.029s] INFO:colcon.colcon_core.shell:Creating package script '/home/aditya/Cpps/Dexter/install/dexter_controller/share/dexter_controller/package.zsh'
[1.029s] Level 1:colcon.colcon_core.environment:create_file_with_runtime_dependencies(/home/aditya/Cpps/Dexter/install/dexter_controller/share/colcon-core/packages/dexter_controller)
[1.029s] Level 1:colcon.colcon_core.environment:create_environment_scripts_only(dexter_controller)
[1.029s] Level 1:colcon.colcon_core.environment:checking '/home/aditya/Cpps/Dexter/install/dexter_controller' for CMake module files
[1.030s] Level 1:colcon.colcon_core.environment:checking '/home/aditya/Cpps/Dexter/install/dexter_controller' for CMake config files
[1.030s] Level 1:colcon.colcon_core.shell:create_environment_hook('dexter_controller', 'cmake_prefix_path')
[1.030s] INFO:colcon.colcon_core.shell:Creating environment descriptor '/home/aditya/Cpps/Dexter/install/dexter_controller/share/dexter_controller/hook/cmake_prefix_path.dsv'
[1.031s] INFO:colcon.colcon_core.shell:Creating environment hook '/home/aditya/Cpps/Dexter/install/dexter_controller/share/dexter_controller/hook/cmake_prefix_path.sh'
[1.032s] Level 1:colcon.colcon_core.environment:checking '/home/aditya/Cpps/Dexter/install/dexter_controller/lib'
[1.032s] Level 1:colcon.colcon_core.shell:create_environment_hook('dexter_controller', 'ld_library_path_lib')
[1.032s] INFO:colcon.colcon_core.shell:Creating environment descriptor '/home/aditya/Cpps/Dexter/install/dexter_controller/share/dexter_controller/hook/ld_library_path_lib.dsv'
[1.032s] INFO:colcon.colcon_core.shell:Creating environment hook '/home/aditya/Cpps/Dexter/install/dexter_controller/share/dexter_controller/hook/ld_library_path_lib.sh'
[1.033s] Level 1:colcon.colcon_core.environment:checking '/home/aditya/Cpps/Dexter/install/dexter_controller/bin'
[1.033s] Level 1:colcon.colcon_core.environment:checking '/home/aditya/Cpps/Dexter/install/dexter_controller/lib/pkgconfig/dexter_controller.pc'
[1.033s] Level 1:colcon.colcon_core.environment:checking '/home/aditya/Cpps/Dexter/install/dexter_controller/lib/python3.12/site-packages'
[1.034s] Level 1:colcon.colcon_core.shell:create_environment_hook('dexter_controller', 'pythonpath')
[1.034s] INFO:colcon.colcon_core.shell:Creating environment descriptor '/home/aditya/Cpps/Dexter/install/dexter_controller/share/dexter_controller/hook/pythonpath.dsv'
[1.034s] INFO:colcon.colcon_core.shell:Creating environment hook '/home/aditya/Cpps/Dexter/install/dexter_controller/share/dexter_controller/hook/pythonpath.sh'
[1.036s] Level 1:colcon.colcon_core.environment:checking '/home/aditya/Cpps/Dexter/install/dexter_controller/bin'
[1.036s] INFO:colcon.colcon_core.shell:Creating package descriptor '/home/aditya/Cpps/Dexter/install/dexter_controller/share/dexter_controller/package.dsv'
[1.037s] INFO:colcon.colcon_core.shell:Creating package script '/home/aditya/Cpps/Dexter/install/dexter_controller/share/dexter_controller/package.sh'
[1.037s] INFO:colcon.colcon_core.shell:Creating package script '/home/aditya/Cpps/Dexter/install/dexter_controller/share/dexter_controller/package.bash'
[1.038s] INFO:colcon.colcon_core.shell:Creating package script '/home/aditya/Cpps/Dexter/install/dexter_controller/share/dexter_controller/package.zsh'
[1.038s] Level 1:colcon.colcon_core.environment:create_file_with_runtime_dependencies(/home/aditya/Cpps/Dexter/install/dexter_controller/share/colcon-core/packages/dexter_controller)
[1.548s] DEBUG:colcon.colcon_core.event_handler.log_command:Invoked command in '/home/aditya/Cpps/Dexter/build/dexter_utils' returned '0': CMAKE_PREFIX_PATH=/home/aditya/Cpps/Dexter/install/dexter_msgs:/home/aditya/Cpps/Dexter/install/dexter_utils:/home/aditya/Cpps/Dexter/install/dexter_bringup:/home/aditya/Cpps/Dexter/install/dexter_remote:/home/aditya/Cpps/Dexter/install/dexter_moveit:/home/aditya/Cpps/Dexter/install/dexter_controller:/home/aditya/Cpps/Dexter/install/dexter_description:/home/aditya/ros2_ws/install/my_robot_bringup:/home/aditya/ros2_ws/install/my_cpp_pkg:/home/aditya/ros2_ws/install/my_robot_interfaces:/opt/ros/jazzy/opt/gz_sim_vendor:/opt/ros/jazzy/opt/gz_sensors_vendor:/opt/ros/jazzy/opt/gz_physics_vendor:/opt/ros/jazzy/opt/sdformat_vendor:/opt/ros/jazzy/opt/gz_gui_vendor:/opt/ros/jazzy/opt/gz_transport_vendor:/opt/ros/jazzy/opt/gz_rendering_vendor:/opt/ros/jazzy/opt/gz_plugin_vendor:/opt/ros/jazzy/opt/gz_fuel_tools_vendor:/opt/ros/jazzy/opt/gz_msgs_vendor:/opt/ros/jazzy/opt/gz_common_vendor:/opt/ros/jazzy/opt/gz_math_vendor:/opt/ros/jazzy/opt/gz_utils_vendor:/opt/ros/jazzy/opt/gz_tools_vendor:/opt/ros/jazzy/opt/gz_ogre_next_vendor:/opt/ros/jazzy/opt/gz_dartsim_vendor:/opt/ros/jazzy/opt/gz_cmake_vendor:/home/aditya/Cpps/Dexter/install/dexter_inventory:/home/aditya/ros2_ws/install/my_py_pkg:/opt/ros/jazzy DEBUGINFOD_URLS=https://debuginfod.ubuntu.com LD_LIBRARY_PATH=/home/aditya/Cpps/Dexter/install/dexter_msgs/lib:/home/aditya/Cpps/Dexter/install/dexter_remote/lib:/home/aditya/Cpps/Dexter/install/dexter_controller/lib:/home/aditya/ros2_ws/install/my_robot_interfaces/lib:/opt/ros/jazzy/opt/gz_sim_vendor/lib:/opt/ros/jazzy/opt/gz_sensors_vendor/lib:/opt/ros/jazzy/opt/gz_physics_vendor/lib:/opt/ros/jazzy/opt/sdformat_vendor/lib:/opt/ros/jazzy/opt/rviz_ogre_vendor/lib:/opt/ros/jazzy/lib/x86_64-linux-gnu:/opt/ros/jazzy/opt/gz_gui_vendor/lib:/opt/ros/jazzy/opt/gz_transport_vendor/lib:/opt/ros/jazzy/opt/gz_rendering_vendor/lib:/opt/ros/jazzy/opt/gz_plugin_vendor/lib:/opt/ros/jazzy/opt/gz_fuel_tools_vendor/lib:/opt/ros/jazzy/opt/gz_msgs_vendor/lib:/opt/ros/jazzy/opt/gz_common_vendor/lib:/opt/ros/jazzy/opt/gz_math_vendor/lib:/opt/ros/jazzy/opt/gz_utils_vendor/lib:/opt/ros/jazzy/opt/gz_tools_vendor/lib:/opt/ros/jazzy/opt/gz_ogre_next_vendor/lib:/opt/ros/jazzy/opt/gz_dartsim_vendor/lib:/opt/ros/jazzy/opt/gz_cmake_vendor/lib:/opt/ros/jazzy/lib PS1=\[\e]0;\u@\h: \w\a\]${debian_chroot:+($debian_chroot)}\[\033[01;32m\]\u@\h\[\033[00m\]:\[\033[01;34m\]\w\[\033[00m\]\$ PYTHONPATH=/home/aditya/Cpps/Dexter/install/dexter_msgs/lib/python3.12/site-packages:/home/aditya/Cpps/Dexter/install/dexter_utils/lib/python3.12/site-packages:/home/aditya/Cpps/Dexter/install/dexter_remote/lib/python3.12/site-packages:/home/aditya/Cpps/Dexter/install/dexter_inventory/lib/python3.12/site-packages:/home/aditya/Cpps/Dexter/install/dexter_controller/lib/python3.12/site-packages:/home/aditya/ros2_ws/install/my_py_pkg/lib/python3.12/site-packages:/home/aditya/ros2_ws/install/my_robot_interfaces/lib/python3.12/site-packages:/opt/ros/jazzy/lib/python3.12/site-packages VIRTUAL_ENV_PROMPT=(venv-ardupilot) /usr/bin/cmake --build /home/aditya/Cpps/Dexter/build/dexter_utils -- -j28 -l28
[1.549s] DEBUG:colcon.colcon_core.event_handler.log_command:Invoking command in '/home/aditya/Cpps/Dexter/build/dexter_utils': CMAKE_PREFIX_PATH=/home/aditya/Cpps/Dexter/install/dexter_msgs:/home/aditya/Cpps/Dexter/install/dexter_utils:/home/aditya/Cpps/Dexter/install/dexter_bringup:/home/aditya/Cpps/Dexter/install/dexter_remote:/home/aditya/Cpps/Dexter/install/dexter_moveit:/home/aditya/Cpps/Dexter/install/dexter_controller:/home/aditya/Cpps/Dexter/install/dexter_description:/home/aditya/ros2_ws/install/my_robot_bringup:/home/aditya/ros2_ws/install/my_cpp_pkg:/home/aditya/ros2_ws/install/my_robot_interfaces:/opt/ros/jazzy/opt/gz_sim_vendor:/opt/ros/jazzy/opt/gz_sensors_vendor:/opt/ros/jazzy/opt/gz_physics_vendor:/opt/ros/jazzy/opt/sdformat_vendor:/opt/ros/jazzy/opt/gz_gui_vendor:/opt/ros/jazzy/opt/gz_transport_vendor:/opt/ros/jazzy/opt/gz_rendering_vendor:/opt/ros/jazzy/opt/gz_plugin_vendor:/opt/ros/jazzy/opt/gz_fuel_tools_vendor:/opt/ros/jazzy/opt/gz_msgs_vendor:/opt/ros/jazzy/opt/gz_common_vendor:/opt/ros/jazzy/opt/gz_math_vendor:/opt/ros/jazzy/opt/gz_utils_vendor:/opt/ros/jazzy/opt/gz_tools_vendor:/opt/ros/jazzy/opt/gz_ogre_next_vendor:/opt/ros/jazzy/opt/gz_dartsim_vendor:/opt/ros/jazzy/opt/gz_cmake_vendor:/home/aditya/Cpps/Dexter/install/dexter_inventory:/home/aditya/ros2_ws/install/my_py_pkg:/opt/ros/jazzy DEBUGINFOD_URLS=https://debuginfod.ubuntu.com LD_LIBRARY_PATH=/home/aditya/Cpps/Dexter/install/dexter_msgs/lib:/home/aditya/Cpps/Dexter/install/dexter_remote/lib:/home/aditya/Cpps/Dexter/install/dexter_controller/lib:/home/aditya/ros2_ws/install/my_robot_interfaces/lib:/opt/ros/jazzy/opt/gz_sim_vendor/lib:/opt/ros/jazzy/opt/gz_sensors_vendor/lib:/opt/ros/jazzy/opt/gz_physics_vendor/lib:/opt/ros/jazzy/opt/sdformat_vendor/lib:/opt/ros/jazzy/opt/rviz_ogre_vendor/lib:/opt/ros/jazzy/lib/x86_64-linux-gnu:/opt/ros/jazzy/opt/gz_gui_vendor/lib:/opt/ros/jazzy/opt/gz_transport_vendor/lib:/opt/ros/jazzy/opt/gz_rendering_vendor/lib:/opt/ros/jazzy/opt/gz_plugin_vendor/lib:/opt/ros/jazzy/opt/gz_fuel_tools_vendor/lib:/opt/ros/jazzy/opt/gz_msgs_vendor/lib:/opt/ros/jazzy/opt/gz_common_vendor/lib:/opt/ros/jazzy/opt/gz_math_vendor/lib:/opt/ros/jazzy/opt/gz_utils_vendor/lib:/opt/ros/jazzy/opt/gz_tools_vendor/lib:/opt/ros/jazzy/opt/gz_ogre_next_vendor/lib:/opt/ros/jazzy/opt/gz_dartsim_vendor/lib:/opt/ros/jazzy/opt/gz_cmake_vendor/lib:/opt/ros/jazzy/lib PS1=\[\e]0;\u@\h: \w\a\]${debian_chroot:+($debian_chroot)}\[\033[01;32m\]\u@\h\[\033[00m\]:\[\033[01;34m\]\w\[\033[00m\]\$ PYTHONPATH=/home/aditya/Cpps/Dexter/install/dexter_msgs/lib/python3.12/site-packages:/home/aditya/Cpps/Dexter/install/dexter_utils/lib/python3.12/site-packages:/home/aditya/Cpps/Dexter/install/dexter_remote/lib/python3.12/site-packages:/home/aditya/Cpps/Dexter/install/dexter_inventory/lib/python3.12/site-packages:/home/aditya/Cpps/Dexter/install/dexter_controller/lib/python3.12/site-packages:/home/aditya/ros2_ws/install/my_py_pkg/lib/python3.12/site-packages:/home/aditya/ros2_ws/install/my_robot_interfaces/lib/python3.12/site-packages:/opt/ros/jazzy/lib/python3.12/site-packages VIRTUAL_ENV_PROMPT=(venv-ardupilot) /usr/bin/cmake --install /home/aditya/Cpps/Dexter/build/dexter_utils
[1.619s] Level 1:colcon.colcon_core.environment:create_environment_scripts_only(dexter_utils)
[1.620s] Level 1:colcon.colcon_core.environment:checking '/home/aditya/Cpps/Dexter/install/dexter_utils' for CMake module files
[1.621s] DEBUG:colcon.colcon_core.event_handler.log_command:Invoked command in '/home/aditya/Cpps/Dexter/build/dexter_utils' returned '0': CMAKE_PREFIX_PATH=/home/aditya/Cpps/Dexter/install/dexter_msgs:/home/aditya/Cpps/Dexter/install/dexter_utils:/home/aditya/Cpps/Dexter/install/dexter_bringup:/home/aditya/Cpps/Dexter/install/dexter_remote:/home/aditya/Cpps/Dexter/install/dexter_moveit:/home/aditya/Cpps/Dexter/install/dexter_controller:/home/aditya/Cpps/Dexter/install/dexter_description:/home/aditya/ros2_ws/install/my_robot_bringup:/home/aditya/ros2_ws/install/my_cpp_pkg:/home/aditya/ros2_ws/install/my_robot_interfaces:/opt/ros/jazzy/opt/gz_sim_vendor:/opt/ros/jazzy/opt/gz_sensors_vendor:/opt/ros/jazzy/opt/gz_physics_vendor:/opt/ros/jazzy/opt/sdformat_vendor:/opt/ros/jazzy/opt/gz_gui_vendor:/opt/ros/jazzy/opt/gz_transport_vendor:/opt/ros/jazzy/opt/gz_rendering_vendor:/opt/ros/jazzy/opt/gz_plugin_vendor:/opt/ros/jazzy/opt/gz_fuel_tools_vendor:/opt/ros/jazzy/opt/gz_msgs_vendor:/opt/ros/jazzy/opt/gz_common_vendor:/opt/ros/jazzy/opt/gz_math_vendor:/opt/ros/jazzy/opt/gz_utils_vendor:/opt/ros/jazzy/opt/gz_tools_vendor:/opt/ros/jazzy/opt/gz_ogre_next_vendor:/opt/ros/jazzy/opt/gz_dartsim_vendor:/opt/ros/jazzy/opt/gz_cmake_vendor:/home/aditya/Cpps/Dexter/install/dexter_inventory:/home/aditya/ros2_ws/install/my_py_pkg:/opt/ros/jazzy DEBUGINFOD_URLS=https://debuginfod.ubuntu.com LD_LIBRARY_PATH=/home/aditya/Cpps/Dexter/install/dexter_msgs/lib:/home/aditya/Cpps/Dexter/install/dexter_remote/lib:/home/aditya/Cpps/Dexter/install/dexter_controller/lib:/home/aditya/ros2_ws/install/my_robot_interfaces/lib:/opt/ros/jazzy/opt/gz_sim_vendor/lib:/opt/ros/jazzy/opt/gz_sensors_vendor/lib:/opt/ros/jazzy/opt/gz_physics_vendor/lib:/opt/ros/jazzy/opt/sdformat_vendor/lib:/opt/ros/jazzy/opt/rviz_ogre_vendor/lib:/opt/ros/jazzy/lib/x86_64-linux-gnu:/opt/ros/jazzy/opt/gz_gui_vendor/lib:/opt/ros/jazzy/opt/gz_transport_vendor/lib:/opt/ros/jazzy/opt/gz_rendering_vendor/lib:/opt/ros/jazzy/opt/gz_plugin_vendor/lib:/opt/ros/jazzy/opt/gz_fuel_tools_vendor/lib:/opt/ros/jazzy/opt/gz_msgs_vendor/lib:/opt/ros/jazzy/opt/gz_common_vendor/lib:/opt/ros/jazzy/opt/gz_math_vendor/lib:/opt/ros/jazzy/opt/gz_utils_vendor/lib:/opt/ros/jazzy/opt/gz_tools_vendor/lib:/opt/ros/jazzy/opt/gz_ogre_next_vendor/lib:/opt/ros/jazzy/opt/gz_dartsim_vendor/lib:/opt/ros/jazzy/opt/gz_cmake_vendor/lib:/opt/ros/jazzy/lib PS1=\[\e]0;\u@\h: \w\a\]${debian_chroot:+($debian_chroot)}\[\033[01;32m\]\u@\h\[\033[00m\]:\[\033[01;34m\]\w\[\033[00m\]\$ PYTHONPATH=/home/aditya/Cpps/Dexter/install/dexter_msgs/lib/python3.12/site-packages:/home/aditya/Cpps/Dexter/install/dexter_utils/lib/python3.12/site-packages:/home/aditya/Cpps/Dexter/install/dexter_remote/lib/python3.12/site-packages:/home/aditya/Cpps/Dexter/install/dexter_inventory/lib/python3.12/site-packages:/home/aditya/Cpps/Dexter/install/dexter_controller/lib/python3.12/site-packages:/home/aditya/ros2_ws/install/my_py_pkg/lib/python3.12/site-packages:/home/aditya/ros2_ws/install/my_robot_interfaces/lib/python3.12/site-packages:/opt/ros/jazzy/lib/python3.12/site-packages VIRTUAL_ENV_PROMPT=(venv-ardupilot) /usr/bin/cmake --install /home/aditya/Cpps/Dexter/build/dexter_utils
[1.621s] Level 1:colcon.colcon_core.environment:checking '/home/aditya/Cpps/Dexter/install/dexter_utils' for CMake config files
[1.622s] Level 1:colcon.colcon_core.shell:create_environment_hook('dexter_utils', 'cmake_prefix_path')
[1.622s] INFO:colcon.colcon_core.shell:Creating environment descriptor '/home/aditya/Cpps/Dexter/install/dexter_utils/share/dexter_utils/hook/cmake_prefix_path.dsv'
[1.623s] INFO:colcon.colcon_core.shell:Creating environment hook '/home/aditya/Cpps/Dexter/install/dexter_utils/share/dexter_utils/hook/cmake_prefix_path.sh'
[1.623s] Level 1:colcon.colcon_core.environment:checking '/home/aditya/Cpps/Dexter/install/dexter_utils/lib'
[1.623s] Level 1:colcon.colcon_core.environment:checking '/home/aditya/Cpps/Dexter/install/dexter_utils/bin'
[1.623s] Level 1:colcon.colcon_core.environment:checking '/home/aditya/Cpps/Dexter/install/dexter_utils/lib/pkgconfig/dexter_utils.pc'
[1.623s] Level 1:colcon.colcon_core.environment:checking '/home/aditya/Cpps/Dexter/install/dexter_utils/lib/python3.12/site-packages'
[1.624s] Level 1:colcon.colcon_core.shell:create_environment_hook('dexter_utils', 'pythonpath')
[1.624s] INFO:colcon.colcon_core.shell:Creating environment descriptor '/home/aditya/Cpps/Dexter/install/dexter_utils/share/dexter_utils/hook/pythonpath.dsv'
[1.624s] INFO:colcon.colcon_core.shell:Creating environment hook '/home/aditya/Cpps/Dexter/install/dexter_utils/share/dexter_utils/hook/pythonpath.sh'
[1.625s] Level 1:colcon.colcon_core.environment:checking '/home/aditya/Cpps/Dexter/install/dexter_utils/bin'
[1.625s] INFO:colcon.colcon_core.shell:Creating package descriptor '/home/aditya/Cpps/Dexter/install/dexter_utils/share/dexter_utils/package.dsv'
[1.625s] INFO:colcon.colcon_core.shell:Creating package script '/home/aditya/Cpps/Dexter/install/dexter_utils/share/dexter_utils/package.sh'
[1.626s] INFO:colcon.colcon_core.shell:Creating package script '/home/aditya/Cpps/Dexter/install/dexter_utils/share/dexter_utils/package.bash'
[1.626s] INFO:colcon.colcon_core.shell:Creating package script '/home/aditya/Cpps/Dexter/install/dexter_utils/share/dexter_utils/package.zsh'
[1.626s] Level 1:colcon.colcon_core.environment:create_file_with_runtime_dependencies(/home/aditya/Cpps/Dexter/install/dexter_utils/share/colcon-core/packages/dexter_utils)
[1.627s] Level 1:colcon.colcon_core.environment:create_environment_scripts_only(dexter_utils)
[1.627s] Level 1:colcon.colcon_core.environment:checking '/home/aditya/Cpps/Dexter/install/dexter_utils' for CMake module files
[1.627s] Level 1:colcon.colcon_core.environment:checking '/home/aditya/Cpps/Dexter/install/dexter_utils' for CMake config files
[1.627s] Level 1:colcon.colcon_core.shell:create_environment_hook('dexter_utils', 'cmake_prefix_path')
[1.628s] INFO:colcon.colcon_core.shell:Creating environment descriptor '/home/aditya/Cpps/Dexter/install/dexter_utils/share/dexter_utils/hook/cmake_prefix_path.dsv'
[1.628s] INFO:colcon.colcon_core.shell:Creating environment hook '/home/aditya/Cpps/Dexter/install/dexter_utils/share/dexter_utils/hook/cmake_prefix_path.sh'
[1.628s] Level 1:colcon.colcon_core.environment:checking '/home/aditya/Cpps/Dexter/install/dexter_utils/lib'
[1.628s] Level 1:colcon.colcon_core.environment:checking '/home/aditya/Cpps/Dexter/install/dexter_utils/bin'
[1.628s] Level 1:colcon.colcon_core.environment:checking '/home/aditya/Cpps/Dexter/install/dexter_utils/lib/pkgconfig/dexter_utils.pc'
[1.629s] Level 1:colcon.colcon_core.environment:checking '/home/aditya/Cpps/Dexter/install/dexter_utils/lib/python3.12/site-packages'
[1.629s] Level 1:colcon.colcon_core.shell:create_environment_hook('dexter_utils', 'pythonpath')
[1.629s] INFO:colcon.colcon_core.shell:Creating environment descriptor '/home/aditya/Cpps/Dexter/install/dexter_utils/share/dexter_utils/hook/pythonpath.dsv'
[1.629s] INFO:colcon.colcon_core.shell:Creating environment hook '/home/aditya/Cpps/Dexter/install/dexter_utils/share/dexter_utils/hook/pythonpath.sh'
[1.630s] Level 1:colcon.colcon_core.environment:checking '/home/aditya/Cpps/Dexter/install/dexter_utils/bin'
[1.630s] INFO:colcon.colcon_core.shell:Creating package descriptor '/home/aditya/Cpps/Dexter/install/dexter_utils/share/dexter_utils/package.dsv'
[1.630s] INFO:colcon.colcon_core.shell:Creating package script '/home/aditya/Cpps/Dexter/install/dexter_utils/share/dexter_utils/package.sh'
[1.631s] INFO:colcon.colcon_core.shell:Creating package script '/home/aditya/Cpps/Dexter/install/dexter_utils/share/dexter_utils/package.bash'
[1.631s] INFO:colcon.colcon_core.shell:Creating package script '/home/aditya/Cpps/Dexter/install/dexter_utils/share/dexter_utils/package.zsh'
[1.631s] Level 1:colcon.colcon_core.environment:create_file_with_runtime_dependencies(/home/aditya/Cpps/Dexter/install/dexter_utils/share/colcon-core/packages/dexter_utils)
[1.791s] DEBUG:colcon.colcon_core.event_handler.log_command:Invoking command in '/home/aditya/Cpps/Dexter/dexter_inventory': CMAKE_PREFIX_PATH=/home/aditya/Cpps/Dexter/install/dexter_moveit:/home/aditya/Cpps/Dexter/install/dexter_msgs:/home/aditya/Cpps/Dexter/install/dexter_description:/home/aditya/Cpps/Dexter/install/dexter_utils:/home/aditya/Cpps/Dexter/install/dexter_bringup:/home/aditya/Cpps/Dexter/install/dexter_remote:/home/aditya/Cpps/Dexter/install/dexter_controller:/home/aditya/ros2_ws/install/my_robot_bringup:/home/aditya/ros2_ws/install/my_cpp_pkg:/home/aditya/ros2_ws/install/my_robot_interfaces:/opt/ros/jazzy/opt/gz_sim_vendor:/opt/ros/jazzy/opt/gz_sensors_vendor:/opt/ros/jazzy/opt/gz_physics_vendor:/opt/ros/jazzy/opt/sdformat_vendor:/opt/ros/jazzy/opt/gz_gui_vendor:/opt/ros/jazzy/opt/gz_transport_vendor:/opt/ros/jazzy/opt/gz_rendering_vendor:/opt/ros/jazzy/opt/gz_plugin_vendor:/opt/ros/jazzy/opt/gz_fuel_tools_vendor:/opt/ros/jazzy/opt/gz_msgs_vendor:/opt/ros/jazzy/opt/gz_common_vendor:/opt/ros/jazzy/opt/gz_math_vendor:/opt/ros/jazzy/opt/gz_utils_vendor:/opt/ros/jazzy/opt/gz_tools_vendor:/opt/ros/jazzy/opt/gz_ogre_next_vendor:/opt/ros/jazzy/opt/gz_dartsim_vendor:/opt/ros/jazzy/opt/gz_cmake_vendor DEBUGINFOD_URLS=https://debuginfod.ubuntu.com LD_LIBRARY_PATH=/home/aditya/Cpps/Dexter/install/dexter_msgs/lib:/home/aditya/Cpps/Dexter/install/dexter_remote/lib:/home/aditya/Cpps/Dexter/install/dexter_controller/lib:/home/aditya/ros2_ws/install/my_robot_interfaces/lib:/opt/ros/jazzy/opt/gz_sim_vendor/lib:/opt/ros/jazzy/opt/gz_sensors_vendor/lib:/opt/ros/jazzy/opt/gz_physics_vendor/lib:/opt/ros/jazzy/opt/sdformat_vendor/lib:/opt/ros/jazzy/opt/rviz_ogre_vendor/lib:/opt/ros/jazzy/lib/x86_64-linux-gnu:/opt/ros/jazzy/opt/gz_gui_vendor/lib:/opt/ros/jazzy/opt/gz_transport_vendor/lib:/opt/ros/jazzy/opt/gz_rendering_vendor/lib:/opt/ros/jazzy/opt/gz_plugin_vendor/lib:/opt/ros/jazzy/opt/gz_fuel_tools_vendor/lib:/opt/ros/jazzy/opt/gz_msgs_vendor/lib:/opt/ros/jazzy/opt/gz_common_vendor/lib:/opt/ros/jazzy/opt/gz_math_vendor/lib:/opt/ros/jazzy/opt/gz_utils_vendor/lib:/opt/ros/jazzy/opt/gz_tools_vendor/lib:/opt/ros/jazzy/opt/gz_ogre_next_vendor/lib:/opt/ros/jazzy/opt/gz_dartsim_vendor/lib:/opt/ros/jazzy/opt/gz_cmake_vendor/lib:/opt/ros/jazzy/lib PS1=\[\e]0;\u@\h: \w\a\]${debian_chroot:+($debian_chroot)}\[\033[01;32m\]\u@\h\[\033[00m\]:\[\033[01;34m\]\w\[\033[00m\]\$ PYTHONPATH=/home/aditya/Cpps/Dexter/build/dexter_inventory/prefix_override:/usr/lib/python3/dist-packages/colcon_core/task/python/colcon_distutils_commands:/home/aditya/Cpps/Dexter/install/dexter_inventory/lib/python3.12/site-packages:/home/aditya/Cpps/Dexter/install/dexter_msgs/lib/python3.12/site-packages:/home/aditya/Cpps/Dexter/install/dexter_utils/lib/python3.12/site-packages:/home/aditya/Cpps/Dexter/install/dexter_remote/lib/python3.12/site-packages:/home/aditya/Cpps/Dexter/install/dexter_inventory/lib/python3.12/site-packages:/home/aditya/Cpps/Dexter/install/dexter_controller/lib/python3.12/site-packages:/home/aditya/ros2_ws/install/my_py_pkg/lib/python3.12/site-packages:/home/aditya/ros2_ws/install/my_robot_interfaces/lib/python3.12/site-packages:/opt/ros/jazzy/lib/python3.12/site-packages VIRTUAL_ENV_PROMPT=(venv-ardupilot) /usr/bin/python3 -W ignore:setup.py install is deprecated -W ignore:easy_install command is deprecated setup.py egg_info --egg-base ../build/dexter_inventory build --build-base /home/aditya/Cpps/Dexter/build/dexter_inventory/build install --record /home/aditya/Cpps/Dexter/build/dexter_inventory/install.log --single-version-externally-managed install_data
[2.327s] Level 1:colcon.colcon_core.environment:checking '/home/aditya/Cpps/Dexter/install/dexter_inventory' for CMake module files
[2.327s] DEBUG:colcon.colcon_core.event_handler.log_command:Invoked command in '/home/aditya/Cpps/Dexter/dexter_inventory' returned '0': CMAKE_PREFIX_PATH=/home/aditya/Cpps/Dexter/install/dexter_moveit:/home/aditya/Cpps/Dexter/install/dexter_msgs:/home/aditya/Cpps/Dexter/install/dexter_description:/home/aditya/Cpps/Dexter/install/dexter_utils:/home/aditya/Cpps/Dexter/install/dexter_bringup:/home/aditya/Cpps/Dexter/install/dexter_remote:/home/aditya/Cpps/Dexter/install/dexter_controller:/home/aditya/ros2_ws/install/my_robot_bringup:/home/aditya/ros2_ws/install/my_cpp_pkg:/home/aditya/ros2_ws/install/my_robot_interfaces:/opt/ros/jazzy/opt/gz_sim_vendor:/opt/ros/jazzy/opt/gz_sensors_vendor:/opt/ros/jazzy/opt/gz_physics_vendor:/opt/ros/jazzy/opt/sdformat_vendor:/opt/ros/jazzy/opt/gz_gui_vendor:/opt/ros/jazzy/opt/gz_transport_vendor:/opt/ros/jazzy/opt/gz_rendering_vendor:/opt/ros/jazzy/opt/gz_plugin_vendor:/opt/ros/jazzy/opt/gz_fuel_tools_vendor:/opt/ros/jazzy/opt/gz_msgs_vendor:/opt/ros/jazzy/opt/gz_common_vendor:/opt/ros/jazzy/opt/gz_math_vendor:/opt/ros/jazzy/opt/gz_utils_vendor:/opt/ros/jazzy/opt/gz_tools_vendor:/opt/ros/jazzy/opt/gz_ogre_next_vendor:/opt/ros/jazzy/opt/gz_dartsim_vendor:/opt/ros/jazzy/opt/gz_cmake_vendor DEBUGINFOD_URLS=https://debuginfod.ubuntu.com LD_LIBRARY_PATH=/home/aditya/Cpps/Dexter/install/dexter_msgs/lib:/home/aditya/Cpps/Dexter/install/dexter_remote/lib:/home/aditya/Cpps/Dexter/install/dexter_controller/lib:/home/aditya/ros2_ws/install/my_robot_interfaces/lib:/opt/ros/jazzy/opt/gz_sim_vendor/lib:/opt/ros/jazzy/opt/gz_sensors_vendor/lib:/opt/ros/jazzy/opt/gz_physics_vendor/lib:/opt/ros/jazzy/opt/sdformat_vendor/lib:/opt/ros/jazzy/opt/rviz_ogre_vendor/lib:/opt/ros/jazzy/lib/x86_64-linux-gnu:/opt/ros/jazzy/opt/gz_gui_vendor/lib:/opt/ros/jazzy/opt/gz_transport_vendor/lib:/opt/ros/jazzy/opt/gz_rendering_vendor/lib:/opt/ros/jazzy/opt/gz_plugin_vendor/lib:/opt/ros/jazzy/opt/gz_fuel_tools_vendor/lib:/opt/ros/jazzy/opt/gz_msgs_vendor/lib:/opt/ros/jazzy/opt/gz_common_vendor/lib:/opt/ros/jazzy/opt/gz_math_vendor/lib:/opt/ros/jazzy/opt/gz_utils_vendor/lib:/opt/ros/jazzy/opt/gz_tools_vendor/lib:/opt/ros/jazzy/opt/gz_ogre_next_vendor/lib:/opt/ros/jazzy/opt/gz_dartsim_vendor/lib:/opt/ros/jazzy/opt/gz_cmake_vendor/lib:/opt/ros/jazzy/lib PS1=\[\e]0;\u@\h: \w\a\]${debian_chroot:+($debian_chroot)}\[\033[01;32m\]\u@\h\[\033[00m\]:\[\033[01;34m\]\w\[\033[00m\]\$ PYTHONPATH=/home/aditya/Cpps/Dexter/build/dexter_inventory/prefix_override:/usr/lib/python3/dist-packages/colcon_core/task/python/colcon_distutils_commands:/home/aditya/Cpps/Dexter/install/dexter_inventory/lib/python3.12/site-packages:/home/aditya/Cpps/Dexter/install/dexter_msgs/lib/python3.12/site-packages:/home/aditya/Cpps/Dexter/install/dexter_utils/lib/python3.12/site-packages:/home/aditya/Cpps/Dexter/install/dexter_remote/lib/python3.12/site-packages:/home/aditya/Cpps/Dexter/install/dexter_inventory/lib/python3.12/site-packages:/home/aditya/Cpps/Dexter/install/dexter_controller/lib/python3.12/site-packages:/home/aditya/ros2_ws/install/my_py_pkg/lib/python3.12/site-packages:/home/aditya/ros2_ws/install/my_robot_interfaces/lib/python3.12/site-packages:/opt/ros/jazzy/lib/python3.12/site-packages VIRTUAL_ENV_PROMPT=(venv-ardupilot) /usr/bin/python3 -W ignore:setup.py install is deprecated -W ignore:easy_install command is deprecated setup.py egg_info --egg-base ../build/dexter_inventory build --build-base /home/aditya/Cpps/Dexter/build/dexter_inventory/build install --record /home/aditya/Cpps/Dexter/build/dexter_inventory/install.log --single-version-externally-managed install_data
[2.328s] Level 1:colcon.colcon_core.environment:checking '/home/aditya/Cpps/Dexter/install/dexter_inventory' for CMake config files
[2.328s] Level 1:colcon.colcon_core.environment:checking '/home/aditya/Cpps/Dexter/install/dexter_inventory/lib'
[2.328s] Level 1:colcon.colcon_core.environment:checking '/home/aditya/Cpps/Dexter/install/dexter_inventory/bin'
[2.328s] Level 1:colcon.colcon_core.environment:checking '/home/aditya/Cpps/Dexter/install/dexter_inventory/lib/pkgconfig/dexter_inventory.pc'
[2.329s] Level 1:colcon.colcon_core.environment:checking '/home/aditya/Cpps/Dexter/install/dexter_inventory/lib/python3.12/site-packages'
[2.329s] Level 1:colcon.colcon_core.shell:create_environment_hook('dexter_inventory', 'pythonpath')
[2.329s] INFO:colcon.colcon_core.shell:Creating environment descriptor '/home/aditya/Cpps/Dexter/install/dexter_inventory/share/dexter_inventory/hook/pythonpath.dsv'
[2.329s] INFO:colcon.colcon_core.shell:Creating environment hook '/home/aditya/Cpps/Dexter/install/dexter_inventory/share/dexter_inventory/hook/pythonpath.sh'
[2.330s] Level 1:colcon.colcon_core.environment:checking '/home/aditya/Cpps/Dexter/install/dexter_inventory/bin'
[2.330s] Level 1:colcon.colcon_core.environment:create_environment_scripts_only(dexter_inventory)
[2.330s] INFO:colcon.colcon_core.shell:Creating package descriptor '/home/aditya/Cpps/Dexter/install/dexter_inventory/share/dexter_inventory/package.dsv'
[2.331s] INFO:colcon.colcon_core.shell:Creating package script '/home/aditya/Cpps/Dexter/install/dexter_inventory/share/dexter_inventory/package.sh'
[2.331s] INFO:colcon.colcon_core.shell:Creating package script '/home/aditya/Cpps/Dexter/install/dexter_inventory/share/dexter_inventory/package.bash'
[2.331s] INFO:colcon.colcon_core.shell:Creating package script '/home/aditya/Cpps/Dexter/install/dexter_inventory/share/dexter_inventory/package.zsh'
[2.331s] Level 1:colcon.colcon_core.environment:create_file_with_runtime_dependencies(/home/aditya/Cpps/Dexter/install/dexter_inventory/share/colcon-core/packages/dexter_inventory)
[2.332s] INFO:colcon.colcon_ros.task.ament_cmake.build:Building ROS package in '/home/aditya/Cpps/Dexter/dexter_remote' with build type 'ament_cmake'
[2.332s] INFO:colcon.colcon_cmake.task.cmake.build:Building CMake package in '/home/aditya/Cpps/Dexter/dexter_remote'
[2.332s] DEBUG:colcon.colcon_core.shell:Skip shell extension 'dsv' for command environment
[2.349s] DEBUG:colcon.colcon_core.event_handler.log_command:Invoking command in '/home/aditya/Cpps/Dexter/build/dexter_remote': AMENT_PREFIX_PATH=/home/aditya/Cpps/Dexter/install/dexter_inventory:/home/aditya/Cpps/Dexter/install/dexter_utils:/home/aditya/Cpps/Dexter/install/dexter_bringup:/home/aditya/Cpps/Dexter/install/dexter_remote:/home/aditya/Cpps/Dexter/install/dexter_msgs:/home/aditya/Cpps/Dexter/install/dexter_moveit:/home/aditya/Cpps/Dexter/install/dexter_controller:/home/aditya/Cpps/Dexter/install/dexter_description:/home/aditya/ros2_ws/install/my_robot_bringup:/home/aditya/ros2_ws/install/my_py_pkg:/home/aditya/ros2_ws/install/my_cpp_pkg:/home/aditya/ros2_ws/install/my_robot_interfaces:/opt/ros/jazzy CMAKE_PREFIX_PATH=/home/aditya/Cpps/Dexter/install/dexter_moveit:/home/aditya/Cpps/Dexter/install/dexter_msgs:/home/aditya/Cpps/Dexter/install/dexter_description:/home/aditya/Cpps/Dexter/install/dexter_utils:/home/aditya/Cpps/Dexter/install/dexter_bringup:/home/aditya/Cpps/Dexter/install/dexter_remote:/home/aditya/Cpps/Dexter/install/dexter_controller:/home/aditya/ros2_ws/install/my_robot_bringup:/home/aditya/ros2_ws/install/my_cpp_pkg:/home/aditya/ros2_ws/install/my_robot_interfaces:/opt/ros/jazzy/opt/gz_sim_vendor:/opt/ros/jazzy/opt/gz_sensors_vendor:/opt/ros/jazzy/opt/gz_physics_vendor:/opt/ros/jazzy/opt/sdformat_vendor:/opt/ros/jazzy/opt/gz_gui_vendor:/opt/ros/jazzy/opt/gz_transport_vendor:/opt/ros/jazzy/opt/gz_rendering_vendor:/opt/ros/jazzy/opt/gz_plugin_vendor:/opt/ros/jazzy/opt/gz_fuel_tools_vendor:/opt/ros/jazzy/opt/gz_msgs_vendor:/opt/ros/jazzy/opt/gz_common_vendor:/opt/ros/jazzy/opt/gz_math_vendor:/opt/ros/jazzy/opt/gz_utils_vendor:/opt/ros/jazzy/opt/gz_tools_vendor:/opt/ros/jazzy/opt/gz_ogre_next_vendor:/opt/ros/jazzy/opt/gz_dartsim_vendor:/opt/ros/jazzy/opt/gz_cmake_vendor:/home/aditya/Cpps/Dexter/install/dexter_inventory:/home/aditya/ros2_ws/install/my_py_pkg:/opt/ros/jazzy DEBUGINFOD_URLS=https://debuginfod.ubuntu.com LD_LIBRARY_PATH=/home/aditya/Cpps/Dexter/install/dexter_msgs/lib:/home/aditya/Cpps/Dexter/install/dexter_remote/lib:/home/aditya/Cpps/Dexter/install/dexter_controller/lib:/home/aditya/ros2_ws/install/my_robot_interfaces/lib:/opt/ros/jazzy/opt/gz_sim_vendor/lib:/opt/ros/jazzy/opt/gz_sensors_vendor/lib:/opt/ros/jazzy/opt/gz_physics_vendor/lib:/opt/ros/jazzy/opt/sdformat_vendor/lib:/opt/ros/jazzy/opt/rviz_ogre_vendor/lib:/opt/ros/jazzy/lib/x86_64-linux-gnu:/opt/ros/jazzy/opt/gz_gui_vendor/lib:/opt/ros/jazzy/opt/gz_transport_vendor/lib:/opt/ros/jazzy/opt/gz_rendering_vendor/lib:/opt/ros/jazzy/opt/gz_plugin_vendor/lib:/opt/ros/jazzy/opt/gz_fuel_tools_vendor/lib:/opt/ros/jazzy/opt/gz_msgs_vendor/lib:/opt/ros/jazzy/opt/gz_common_vendor/lib:/opt/ros/jazzy/opt/gz_math_vendor/lib:/opt/ros/jazzy/opt/gz_utils_vendor/lib:/opt/ros/jazzy/opt/gz_tools_vendor/lib:/opt/ros/jazzy/opt/gz_ogre_next_vendor/lib:/opt/ros/jazzy/opt/gz_dartsim_vendor/lib:/opt/ros/jazzy/opt/gz_cmake_vendor/lib:/opt/ros/jazzy/lib PS1=\[\e]0;\u@\h: \w\a\]${debian_chroot:+($debian_chroot)}\[\033[01;32m\]\u@\h\[\033[00m\]:\[\033[01;34m\]\w\[\033[00m\]\$ PYTHONPATH=/home/aditya/Cpps/Dexter/install/dexter_inventory/lib/python3.12/site-packages:/home/aditya/Cpps/Dexter/install/dexter_msgs/lib/python3.12/site-packages:/home/aditya/Cpps/Dexter/install/dexter_utils/lib/python3.12/site-packages:/home/aditya/Cpps/Dexter/install/dexter_remote/lib/python3.12/site-packages:/home/aditya/Cpps/Dexter/install/dexter_controller/lib/python3.12/site-packages:/home/aditya/ros2_ws/install/my_py_pkg/lib/python3.12/site-packages:/home/aditya/ros2_ws/install/my_robot_interfaces/lib/python3.12/site-packages:/opt/ros/jazzy/lib/python3.12/site-packages VIRTUAL_ENV_PROMPT=(venv-ardupilot) /usr/bin/cmake /home/aditya/Cpps/Dexter/dexter_remote -DCMAKE_INSTALL_PREFIX=/home/aditya/Cpps/Dexter/install/dexter_remote
[3.827s] DEBUG:colcon.colcon_core.event_handler.log_command:Invoked command in '/home/aditya/Cpps/Dexter/build/dexter_remote' returned '0': AMENT_PREFIX_PATH=/home/aditya/Cpps/Dexter/install/dexter_inventory:/home/aditya/Cpps/Dexter/install/dexter_utils:/home/aditya/Cpps/Dexter/install/dexter_bringup:/home/aditya/Cpps/Dexter/install/dexter_remote:/home/aditya/Cpps/Dexter/install/dexter_msgs:/home/aditya/Cpps/Dexter/install/dexter_moveit:/home/aditya/Cpps/Dexter/install/dexter_controller:/home/aditya/Cpps/Dexter/install/dexter_description:/home/aditya/ros2_ws/install/my_robot_bringup:/home/aditya/ros2_ws/install/my_py_pkg:/home/aditya/ros2_ws/install/my_cpp_pkg:/home/aditya/ros2_ws/install/my_robot_interfaces:/opt/ros/jazzy CMAKE_PREFIX_PATH=/home/aditya/Cpps/Dexter/install/dexter_moveit:/home/aditya/Cpps/Dexter/install/dexter_msgs:/home/aditya/Cpps/Dexter/install/dexter_description:/home/aditya/Cpps/Dexter/install/dexter_utils:/home/aditya/Cpps/Dexter/install/dexter_bringup:/home/aditya/Cpps/Dexter/install/dexter_remote:/home/aditya/Cpps/Dexter/install/dexter_controller:/home/aditya/ros2_ws/install/my_robot_bringup:/home/aditya/ros2_ws/install/my_cpp_pkg:/home/aditya/ros2_ws/install/my_robot_interfaces:/opt/ros/jazzy/opt/gz_sim_vendor:/opt/ros/jazzy/opt/gz_sensors_vendor:/opt/ros/jazzy/opt/gz_physics_vendor:/opt/ros/jazzy/opt/sdformat_vendor:/opt/ros/jazzy/opt/gz_gui_vendor:/opt/ros/jazzy/opt/gz_transport_vendor:/opt/ros/jazzy/opt/gz_rendering_vendor:/opt/ros/jazzy/opt/gz_plugin_vendor:/opt/ros/jazzy/opt/gz_fuel_tools_vendor:/opt/ros/jazzy/opt/gz_msgs_vendor:/opt/ros/jazzy/opt/gz_common_vendor:/opt/ros/jazzy/opt/gz_math_vendor:/opt/ros/jazzy/opt/gz_utils_vendor:/opt/ros/jazzy/opt/gz_tools_vendor:/opt/ros/jazzy/opt/gz_ogre_next_vendor:/opt/ros/jazzy/opt/gz_dartsim_vendor:/opt/ros/jazzy/opt/gz_cmake_vendor:/home/aditya/Cpps/Dexter/install/dexter_inventory:/home/aditya/ros2_ws/install/my_py_pkg:/opt/ros/jazzy DEBUGINFOD_URLS=https://debuginfod.ubuntu.com LD_LIBRARY_PATH=/home/aditya/Cpps/Dexter/install/dexter_msgs/lib:/home/aditya/Cpps/Dexter/install/dexter_remote/lib:/home/aditya/Cpps/Dexter/install/dexter_controller/lib:/home/aditya/ros2_ws/install/my_robot_interfaces/lib:/opt/ros/jazzy/opt/gz_sim_vendor/lib:/opt/ros/jazzy/opt/gz_sensors_vendor/lib:/opt/ros/jazzy/opt/gz_physics_vendor/lib:/opt/ros/jazzy/opt/sdformat_vendor/lib:/opt/ros/jazzy/opt/rviz_ogre_vendor/lib:/opt/ros/jazzy/lib/x86_64-linux-gnu:/opt/ros/jazzy/opt/gz_gui_vendor/lib:/opt/ros/jazzy/opt/gz_transport_vendor/lib:/opt/ros/jazzy/opt/gz_rendering_vendor/lib:/opt/ros/jazzy/opt/gz_plugin_vendor/lib:/opt/ros/jazzy/opt/gz_fuel_tools_vendor/lib:/opt/ros/jazzy/opt/gz_msgs_vendor/lib:/opt/ros/jazzy/opt/gz_common_vendor/lib:/opt/ros/jazzy/opt/gz_math_vendor/lib:/opt/ros/jazzy/opt/gz_utils_vendor/lib:/opt/ros/jazzy/opt/gz_tools_vendor/lib:/opt/ros/jazzy/opt/gz_ogre_next_vendor/lib:/opt/ros/jazzy/opt/gz_dartsim_vendor/lib:/opt/ros/jazzy/opt/gz_cmake_vendor/lib:/opt/ros/jazzy/lib PS1=\[\e]0;\u@\h: \w\a\]${debian_chroot:+($debian_chroot)}\[\033[01;32m\]\u@\h\[\033[00m\]:\[\033[01;34m\]\w\[\033[00m\]\$ PYTHONPATH=/home/aditya/Cpps/Dexter/install/dexter_inventory/lib/python3.12/site-packages:/home/aditya/Cpps/Dexter/install/dexter_msgs/lib/python3.12/site-packages:/home/aditya/Cpps/Dexter/install/dexter_utils/lib/python3.12/site-packages:/home/aditya/Cpps/Dexter/install/dexter_remote/lib/python3.12/site-packages:/home/aditya/Cpps/Dexter/install/dexter_controller/lib/python3.12/site-packages:/home/aditya/ros2_ws/install/my_py_pkg/lib/python3.12/site-packages:/home/aditya/ros2_ws/install/my_robot_interfaces/lib/python3.12/site-packages:/opt/ros/jazzy/lib/python3.12/site-packages VIRTUAL_ENV_PROMPT=(venv-ardupilot) /usr/bin/cmake /home/aditya/Cpps/Dexter/dexter_remote -DCMAKE_INSTALL_PREFIX=/home/aditya/Cpps/Dexter/install/dexter_remote
[3.828s] DEBUG:colcon.colcon_core.event_handler.log_command:Invoking command in '/home/aditya/Cpps/Dexter/build/dexter_remote': AMENT_PREFIX_PATH=/home/aditya/Cpps/Dexter/install/dexter_inventory:/home/aditya/Cpps/Dexter/install/dexter_utils:/home/aditya/Cpps/Dexter/install/dexter_bringup:/home/aditya/Cpps/Dexter/install/dexter_remote:/home/aditya/Cpps/Dexter/install/dexter_msgs:/home/aditya/Cpps/Dexter/install/dexter_moveit:/home/aditya/Cpps/Dexter/install/dexter_controller:/home/aditya/Cpps/Dexter/install/dexter_description:/home/aditya/ros2_ws/install/my_robot_bringup:/home/aditya/ros2_ws/install/my_py_pkg:/home/aditya/ros2_ws/install/my_cpp_pkg:/home/aditya/ros2_ws/install/my_robot_interfaces:/opt/ros/jazzy CMAKE_PREFIX_PATH=/home/aditya/Cpps/Dexter/install/dexter_moveit:/home/aditya/Cpps/Dexter/install/dexter_msgs:/home/aditya/Cpps/Dexter/install/dexter_description:/home/aditya/Cpps/Dexter/install/dexter_utils:/home/aditya/Cpps/Dexter/install/dexter_bringup:/home/aditya/Cpps/Dexter/install/dexter_remote:/home/aditya/Cpps/Dexter/install/dexter_controller:/home/aditya/ros2_ws/install/my_robot_bringup:/home/aditya/ros2_ws/install/my_cpp_pkg:/home/aditya/ros2_ws/install/my_robot_interfaces:/opt/ros/jazzy/opt/gz_sim_vendor:/opt/ros/jazzy/opt/gz_sensors_vendor:/opt/ros/jazzy/opt/gz_physics_vendor:/opt/ros/jazzy/opt/sdformat_vendor:/opt/ros/jazzy/opt/gz_gui_vendor:/opt/ros/jazzy/opt/gz_transport_vendor:/opt/ros/jazzy/opt/gz_rendering_vendor:/opt/ros/jazzy/opt/gz_plugin_vendor:/opt/ros/jazzy/opt/gz_fuel_tools_vendor:/opt/ros/jazzy/opt/gz_msgs_vendor:/opt/ros/jazzy/opt/gz_common_vendor:/opt/ros/jazzy/opt/gz_math_vendor:/opt/ros/jazzy/opt/gz_utils_vendor:/opt/ros/jazzy/opt/gz_tools_vendor:/opt/ros/jazzy/opt/gz_ogre_next_vendor:/opt/ros/jazzy/opt/gz_dartsim_vendor:/opt/ros/jazzy/opt/gz_cmake_vendor:/home/aditya/Cpps/Dexter/install/dexter_inventory:/home/aditya/ros2_ws/install/my_py_pkg:/opt/ros/jazzy DEBUGINFOD_URLS=https://debuginfod.ubuntu.com LD_LIBRARY_PATH=/home/aditya/Cpps/Dexter/install/dexter_msgs/lib:/home/aditya/Cpps/Dexter/install/dexter_remote/lib:/home/aditya/Cpps/Dexter/install/dexter_controller/lib:/home/aditya/ros2_ws/install/my_robot_interfaces/lib:/opt/ros/jazzy/opt/gz_sim_vendor/lib:/opt/ros/jazzy/opt/gz_sensors_vendor/lib:/opt/ros/jazzy/opt/gz_physics_vendor/lib:/opt/ros/jazzy/opt/sdformat_vendor/lib:/opt/ros/jazzy/opt/rviz_ogre_vendor/lib:/opt/ros/jazzy/lib/x86_64-linux-gnu:/opt/ros/jazzy/opt/gz_gui_vendor/lib:/opt/ros/jazzy/opt/gz_transport_vendor/lib:/opt/ros/jazzy/opt/gz_rendering_vendor/lib:/opt/ros/jazzy/opt/gz_plugin_vendor/lib:/opt/ros/jazzy/opt/gz_fuel_tools_vendor/lib:/opt/ros/jazzy/opt/gz_msgs_vendor/lib:/opt/ros/jazzy/opt/gz_common_vendor/lib:/opt/ros/jazzy/opt/gz_math_vendor/lib:/opt/ros/jazzy/opt/gz_utils_vendor/lib:/opt/ros/jazzy/opt/gz_tools_vendor/lib:/opt/ros/jazzy/opt/gz_ogre_next_vendor/lib:/opt/ros/jazzy/opt/gz_dartsim_vendor/lib:/opt/ros/jazzy/opt/gz_cmake_vendor/lib:/opt/ros/jazzy/lib PS1=\[\e]0;\u@\h: \w\a\]${debian_chroot:+($debian_chroot)}\[\033[01;32m\]\u@\h\[\033[00m\]:\[\033[01;34m\]\w\[\033[00m\]\$ PYTHONPATH=/home/aditya/Cpps/Dexter/install/dexter_inventory/lib/python3.12/site-packages:/home/aditya/Cpps/Dexter/install/dexter_msgs/lib/python3.12/site-packages:/home/aditya/Cpps/Dexter/install/dexter_utils/lib/python3.12/site-packages:/home/aditya/Cpps/Dexter/install/dexter_remote/lib/python3.12/site-packages:/home/aditya/Cpps/Dexter/install/dexter_controller/lib/python3.12/site-packages:/home/aditya/ros2_ws/install/my_py_pkg/lib/python3.12/site-packages:/home/aditya/ros2_ws/install/my_robot_interfaces/lib/python3.12/site-packages:/opt/ros/jazzy/lib/python3.12/site-packages VIRTUAL_ENV_PROMPT=(venv-ardupilot) /usr/bin/cmake --build /home/aditya/Cpps/Dexter/build/dexter_remote -- -j28 -l28
[3.924s] DEBUG:colcon.colcon_core.event_handler.log_command:Invoked command in '/home/aditya/Cpps/Dexter/build/dexter_remote' returned '2': AMENT_PREFIX_PATH=/home/aditya/Cpps/Dexter/install/dexter_inventory:/home/aditya/Cpps/Dexter/install/dexter_utils:/home/aditya/Cpps/Dexter/install/dexter_bringup:/home/aditya/Cpps/Dexter/install/dexter_remote:/home/aditya/Cpps/Dexter/install/dexter_msgs:/home/aditya/Cpps/Dexter/install/dexter_moveit:/home/aditya/Cpps/Dexter/install/dexter_controller:/home/aditya/Cpps/Dexter/install/dexter_description:/home/aditya/ros2_ws/install/my_robot_bringup:/home/aditya/ros2_ws/install/my_py_pkg:/home/aditya/ros2_ws/install/my_cpp_pkg:/home/aditya/ros2_ws/install/my_robot_interfaces:/opt/ros/jazzy CMAKE_PREFIX_PATH=/home/aditya/Cpps/Dexter/install/dexter_moveit:/home/aditya/Cpps/Dexter/install/dexter_msgs:/home/aditya/Cpps/Dexter/install/dexter_description:/home/aditya/Cpps/Dexter/install/dexter_utils:/home/aditya/Cpps/Dexter/install/dexter_bringup:/home/aditya/Cpps/Dexter/install/dexter_remote:/home/aditya/Cpps/Dexter/install/dexter_controller:/home/aditya/ros2_ws/install/my_robot_bringup:/home/aditya/ros2_ws/install/my_cpp_pkg:/home/aditya/ros2_ws/install/my_robot_interfaces:/opt/ros/jazzy/opt/gz_sim_vendor:/opt/ros/jazzy/opt/gz_sensors_vendor:/opt/ros/jazzy/opt/gz_physics_vendor:/opt/ros/jazzy/opt/sdformat_vendor:/opt/ros/jazzy/opt/gz_gui_vendor:/opt/ros/jazzy/opt/gz_transport_vendor:/opt/ros/jazzy/opt/gz_rendering_vendor:/opt/ros/jazzy/opt/gz_plugin_vendor:/opt/ros/jazzy/opt/gz_fuel_tools_vendor:/opt/ros/jazzy/opt/gz_msgs_vendor:/opt/ros/jazzy/opt/gz_common_vendor:/opt/ros/jazzy/opt/gz_math_vendor:/opt/ros/jazzy/opt/gz_utils_vendor:/opt/ros/jazzy/opt/gz_tools_vendor:/opt/ros/jazzy/opt/gz_ogre_next_vendor:/opt/ros/jazzy/opt/gz_dartsim_vendor:/opt/ros/jazzy/opt/gz_cmake_vendor:/home/aditya/Cpps/Dexter/install/dexter_inventory:/home/aditya/ros2_ws/install/my_py_pkg:/opt/ros/jazzy DEBUGINFOD_URLS=https://debuginfod.ubuntu.com LD_LIBRARY_PATH=/home/aditya/Cpps/Dexter/install/dexter_msgs/lib:/home/aditya/Cpps/Dexter/install/dexter_remote/lib:/home/aditya/Cpps/Dexter/install/dexter_controller/lib:/home/aditya/ros2_ws/install/my_robot_interfaces/lib:/opt/ros/jazzy/opt/gz_sim_vendor/lib:/opt/ros/jazzy/opt/gz_sensors_vendor/lib:/opt/ros/jazzy/opt/gz_physics_vendor/lib:/opt/ros/jazzy/opt/sdformat_vendor/lib:/opt/ros/jazzy/opt/rviz_ogre_vendor/lib:/opt/ros/jazzy/lib/x86_64-linux-gnu:/opt/ros/jazzy/opt/gz_gui_vendor/lib:/opt/ros/jazzy/opt/gz_transport_vendor/lib:/opt/ros/jazzy/opt/gz_rendering_vendor/lib:/opt/ros/jazzy/opt/gz_plugin_vendor/lib:/opt/ros/jazzy/opt/gz_fuel_tools_vendor/lib:/opt/ros/jazzy/opt/gz_msgs_vendor/lib:/opt/ros/jazzy/opt/gz_common_vendor/lib:/opt/ros/jazzy/opt/gz_math_vendor/lib:/opt/ros/jazzy/opt/gz_utils_vendor/lib:/opt/ros/jazzy/opt/gz_tools_vendor/lib:/opt/ros/jazzy/opt/gz_ogre_next_vendor/lib:/opt/ros/jazzy/opt/gz_dartsim_vendor/lib:/opt/ros/jazzy/opt/gz_cmake_vendor/lib:/opt/ros/jazzy/lib PS1=\[\e]0;\u@\h: \w\a\]${debian_chroot:+($debian_chroot)}\[\033[01;32m\]\u@\h\[\033[00m\]:\[\033[01;34m\]\w\[\033[00m\]\$ PYTHONPATH=/home/aditya/Cpps/Dexter/install/dexter_inventory/lib/python3.12/site-packages:/home/aditya/Cpps/Dexter/install/dexter_msgs/lib/python3.12/site-packages:/home/aditya/Cpps/Dexter/install/dexter_utils/lib/python3.12/site-packages:/home/aditya/Cpps/Dexter/install/dexter_remote/lib/python3.12/site-packages:/home/aditya/Cpps/Dexter/install/dexter_controller/lib/python3.12/site-packages:/home/aditya/ros2_ws/install/my_py_pkg/lib/python3.12/site-packages:/home/aditya/ros2_ws/install/my_robot_interfaces/lib/python3.12/site-packages:/opt/ros/jazzy/lib/python3.12/site-packages VIRTUAL_ENV_PROMPT=(venv-ardupilot) /usr/bin/cmake --build /home/aditya/Cpps/Dexter/build/dexter_remote -- -j28 -l28
[3.925s] Level 1:colcon.colcon_core.environment:create_environment_scripts_only(dexter_remote)
[3.925s] Level 1:colcon.colcon_core.environment:checking '/home/aditya/Cpps/Dexter/install/dexter_remote' for CMake module files
[3.926s] Level 1:colcon.colcon_core.environment:checking '/home/aditya/Cpps/Dexter/install/dexter_remote' for CMake config files
[3.926s] Level 1:colcon.colcon_core.shell:create_environment_hook('dexter_remote', 'cmake_prefix_path')
[3.927s] INFO:colcon.colcon_core.shell:Creating environment descriptor '/home/aditya/Cpps/Dexter/install/dexter_remote/share/dexter_remote/hook/cmake_prefix_path.dsv'
[3.928s] INFO:colcon.colcon_core.shell:Creating environment hook '/home/aditya/Cpps/Dexter/install/dexter_remote/share/dexter_remote/hook/cmake_prefix_path.sh'
[3.929s] Level 1:colcon.colcon_core.environment:checking '/home/aditya/Cpps/Dexter/install/dexter_remote/lib'
[3.929s] Level 1:colcon.colcon_core.shell:create_environment_hook('dexter_remote', 'ld_library_path_lib')
[3.929s] INFO:colcon.colcon_core.shell:Creating environment descriptor '/home/aditya/Cpps/Dexter/install/dexter_remote/share/dexter_remote/hook/ld_library_path_lib.dsv'
[3.929s] INFO:colcon.colcon_core.shell:Creating environment hook '/home/aditya/Cpps/Dexter/install/dexter_remote/share/dexter_remote/hook/ld_library_path_lib.sh'
[3.930s] Level 1:colcon.colcon_core.environment:checking '/home/aditya/Cpps/Dexter/install/dexter_remote/bin'
[3.930s] Level 1:colcon.colcon_core.environment:checking '/home/aditya/Cpps/Dexter/install/dexter_remote/lib/pkgconfig/dexter_remote.pc'
[3.930s] Level 1:colcon.colcon_core.environment:checking '/home/aditya/Cpps/Dexter/install/dexter_remote/lib/python3.12/site-packages'
[3.930s] Level 1:colcon.colcon_core.shell:create_environment_hook('dexter_remote', 'pythonpath')
[3.930s] INFO:colcon.colcon_core.shell:Creating environment descriptor '/home/aditya/Cpps/Dexter/install/dexter_remote/share/dexter_remote/hook/pythonpath.dsv'
[3.931s] INFO:colcon.colcon_core.shell:Creating environment hook '/home/aditya/Cpps/Dexter/install/dexter_remote/share/dexter_remote/hook/pythonpath.sh'
[3.932s] Level 1:colcon.colcon_core.environment:checking '/home/aditya/Cpps/Dexter/install/dexter_remote/bin'
[3.932s] INFO:colcon.colcon_core.shell:Creating package descriptor '/home/aditya/Cpps/Dexter/install/dexter_remote/share/dexter_remote/package.dsv'
[3.933s] INFO:colcon.colcon_core.shell:Creating package script '/home/aditya/Cpps/Dexter/install/dexter_remote/share/dexter_remote/package.sh'
[3.933s] INFO:colcon.colcon_core.shell:Creating package script '/home/aditya/Cpps/Dexter/install/dexter_remote/share/dexter_remote/package.bash'
[3.933s] INFO:colcon.colcon_core.shell:Creating package script '/home/aditya/Cpps/Dexter/install/dexter_remote/share/dexter_remote/package.zsh'
[3.934s] Level 1:colcon.colcon_core.environment:create_file_with_runtime_dependencies(/home/aditya/Cpps/Dexter/install/dexter_remote/share/colcon-core/packages/dexter_remote)
[3.944s] DEBUG:colcon.colcon_parallel_executor.executor.parallel:closing loop
[3.944s] DEBUG:colcon.colcon_parallel_executor.executor.parallel:loop closed
[3.944s] DEBUG:colcon.colcon_parallel_executor.executor.parallel:run_until_complete finished with '2'
[3.944s] DEBUG:colcon.colcon_core.event_reactor:joining thread
[3.953s] INFO:colcon.colcon_core.plugin_system:Skipping extension 'colcon_notification.desktop_notification.terminal_notifier': Not used on non-Darwin systems
[3.953s] INFO:colcon.colcon_core.plugin_system:Skipping extension 'colcon_notification.desktop_notification.win32': Not used on non-Windows systems
[3.953s] INFO:colcon.colcon_notification.desktop_notification:Sending desktop notification using 'notify2'
[3.986s] DEBUG:colcon.colcon_core.event_reactor:joined thread
[3.986s] INFO:colcon.colcon_core.shell:Creating prefix script '/home/aditya/Cpps/Dexter/install/local_setup.sh'
[3.986s] INFO:colcon.colcon_core.shell:Creating prefix util module '/home/aditya/Cpps/Dexter/install/_local_setup_util_sh.py'
[3.987s] INFO:colcon.colcon_core.shell:Creating prefix chain script '/home/aditya/Cpps/Dexter/install/setup.sh'
[3.989s] INFO:colcon.colcon_core.shell:Creating prefix script '/home/aditya/Cpps/Dexter/install/local_setup.bash'
[3.989s] INFO:colcon.colcon_core.shell:Creating prefix chain script '/home/aditya/Cpps/Dexter/install/setup.bash'
[3.990s] INFO:colcon.colcon_core.shell:Creating prefix script '/home/aditya/Cpps/Dexter/install/local_setup.zsh'
[3.990s] INFO:colcon.colcon_core.shell:Creating prefix chain script '/home/aditya/Cpps/Dexter/install/setup.zsh'
