[0.056s] DEBUG:colcon:Command line arguments: ['/usr/bin/colcon', 'build']
[0.056s] DEBUG:colcon:Parsed command line arguments: Namespace(log_base=None, log_level=None, verb_name='build', build_base='build', install_base='install', merge_install=False, symlink_install=False, test_result_base=None, continue_on_error=False, executor='parallel', parallel_workers=28, event_handlers=None, ignore_user_meta=False, metas=['./colcon.meta'], base_paths=['.'], packages_ignore=None, packages_ignore_regex=None, paths=None, packages_up_to=None, packages_up_to_regex=None, packages_above=None, packages_above_and_dependencies=None, packages_above_depth=None, packages_select_by_dep=None, packages_skip_by_dep=None, packages_skip_up_to=None, packages_select_build_failed=False, packages_skip_build_finished=False, packages_select_test_failures=False, packages_skip_test_passed=False, packages_select=None, packages_skip=None, packages_select_regex=None, packages_skip_regex=None, packages_start=None, packages_end=None, cmake_args=None, cmake_target=None, cmake_target_skip_unavailable=False, cmake_clean_cache=False, cmake_clean_first=False, cmake_force_configure=False, ament_cmake_args=None, catkin_cmake_args=None, catkin_skip_building_tests=False, verb_parser=<colcon_defaults.argument_parser.defaults.DefaultArgumentsDecorator object at 0x7789ccb34680>, verb_extension=<colcon_core.verb.build.BuildVerb object at 0x7789cccb7bc0>, main=<bound method BuildVerb.main of <colcon_core.verb.build.BuildVerb object at 0x7789cccb7bc0>>)
[0.077s] Level 1:colcon.colcon_core.package_discovery:discover_packages(colcon_meta) check parameters
[0.077s] Level 1:colcon.colcon_core.package_discovery:discover_packages(recursive) check parameters
[0.077s] Level 1:colcon.colcon_core.package_discovery:discover_packages(ignore) check parameters
[0.077s] Level 1:colcon.colcon_core.package_discovery:discover_packages(path) check parameters
[0.077s] Level 1:colcon.colcon_core.package_discovery:discover_packages(colcon_meta) discover
[0.077s] Level 1:colcon.colcon_core.package_discovery:discover_packages(recursive) discover
[0.077s] INFO:colcon.colcon_core.package_discovery:Crawling recursively for packages in '/home/aditya/Cpps/Dexter'
[0.077s] Level 1:colcon.colcon_core.package_identification:_identify(.) by extensions ['ignore', 'ignore_ament_install']
[0.077s] Level 1:colcon.colcon_core.package_identification:_identify(.) by extension 'ignore'
[0.077s] Level 1:colcon.colcon_core.package_identification:_identify(.) by extension 'ignore_ament_install'
[0.078s] Level 1:colcon.colcon_core.package_identification:_identify(.) by extensions ['colcon_pkg']
[0.078s] Level 1:colcon.colcon_core.package_identification:_identify(.) by extension 'colcon_pkg'
[0.078s] Level 1:colcon.colcon_core.package_identification:_identify(.) by extensions ['colcon_meta']
[0.078s] Level 1:colcon.colcon_core.package_identification:_identify(.) by extension 'colcon_meta'
[0.078s] Level 1:colcon.colcon_core.package_identification:_identify(.) by extensions ['ros']
[0.078s] Level 1:colcon.colcon_core.package_identification:_identify(.) by extension 'ros'
[0.091s] Level 1:colcon.colcon_core.package_identification:_identify(.) by extensions ['cmake', 'python']
[0.091s] Level 1:colcon.colcon_core.package_identification:_identify(.) by extension 'cmake'
[0.091s] Level 1:colcon.colcon_core.package_identification:_identify(.) by extension 'python'
[0.092s] Level 1:colcon.colcon_core.package_identification:_identify(.) by extensions ['python_setup_py']
[0.092s] Level 1:colcon.colcon_core.package_identification:_identify(.) by extension 'python_setup_py'
[0.092s] Level 1:colcon.colcon_core.package_identification:_identify(build) by extensions ['ignore', 'ignore_ament_install']
[0.092s] Level 1:colcon.colcon_core.package_identification:_identify(build) by extension 'ignore'
[0.092s] Level 1:colcon.colcon_core.package_identification:_identify(build) ignored
[0.092s] Level 1:colcon.colcon_core.package_identification:_identify(dexter_bringup) by extensions ['ignore', 'ignore_ament_install']
[0.092s] Level 1:colcon.colcon_core.package_identification:_identify(dexter_bringup) by extension 'ignore'
[0.092s] Level 1:colcon.colcon_core.package_identification:_identify(dexter_bringup) by extension 'ignore_ament_install'
[0.092s] Level 1:colcon.colcon_core.package_identification:_identify(dexter_bringup) by extensions ['colcon_pkg']
[0.092s] Level 1:colcon.colcon_core.package_identification:_identify(dexter_bringup) by extension 'colcon_pkg'
[0.092s] Level 1:colcon.colcon_core.package_identification:_identify(dexter_bringup) by extensions ['colcon_meta']
[0.092s] Level 1:colcon.colcon_core.package_identification:_identify(dexter_bringup) by extension 'colcon_meta'
[0.092s] Level 1:colcon.colcon_core.package_identification:_identify(dexter_bringup) by extensions ['ros']
[0.092s] Level 1:colcon.colcon_core.package_identification:_identify(dexter_bringup) by extension 'ros'
[0.093s] DEBUG:colcon.colcon_core.package_identification:Package 'dexter_bringup' with type 'ros.ament_cmake' and name 'dexter_bringup'
[0.093s] Level 1:colcon.colcon_core.package_identification:_identify(dexter_controller) by extensions ['ignore', 'ignore_ament_install']
[0.093s] Level 1:colcon.colcon_core.package_identification:_identify(dexter_controller) by extension 'ignore'
[0.093s] Level 1:colcon.colcon_core.package_identification:_identify(dexter_controller) by extension 'ignore_ament_install'
[0.093s] Level 1:colcon.colcon_core.package_identification:_identify(dexter_controller) by extensions ['colcon_pkg']
[0.093s] Level 1:colcon.colcon_core.package_identification:_identify(dexter_controller) by extension 'colcon_pkg'
[0.093s] Level 1:colcon.colcon_core.package_identification:_identify(dexter_controller) by extensions ['colcon_meta']
[0.093s] Level 1:colcon.colcon_core.package_identification:_identify(dexter_controller) by extension 'colcon_meta'
[0.093s] Level 1:colcon.colcon_core.package_identification:_identify(dexter_controller) by extensions ['ros']
[0.093s] Level 1:colcon.colcon_core.package_identification:_identify(dexter_controller) by extension 'ros'
[0.094s] DEBUG:colcon.colcon_core.package_identification:Package 'dexter_controller' with type 'ros.ament_cmake' and name 'dexter_controller'
[0.094s] Level 1:colcon.colcon_core.package_identification:_identify(dexter_description) by extensions ['ignore', 'ignore_ament_install']
[0.094s] Level 1:colcon.colcon_core.package_identification:_identify(dexter_description) by extension 'ignore'
[0.094s] Level 1:colcon.colcon_core.package_identification:_identify(dexter_description) by extension 'ignore_ament_install'
[0.094s] Level 1:colcon.colcon_core.package_identification:_identify(dexter_description) by extensions ['colcon_pkg']
[0.094s] Level 1:colcon.colcon_core.package_identification:_identify(dexter_description) by extension 'colcon_pkg'
[0.094s] Level 1:colcon.colcon_core.package_identification:_identify(dexter_description) by extensions ['colcon_meta']
[0.094s] Level 1:colcon.colcon_core.package_identification:_identify(dexter_description) by extension 'colcon_meta'
[0.094s] Level 1:colcon.colcon_core.package_identification:_identify(dexter_description) by extensions ['ros']
[0.094s] Level 1:colcon.colcon_core.package_identification:_identify(dexter_description) by extension 'ros'
[0.096s] DEBUG:colcon.colcon_core.package_identification:Package 'dexter_description' with type 'ros.ament_cmake' and name 'dexter_description'
[0.096s] Level 1:colcon.colcon_core.package_identification:_identify(dexter_inventory) by extensions ['ignore', 'ignore_ament_install']
[0.096s] Level 1:colcon.colcon_core.package_identification:_identify(dexter_inventory) by extension 'ignore'
[0.096s] Level 1:colcon.colcon_core.package_identification:_identify(dexter_inventory) by extension 'ignore_ament_install'
[0.097s] Level 1:colcon.colcon_core.package_identification:_identify(dexter_inventory) by extensions ['colcon_pkg']
[0.097s] Level 1:colcon.colcon_core.package_identification:_identify(dexter_inventory) by extension 'colcon_pkg'
[0.097s] Level 1:colcon.colcon_core.package_identification:_identify(dexter_inventory) by extensions ['colcon_meta']
[0.097s] Level 1:colcon.colcon_core.package_identification:_identify(dexter_inventory) by extension 'colcon_meta'
[0.097s] Level 1:colcon.colcon_core.package_identification:_identify(dexter_inventory) by extensions ['ros']
[0.097s] Level 1:colcon.colcon_core.package_identification:_identify(dexter_inventory) by extension 'ros'
[0.097s] DEBUG:colcon.colcon_core.package_identification:Package 'dexter_inventory' with type 'ros.ament_python' and name 'dexter_inventory'
[0.097s] Level 1:colcon.colcon_core.package_identification:_identify(dexter_moveit) by extensions ['ignore', 'ignore_ament_install']
[0.097s] Level 1:colcon.colcon_core.package_identification:_identify(dexter_moveit) by extension 'ignore'
[0.097s] Level 1:colcon.colcon_core.package_identification:_identify(dexter_moveit) by extension 'ignore_ament_install'
[0.097s] Level 1:colcon.colcon_core.package_identification:_identify(dexter_moveit) by extensions ['colcon_pkg']
[0.097s] Level 1:colcon.colcon_core.package_identification:_identify(dexter_moveit) by extension 'colcon_pkg'
[0.097s] Level 1:colcon.colcon_core.package_identification:_identify(dexter_moveit) by extensions ['colcon_meta']
[0.097s] Level 1:colcon.colcon_core.package_identification:_identify(dexter_moveit) by extension 'colcon_meta'
[0.097s] Level 1:colcon.colcon_core.package_identification:_identify(dexter_moveit) by extensions ['ros']
[0.097s] Level 1:colcon.colcon_core.package_identification:_identify(dexter_moveit) by extension 'ros'
[0.098s] DEBUG:colcon.colcon_core.package_identification:Package 'dexter_moveit' with type 'ros.ament_cmake' and name 'dexter_moveit'
[0.098s] Level 1:colcon.colcon_core.package_identification:_identify(dexter_msgs) by extensions ['ignore', 'ignore_ament_install']
[0.098s] Level 1:colcon.colcon_core.package_identification:_identify(dexter_msgs) by extension 'ignore'
[0.098s] Level 1:colcon.colcon_core.package_identification:_identify(dexter_msgs) by extension 'ignore_ament_install'
[0.098s] Level 1:colcon.colcon_core.package_identification:_identify(dexter_msgs) by extensions ['colcon_pkg']
[0.098s] Level 1:colcon.colcon_core.package_identification:_identify(dexter_msgs) by extension 'colcon_pkg'
[0.098s] Level 1:colcon.colcon_core.package_identification:_identify(dexter_msgs) by extensions ['colcon_meta']
[0.098s] Level 1:colcon.colcon_core.package_identification:_identify(dexter_msgs) by extension 'colcon_meta'
[0.098s] Level 1:colcon.colcon_core.package_identification:_identify(dexter_msgs) by extensions ['ros']
[0.098s] Level 1:colcon.colcon_core.package_identification:_identify(dexter_msgs) by extension 'ros'
[0.098s] DEBUG:colcon.colcon_core.package_identification:Package 'dexter_msgs' with type 'ros.ament_cmake' and name 'dexter_msgs'
[0.098s] Level 1:colcon.colcon_core.package_identification:_identify(dexter_remote) by extensions ['ignore', 'ignore_ament_install']
[0.098s] Level 1:colcon.colcon_core.package_identification:_identify(dexter_remote) by extension 'ignore'
[0.098s] Level 1:colcon.colcon_core.package_identification:_identify(dexter_remote) by extension 'ignore_ament_install'
[0.098s] Level 1:colcon.colcon_core.package_identification:_identify(dexter_remote) by extensions ['colcon_pkg']
[0.098s] Level 1:colcon.colcon_core.package_identification:_identify(dexter_remote) by extension 'colcon_pkg'
[0.098s] Level 1:colcon.colcon_core.package_identification:_identify(dexter_remote) by extensions ['colcon_meta']
[0.098s] Level 1:colcon.colcon_core.package_identification:_identify(dexter_remote) by extension 'colcon_meta'
[0.098s] Level 1:colcon.colcon_core.package_identification:_identify(dexter_remote) by extensions ['ros']
[0.098s] Level 1:colcon.colcon_core.package_identification:_identify(dexter_remote) by extension 'ros'
[0.099s] DEBUG:colcon.colcon_core.package_identification:Package 'dexter_remote' with type 'ros.ament_cmake' and name 'dexter_remote'
[0.099s] Level 1:colcon.colcon_core.package_identification:_identify(dexter_utils) by extensions ['ignore', 'ignore_ament_install']
[0.099s] Level 1:colcon.colcon_core.package_identification:_identify(dexter_utils) by extension 'ignore'
[0.099s] Level 1:colcon.colcon_core.package_identification:_identify(dexter_utils) by extension 'ignore_ament_install'
[0.099s] Level 1:colcon.colcon_core.package_identification:_identify(dexter_utils) by extensions ['colcon_pkg']
[0.099s] Level 1:colcon.colcon_core.package_identification:_identify(dexter_utils) by extension 'colcon_pkg'
[0.099s] Level 1:colcon.colcon_core.package_identification:_identify(dexter_utils) by extensions ['colcon_meta']
[0.099s] Level 1:colcon.colcon_core.package_identification:_identify(dexter_utils) by extension 'colcon_meta'
[0.099s] Level 1:colcon.colcon_core.package_identification:_identify(dexter_utils) by extensions ['ros']
[0.099s] Level 1:colcon.colcon_core.package_identification:_identify(dexter_utils) by extension 'ros'
[0.099s] DEBUG:colcon.colcon_core.package_identification:Package 'dexter_utils' with type 'ros.ament_cmake' and name 'dexter_utils'
[0.099s] Level 1:colcon.colcon_core.package_identification:_identify(install) by extensions ['ignore', 'ignore_ament_install']
[0.100s] Level 1:colcon.colcon_core.package_identification:_identify(install) by extension 'ignore'
[0.100s] Level 1:colcon.colcon_core.package_identification:_identify(install) ignored
[0.100s] Level 1:colcon.colcon_core.package_identification:_identify(log) by extensions ['ignore', 'ignore_ament_install']
[0.100s] Level 1:colcon.colcon_core.package_identification:_identify(log) by extension 'ignore'
[0.100s] Level 1:colcon.colcon_core.package_identification:_identify(log) ignored
[0.100s] Level 1:colcon.colcon_core.package_discovery:discover_packages(recursive) using defaults
[0.100s] Level 1:colcon.colcon_core.package_discovery:discover_packages(ignore) discover
[0.100s] Level 1:colcon.colcon_core.package_discovery:discover_packages(ignore) using defaults
[0.100s] Level 1:colcon.colcon_core.package_discovery:discover_packages(path) discover
[0.100s] Level 1:colcon.colcon_core.package_discovery:discover_packages(path) using defaults
[0.110s] Level 5:colcon.colcon_core.verb:set package 'dexter_description' build argument 'cmake_args' from command line to 'None'
[0.110s] Level 5:colcon.colcon_core.verb:set package 'dexter_description' build argument 'cmake_target' from command line to 'None'
[0.111s] Level 5:colcon.colcon_core.verb:set package 'dexter_description' build argument 'cmake_target_skip_unavailable' from command line to 'False'
[0.111s] Level 5:colcon.colcon_core.verb:set package 'dexter_description' build argument 'cmake_clean_cache' from command line to 'False'
[0.111s] Level 5:colcon.colcon_core.verb:set package 'dexter_description' build argument 'cmake_clean_first' from command line to 'False'
[0.111s] Level 5:colcon.colcon_core.verb:set package 'dexter_description' build argument 'cmake_force_configure' from command line to 'False'
[0.111s] Level 5:colcon.colcon_core.verb:set package 'dexter_description' build argument 'ament_cmake_args' from command line to 'None'
[0.111s] Level 5:colcon.colcon_core.verb:set package 'dexter_description' build argument 'catkin_cmake_args' from command line to 'None'
[0.111s] Level 5:colcon.colcon_core.verb:set package 'dexter_description' build argument 'catkin_skip_building_tests' from command line to 'False'
[0.111s] DEBUG:colcon.colcon_core.verb:Building package 'dexter_description' with the following arguments: {'ament_cmake_args': None, 'build_base': '/home/aditya/Cpps/Dexter/build/dexter_description', 'catkin_cmake_args': None, 'catkin_skip_building_tests': False, 'cmake_args': None, 'cmake_clean_cache': False, 'cmake_clean_first': False, 'cmake_force_configure': False, 'cmake_target': None, 'cmake_target_skip_unavailable': False, 'install_base': '/home/aditya/Cpps/Dexter/install/dexter_description', 'merge_install': False, 'path': '/home/aditya/Cpps/Dexter/dexter_description', 'symlink_install': False, 'test_result_base': None}
[0.111s] Level 5:colcon.colcon_core.verb:set package 'dexter_msgs' build argument 'cmake_args' from command line to 'None'
[0.111s] Level 5:colcon.colcon_core.verb:set package 'dexter_msgs' build argument 'cmake_target' from command line to 'None'
[0.111s] Level 5:colcon.colcon_core.verb:set package 'dexter_msgs' build argument 'cmake_target_skip_unavailable' from command line to 'False'
[0.111s] Level 5:colcon.colcon_core.verb:set package 'dexter_msgs' build argument 'cmake_clean_cache' from command line to 'False'
[0.111s] Level 5:colcon.colcon_core.verb:set package 'dexter_msgs' build argument 'cmake_clean_first' from command line to 'False'
[0.111s] Level 5:colcon.colcon_core.verb:set package 'dexter_msgs' build argument 'cmake_force_configure' from command line to 'False'
[0.111s] Level 5:colcon.colcon_core.verb:set package 'dexter_msgs' build argument 'ament_cmake_args' from command line to 'None'
[0.111s] Level 5:colcon.colcon_core.verb:set package 'dexter_msgs' build argument 'catkin_cmake_args' from command line to 'None'
[0.111s] Level 5:colcon.colcon_core.verb:set package 'dexter_msgs' build argument 'catkin_skip_building_tests' from command line to 'False'
[0.111s] DEBUG:colcon.colcon_core.verb:Building package 'dexter_msgs' with the following arguments: {'ament_cmake_args': None, 'build_base': '/home/aditya/Cpps/Dexter/build/dexter_msgs', 'catkin_cmake_args': None, 'catkin_skip_building_tests': False, 'cmake_args': None, 'cmake_clean_cache': False, 'cmake_clean_first': False, 'cmake_force_configure': False, 'cmake_target': None, 'cmake_target_skip_unavailable': False, 'install_base': '/home/aditya/Cpps/Dexter/install/dexter_msgs', 'merge_install': False, 'path': '/home/aditya/Cpps/Dexter/dexter_msgs', 'symlink_install': False, 'test_result_base': None}
[0.111s] Level 5:colcon.colcon_core.verb:set package 'dexter_controller' build argument 'cmake_args' from command line to 'None'
[0.111s] Level 5:colcon.colcon_core.verb:set package 'dexter_controller' build argument 'cmake_target' from command line to 'None'
[0.111s] Level 5:colcon.colcon_core.verb:set package 'dexter_controller' build argument 'cmake_target_skip_unavailable' from command line to 'False'
[0.111s] Level 5:colcon.colcon_core.verb:set package 'dexter_controller' build argument 'cmake_clean_cache' from command line to 'False'
[0.111s] Level 5:colcon.colcon_core.verb:set package 'dexter_controller' build argument 'cmake_clean_first' from command line to 'False'
[0.111s] Level 5:colcon.colcon_core.verb:set package 'dexter_controller' build argument 'cmake_force_configure' from command line to 'False'
[0.111s] Level 5:colcon.colcon_core.verb:set package 'dexter_controller' build argument 'ament_cmake_args' from command line to 'None'
[0.111s] Level 5:colcon.colcon_core.verb:set package 'dexter_controller' build argument 'catkin_cmake_args' from command line to 'None'
[0.111s] Level 5:colcon.colcon_core.verb:set package 'dexter_controller' build argument 'catkin_skip_building_tests' from command line to 'False'
[0.111s] DEBUG:colcon.colcon_core.verb:Building package 'dexter_controller' with the following arguments: {'ament_cmake_args': None, 'build_base': '/home/aditya/Cpps/Dexter/build/dexter_controller', 'catkin_cmake_args': None, 'catkin_skip_building_tests': False, 'cmake_args': None, 'cmake_clean_cache': False, 'cmake_clean_first': False, 'cmake_force_configure': False, 'cmake_target': None, 'cmake_target_skip_unavailable': False, 'install_base': '/home/aditya/Cpps/Dexter/install/dexter_controller', 'merge_install': False, 'path': '/home/aditya/Cpps/Dexter/dexter_controller', 'symlink_install': False, 'test_result_base': None}
[0.111s] Level 5:colcon.colcon_core.verb:set package 'dexter_moveit' build argument 'cmake_args' from command line to 'None'
[0.111s] Level 5:colcon.colcon_core.verb:set package 'dexter_moveit' build argument 'cmake_target' from command line to 'None'
[0.111s] Level 5:colcon.colcon_core.verb:set package 'dexter_moveit' build argument 'cmake_target_skip_unavailable' from command line to 'False'
[0.111s] Level 5:colcon.colcon_core.verb:set package 'dexter_moveit' build argument 'cmake_clean_cache' from command line to 'False'
[0.111s] Level 5:colcon.colcon_core.verb:set package 'dexter_moveit' build argument 'cmake_clean_first' from command line to 'False'
[0.111s] Level 5:colcon.colcon_core.verb:set package 'dexter_moveit' build argument 'cmake_force_configure' from command line to 'False'
[0.111s] Level 5:colcon.colcon_core.verb:set package 'dexter_moveit' build argument 'ament_cmake_args' from command line to 'None'
[0.111s] Level 5:colcon.colcon_core.verb:set package 'dexter_moveit' build argument 'catkin_cmake_args' from command line to 'None'
[0.111s] Level 5:colcon.colcon_core.verb:set package 'dexter_moveit' build argument 'catkin_skip_building_tests' from command line to 'False'
[0.111s] DEBUG:colcon.colcon_core.verb:Building package 'dexter_moveit' with the following arguments: {'ament_cmake_args': None, 'build_base': '/home/aditya/Cpps/Dexter/build/dexter_moveit', 'catkin_cmake_args': None, 'catkin_skip_building_tests': False, 'cmake_args': None, 'cmake_clean_cache': False, 'cmake_clean_first': False, 'cmake_force_configure': False, 'cmake_target': None, 'cmake_target_skip_unavailable': False, 'install_base': '/home/aditya/Cpps/Dexter/install/dexter_moveit', 'merge_install': False, 'path': '/home/aditya/Cpps/Dexter/dexter_moveit', 'symlink_install': False, 'test_result_base': None}
[0.111s] Level 5:colcon.colcon_core.verb:set package 'dexter_utils' build argument 'cmake_args' from command line to 'None'
[0.111s] Level 5:colcon.colcon_core.verb:set package 'dexter_utils' build argument 'cmake_target' from command line to 'None'
[0.111s] Level 5:colcon.colcon_core.verb:set package 'dexter_utils' build argument 'cmake_target_skip_unavailable' from command line to 'False'
[0.112s] Level 5:colcon.colcon_core.verb:set package 'dexter_utils' build argument 'cmake_clean_cache' from command line to 'False'
[0.112s] Level 5:colcon.colcon_core.verb:set package 'dexter_utils' build argument 'cmake_clean_first' from command line to 'False'
[0.112s] Level 5:colcon.colcon_core.verb:set package 'dexter_utils' build argument 'cmake_force_configure' from command line to 'False'
[0.112s] Level 5:colcon.colcon_core.verb:set package 'dexter_utils' build argument 'ament_cmake_args' from command line to 'None'
[0.112s] Level 5:colcon.colcon_core.verb:set package 'dexter_utils' build argument 'catkin_cmake_args' from command line to 'None'
[0.112s] Level 5:colcon.colcon_core.verb:set package 'dexter_utils' build argument 'catkin_skip_building_tests' from command line to 'False'
[0.112s] DEBUG:colcon.colcon_core.verb:Building package 'dexter_utils' with the following arguments: {'ament_cmake_args': None, 'build_base': '/home/aditya/Cpps/Dexter/build/dexter_utils', 'catkin_cmake_args': None, 'catkin_skip_building_tests': False, 'cmake_args': None, 'cmake_clean_cache': False, 'cmake_clean_first': False, 'cmake_force_configure': False, 'cmake_target': None, 'cmake_target_skip_unavailable': False, 'install_base': '/home/aditya/Cpps/Dexter/install/dexter_utils', 'merge_install': False, 'path': '/home/aditya/Cpps/Dexter/dexter_utils', 'symlink_install': False, 'test_result_base': None}
[0.112s] Level 5:colcon.colcon_core.verb:set package 'dexter_inventory' build argument 'cmake_args' from command line to 'None'
[0.112s] Level 5:colcon.colcon_core.verb:set package 'dexter_inventory' build argument 'cmake_target' from command line to 'None'
[0.112s] Level 5:colcon.colcon_core.verb:set package 'dexter_inventory' build argument 'cmake_target_skip_unavailable' from command line to 'False'
[0.112s] Level 5:colcon.colcon_core.verb:set package 'dexter_inventory' build argument 'cmake_clean_cache' from command line to 'False'
[0.112s] Level 5:colcon.colcon_core.verb:set package 'dexter_inventory' build argument 'cmake_clean_first' from command line to 'False'
[0.112s] Level 5:colcon.colcon_core.verb:set package 'dexter_inventory' build argument 'cmake_force_configure' from command line to 'False'
[0.112s] Level 5:colcon.colcon_core.verb:set package 'dexter_inventory' build argument 'ament_cmake_args' from command line to 'None'
[0.112s] Level 5:colcon.colcon_core.verb:set package 'dexter_inventory' build argument 'catkin_cmake_args' from command line to 'None'
[0.112s] Level 5:colcon.colcon_core.verb:set package 'dexter_inventory' build argument 'catkin_skip_building_tests' from command line to 'False'
[0.112s] DEBUG:colcon.colcon_core.verb:Building package 'dexter_inventory' with the following arguments: {'ament_cmake_args': None, 'build_base': '/home/aditya/Cpps/Dexter/build/dexter_inventory', 'catkin_cmake_args': None, 'catkin_skip_building_tests': False, 'cmake_args': None, 'cmake_clean_cache': False, 'cmake_clean_first': False, 'cmake_force_configure': False, 'cmake_target': None, 'cmake_target_skip_unavailable': False, 'install_base': '/home/aditya/Cpps/Dexter/install/dexter_inventory', 'merge_install': False, 'path': '/home/aditya/Cpps/Dexter/dexter_inventory', 'symlink_install': False, 'test_result_base': None}
[0.112s] Level 5:colcon.colcon_core.verb:set package 'dexter_remote' build argument 'cmake_args' from command line to 'None'
[0.112s] Level 5:colcon.colcon_core.verb:set package 'dexter_remote' build argument 'cmake_target' from command line to 'None'
[0.112s] Level 5:colcon.colcon_core.verb:set package 'dexter_remote' build argument 'cmake_target_skip_unavailable' from command line to 'False'
[0.112s] Level 5:colcon.colcon_core.verb:set package 'dexter_remote' build argument 'cmake_clean_cache' from command line to 'False'
[0.112s] Level 5:colcon.colcon_core.verb:set package 'dexter_remote' build argument 'cmake_clean_first' from command line to 'False'
[0.112s] Level 5:colcon.colcon_core.verb:set package 'dexter_remote' build argument 'cmake_force_configure' from command line to 'False'
[0.112s] Level 5:colcon.colcon_core.verb:set package 'dexter_remote' build argument 'ament_cmake_args' from command line to 'None'
[0.112s] Level 5:colcon.colcon_core.verb:set package 'dexter_remote' build argument 'catkin_cmake_args' from command line to 'None'
[0.112s] Level 5:colcon.colcon_core.verb:set package 'dexter_remote' build argument 'catkin_skip_building_tests' from command line to 'False'
[0.112s] DEBUG:colcon.colcon_core.verb:Building package 'dexter_remote' with the following arguments: {'ament_cmake_args': None, 'build_base': '/home/aditya/Cpps/Dexter/build/dexter_remote', 'catkin_cmake_args': None, 'catkin_skip_building_tests': False, 'cmake_args': None, 'cmake_clean_cache': False, 'cmake_clean_first': False, 'cmake_force_configure': False, 'cmake_target': None, 'cmake_target_skip_unavailable': False, 'install_base': '/home/aditya/Cpps/Dexter/install/dexter_remote', 'merge_install': False, 'path': '/home/aditya/Cpps/Dexter/dexter_remote', 'symlink_install': False, 'test_result_base': None}
[0.112s] Level 5:colcon.colcon_core.verb:set package 'dexter_bringup' build argument 'cmake_args' from command line to 'None'
[0.112s] Level 5:colcon.colcon_core.verb:set package 'dexter_bringup' build argument 'cmake_target' from command line to 'None'
[0.112s] Level 5:colcon.colcon_core.verb:set package 'dexter_bringup' build argument 'cmake_target_skip_unavailable' from command line to 'False'
[0.112s] Level 5:colcon.colcon_core.verb:set package 'dexter_bringup' build argument 'cmake_clean_cache' from command line to 'False'
[0.112s] Level 5:colcon.colcon_core.verb:set package 'dexter_bringup' build argument 'cmake_clean_first' from command line to 'False'
[0.112s] Level 5:colcon.colcon_core.verb:set package 'dexter_bringup' build argument 'cmake_force_configure' from command line to 'False'
[0.112s] Level 5:colcon.colcon_core.verb:set package 'dexter_bringup' build argument 'ament_cmake_args' from command line to 'None'
[0.112s] Level 5:colcon.colcon_core.verb:set package 'dexter_bringup' build argument 'catkin_cmake_args' from command line to 'None'
[0.112s] Level 5:colcon.colcon_core.verb:set package 'dexter_bringup' build argument 'catkin_skip_building_tests' from command line to 'False'
[0.112s] DEBUG:colcon.colcon_core.verb:Building package 'dexter_bringup' with the following arguments: {'ament_cmake_args': None, 'build_base': '/home/aditya/Cpps/Dexter/build/dexter_bringup', 'catkin_cmake_args': None, 'catkin_skip_building_tests': False, 'cmake_args': None, 'cmake_clean_cache': False, 'cmake_clean_first': False, 'cmake_force_configure': False, 'cmake_target': None, 'cmake_target_skip_unavailable': False, 'install_base': '/home/aditya/Cpps/Dexter/install/dexter_bringup', 'merge_install': False, 'path': '/home/aditya/Cpps/Dexter/dexter_bringup', 'symlink_install': False, 'test_result_base': None}
[0.112s] INFO:colcon.colcon_core.executor:Executing jobs using 'parallel' executor
[0.113s] DEBUG:colcon.colcon_parallel_executor.executor.parallel:run_until_complete
[0.113s] INFO:colcon.colcon_ros.task.ament_cmake.build:Building ROS package in '/home/aditya/Cpps/Dexter/dexter_description' with build type 'ament_cmake'
[0.113s] INFO:colcon.colcon_cmake.task.cmake.build:Building CMake package in '/home/aditya/Cpps/Dexter/dexter_description'
[0.115s] INFO:colcon.colcon_core.plugin_system:Skipping extension 'colcon_core.shell.bat': Not used on non-Windows systems
[0.115s] DEBUG:colcon.colcon_core.shell:Skip shell extension 'dsv' for command environment
[0.118s] INFO:colcon.colcon_ros.task.ament_cmake.build:Building ROS package in '/home/aditya/Cpps/Dexter/dexter_msgs' with build type 'ament_cmake'
[0.118s] INFO:colcon.colcon_cmake.task.cmake.build:Building CMake package in '/home/aditya/Cpps/Dexter/dexter_msgs'
[0.119s] DEBUG:colcon.colcon_core.shell:Skip shell extension 'dsv' for command environment
[0.124s] DEBUG:colcon.colcon_core.event_handler.log_command:Invoking command in '/home/aditya/Cpps/Dexter/build/dexter_description': CMAKE_PREFIX_PATH=${CMAKE_PREFIX_PATH}:/home/aditya/ros2_ws/install/my_py_pkg:/opt/ros/jazzy DEBUGINFOD_URLS=https://debuginfod.ubuntu.com PS1=\[\e]0;\u@\h: \w\a\]${debian_chroot:+($debian_chroot)}\[\033[01;32m\]\u@\h\[\033[00m\]:\[\033[01;34m\]\w\[\033[00m\]\$ VIRTUAL_ENV_PROMPT=(venv-ardupilot) /usr/bin/cmake --build /home/aditya/Cpps/Dexter/build/dexter_description -- -j28 -l28
[0.127s] DEBUG:colcon.colcon_core.event_handler.log_command:Invoking command in '/home/aditya/Cpps/Dexter/build/dexter_msgs': CMAKE_PREFIX_PATH=${CMAKE_PREFIX_PATH}:/home/aditya/ros2_ws/install/my_py_pkg:/opt/ros/jazzy DEBUGINFOD_URLS=https://debuginfod.ubuntu.com PS1=\[\e]0;\u@\h: \w\a\]${debian_chroot:+($debian_chroot)}\[\033[01;32m\]\u@\h\[\033[00m\]:\[\033[01;34m\]\w\[\033[00m\]\$ VIRTUAL_ENV_PROMPT=(venv-ardupilot) /usr/bin/cmake --build /home/aditya/Cpps/Dexter/build/dexter_msgs -- -j28 -l28
[0.160s] DEBUG:colcon.colcon_core.event_handler.log_command:Invoked command in '/home/aditya/Cpps/Dexter/build/dexter_description' returned '0': CMAKE_PREFIX_PATH=${CMAKE_PREFIX_PATH}:/home/aditya/ros2_ws/install/my_py_pkg:/opt/ros/jazzy DEBUGINFOD_URLS=https://debuginfod.ubuntu.com PS1=\[\e]0;\u@\h: \w\a\]${debian_chroot:+($debian_chroot)}\[\033[01;32m\]\u@\h\[\033[00m\]:\[\033[01;34m\]\w\[\033[00m\]\$ VIRTUAL_ENV_PROMPT=(venv-ardupilot) /usr/bin/cmake --build /home/aditya/Cpps/Dexter/build/dexter_description -- -j28 -l28
[0.170s] DEBUG:colcon.colcon_core.event_handler.log_command:Invoking command in '/home/aditya/Cpps/Dexter/build/dexter_description': CMAKE_PREFIX_PATH=${CMAKE_PREFIX_PATH}:/home/aditya/ros2_ws/install/my_py_pkg:/opt/ros/jazzy DEBUGINFOD_URLS=https://debuginfod.ubuntu.com PS1=\[\e]0;\u@\h: \w\a\]${debian_chroot:+($debian_chroot)}\[\033[01;32m\]\u@\h\[\033[00m\]:\[\033[01;34m\]\w\[\033[00m\]\$ VIRTUAL_ENV_PROMPT=(venv-ardupilot) /usr/bin/cmake --install /home/aditya/Cpps/Dexter/build/dexter_description
[0.180s] Level 1:colcon.colcon_core.environment:create_environment_scripts_only(dexter_description)
[0.183s] DEBUG:colcon.colcon_core.event_handler.log_command:Invoked command in '/home/aditya/Cpps/Dexter/build/dexter_description' returned '0': CMAKE_PREFIX_PATH=${CMAKE_PREFIX_PATH}:/home/aditya/ros2_ws/install/my_py_pkg:/opt/ros/jazzy DEBUGINFOD_URLS=https://debuginfod.ubuntu.com PS1=\[\e]0;\u@\h: \w\a\]${debian_chroot:+($debian_chroot)}\[\033[01;32m\]\u@\h\[\033[00m\]:\[\033[01;34m\]\w\[\033[00m\]\$ VIRTUAL_ENV_PROMPT=(venv-ardupilot) /usr/bin/cmake --install /home/aditya/Cpps/Dexter/build/dexter_description
[0.184s] Level 1:colcon.colcon_core.environment:checking '/home/aditya/Cpps/Dexter/install/dexter_description' for CMake module files
[0.185s] Level 1:colcon.colcon_core.environment:checking '/home/aditya/Cpps/Dexter/install/dexter_description' for CMake config files
[0.185s] Level 1:colcon.colcon_core.shell:create_environment_hook('dexter_description', 'cmake_prefix_path')
[0.185s] INFO:colcon.colcon_core.shell:Creating environment descriptor '/home/aditya/Cpps/Dexter/install/dexter_description/share/dexter_description/hook/cmake_prefix_path.dsv'
[0.185s] INFO:colcon.colcon_core.shell:Creating environment hook '/home/aditya/Cpps/Dexter/install/dexter_description/share/dexter_description/hook/cmake_prefix_path.sh'
[0.186s] Level 1:colcon.colcon_core.environment:checking '/home/aditya/Cpps/Dexter/install/dexter_description/bin'
[0.186s] Level 1:colcon.colcon_core.environment:checking '/home/aditya/Cpps/Dexter/install/dexter_description/lib/pkgconfig/dexter_description.pc'
[0.187s] Level 1:colcon.colcon_core.environment:checking '/home/aditya/Cpps/Dexter/install/dexter_description/lib/python3.12/site-packages'
[0.188s] Level 1:colcon.colcon_core.environment:checking '/home/aditya/Cpps/Dexter/install/dexter_description/bin'
[0.188s] INFO:colcon.colcon_core.shell:Creating package descriptor '/home/aditya/Cpps/Dexter/install/dexter_description/share/dexter_description/package.dsv'
[0.188s] INFO:colcon.colcon_core.shell:Creating package script '/home/aditya/Cpps/Dexter/install/dexter_description/share/dexter_description/package.sh'
[0.188s] INFO:colcon.colcon_core.shell:Creating package script '/home/aditya/Cpps/Dexter/install/dexter_description/share/dexter_description/package.bash'
[0.189s] INFO:colcon.colcon_core.shell:Creating package script '/home/aditya/Cpps/Dexter/install/dexter_description/share/dexter_description/package.zsh'
[0.189s] Level 1:colcon.colcon_core.environment:create_file_with_runtime_dependencies(/home/aditya/Cpps/Dexter/install/dexter_description/share/colcon-core/packages/dexter_description)
[0.189s] Level 1:colcon.colcon_core.environment:create_environment_scripts_only(dexter_description)
[0.189s] Level 1:colcon.colcon_core.environment:checking '/home/aditya/Cpps/Dexter/install/dexter_description' for CMake module files
[0.190s] Level 1:colcon.colcon_core.environment:checking '/home/aditya/Cpps/Dexter/install/dexter_description' for CMake config files
[0.190s] Level 1:colcon.colcon_core.shell:create_environment_hook('dexter_description', 'cmake_prefix_path')
[0.190s] INFO:colcon.colcon_core.shell:Creating environment descriptor '/home/aditya/Cpps/Dexter/install/dexter_description/share/dexter_description/hook/cmake_prefix_path.dsv'
[0.190s] INFO:colcon.colcon_core.shell:Creating environment hook '/home/aditya/Cpps/Dexter/install/dexter_description/share/dexter_description/hook/cmake_prefix_path.sh'
[0.191s] Level 1:colcon.colcon_core.environment:checking '/home/aditya/Cpps/Dexter/install/dexter_description/bin'
[0.191s] Level 1:colcon.colcon_core.environment:checking '/home/aditya/Cpps/Dexter/install/dexter_description/lib/pkgconfig/dexter_description.pc'
[0.191s] Level 1:colcon.colcon_core.environment:checking '/home/aditya/Cpps/Dexter/install/dexter_description/lib/python3.12/site-packages'
[0.191s] Level 1:colcon.colcon_core.environment:checking '/home/aditya/Cpps/Dexter/install/dexter_description/bin'
[0.191s] INFO:colcon.colcon_core.shell:Creating package descriptor '/home/aditya/Cpps/Dexter/install/dexter_description/share/dexter_description/package.dsv'
[0.192s] INFO:colcon.colcon_core.shell:Creating package script '/home/aditya/Cpps/Dexter/install/dexter_description/share/dexter_description/package.sh'
[0.192s] INFO:colcon.colcon_core.shell:Creating package script '/home/aditya/Cpps/Dexter/install/dexter_description/share/dexter_description/package.bash'
[0.192s] INFO:colcon.colcon_core.shell:Creating package script '/home/aditya/Cpps/Dexter/install/dexter_description/share/dexter_description/package.zsh'
[0.192s] Level 1:colcon.colcon_core.environment:create_file_with_runtime_dependencies(/home/aditya/Cpps/Dexter/install/dexter_description/share/colcon-core/packages/dexter_description)
[0.192s] INFO:colcon.colcon_ros.task.ament_cmake.build:Building ROS package in '/home/aditya/Cpps/Dexter/dexter_moveit' with build type 'ament_cmake'
[0.192s] INFO:colcon.colcon_cmake.task.cmake.build:Building CMake package in '/home/aditya/Cpps/Dexter/dexter_moveit'
[0.193s] DEBUG:colcon.colcon_core.shell:Skip shell extension 'dsv' for command environment
[0.195s] INFO:colcon.colcon_ros.task.ament_cmake.build:Building ROS package in '/home/aditya/Cpps/Dexter/dexter_controller' with build type 'ament_cmake'
[0.195s] INFO:colcon.colcon_cmake.task.cmake.build:Building CMake package in '/home/aditya/Cpps/Dexter/dexter_controller'
[0.195s] DEBUG:colcon.colcon_core.shell:Skip shell extension 'dsv' for command environment
[0.201s] DEBUG:colcon.colcon_core.event_handler.log_command:Invoking command in '/home/aditya/Cpps/Dexter/build/dexter_moveit': AMENT_PREFIX_PATH=/home/aditya/Cpps/Dexter/install/dexter_description:${AMENT_PREFIX_PATH} CMAKE_PREFIX_PATH=/home/aditya/Cpps/Dexter/install/dexter_description:/home/aditya/ros2_ws/install/my_robot_bringup:/home/aditya/ros2_ws/install/my_cpp_pkg:/home/aditya/ros2_ws/install/my_robot_interfaces:/opt/ros/jazzy/opt/gz_sim_vendor:/opt/ros/jazzy/opt/gz_sensors_vendor:/opt/ros/jazzy/opt/gz_physics_vendor:/opt/ros/jazzy/opt/sdformat_vendor:/opt/ros/jazzy/opt/gz_gui_vendor:/opt/ros/jazzy/opt/gz_transport_vendor:/opt/ros/jazzy/opt/gz_rendering_vendor:/opt/ros/jazzy/opt/gz_plugin_vendor:/opt/ros/jazzy/opt/gz_fuel_tools_vendor:/opt/ros/jazzy/opt/gz_msgs_vendor:/opt/ros/jazzy/opt/gz_common_vendor:/opt/ros/jazzy/opt/gz_math_vendor:/opt/ros/jazzy/opt/gz_utils_vendor:/opt/ros/jazzy/opt/gz_tools_vendor:/opt/ros/jazzy/opt/gz_ogre_next_vendor:/opt/ros/jazzy/opt/gz_dartsim_vendor:/opt/ros/jazzy/opt/gz_cmake_vendor:/home/aditya/ros2_ws/install/my_py_pkg:/opt/ros/jazzy DEBUGINFOD_URLS=https://debuginfod.ubuntu.com PS1=\[\e]0;\u@\h: \w\a\]${debian_chroot:+($debian_chroot)}\[\033[01;32m\]\u@\h\[\033[00m\]:\[\033[01;34m\]\w\[\033[00m\]\$ VIRTUAL_ENV_PROMPT=(venv-ardupilot) /usr/bin/cmake --build /home/aditya/Cpps/Dexter/build/dexter_moveit -- -j28 -l28
[0.204s] DEBUG:colcon.colcon_core.event_handler.log_command:Invoking command in '/home/aditya/Cpps/Dexter/build/dexter_controller': AMENT_PREFIX_PATH=/home/aditya/Cpps/Dexter/install/dexter_description:${AMENT_PREFIX_PATH} CMAKE_PREFIX_PATH=/home/aditya/Cpps/Dexter/install/dexter_description:/home/aditya/ros2_ws/install/my_robot_bringup:/home/aditya/ros2_ws/install/my_cpp_pkg:/home/aditya/ros2_ws/install/my_robot_interfaces:/opt/ros/jazzy/opt/gz_sim_vendor:/opt/ros/jazzy/opt/gz_sensors_vendor:/opt/ros/jazzy/opt/gz_physics_vendor:/opt/ros/jazzy/opt/sdformat_vendor:/opt/ros/jazzy/opt/gz_gui_vendor:/opt/ros/jazzy/opt/gz_transport_vendor:/opt/ros/jazzy/opt/gz_rendering_vendor:/opt/ros/jazzy/opt/gz_plugin_vendor:/opt/ros/jazzy/opt/gz_fuel_tools_vendor:/opt/ros/jazzy/opt/gz_msgs_vendor:/opt/ros/jazzy/opt/gz_common_vendor:/opt/ros/jazzy/opt/gz_math_vendor:/opt/ros/jazzy/opt/gz_utils_vendor:/opt/ros/jazzy/opt/gz_tools_vendor:/opt/ros/jazzy/opt/gz_ogre_next_vendor:/opt/ros/jazzy/opt/gz_dartsim_vendor:/opt/ros/jazzy/opt/gz_cmake_vendor:/home/aditya/ros2_ws/install/my_py_pkg:/opt/ros/jazzy DEBUGINFOD_URLS=https://debuginfod.ubuntu.com PS1=\[\e]0;\u@\h: \w\a\]${debian_chroot:+($debian_chroot)}\[\033[01;32m\]\u@\h\[\033[00m\]:\[\033[01;34m\]\w\[\033[00m\]\$ VIRTUAL_ENV_PROMPT=(venv-ardupilot) /usr/bin/cmake --build /home/aditya/Cpps/Dexter/build/dexter_controller -- -j28 -l28
[0.240s] DEBUG:colcon.colcon_core.event_handler.log_command:Invoked command in '/home/aditya/Cpps/Dexter/build/dexter_moveit' returned '0': AMENT_PREFIX_PATH=/home/aditya/Cpps/Dexter/install/dexter_description:${AMENT_PREFIX_PATH} CMAKE_PREFIX_PATH=/home/aditya/Cpps/Dexter/install/dexter_description:/home/aditya/ros2_ws/install/my_robot_bringup:/home/aditya/ros2_ws/install/my_cpp_pkg:/home/aditya/ros2_ws/install/my_robot_interfaces:/opt/ros/jazzy/opt/gz_sim_vendor:/opt/ros/jazzy/opt/gz_sensors_vendor:/opt/ros/jazzy/opt/gz_physics_vendor:/opt/ros/jazzy/opt/sdformat_vendor:/opt/ros/jazzy/opt/gz_gui_vendor:/opt/ros/jazzy/opt/gz_transport_vendor:/opt/ros/jazzy/opt/gz_rendering_vendor:/opt/ros/jazzy/opt/gz_plugin_vendor:/opt/ros/jazzy/opt/gz_fuel_tools_vendor:/opt/ros/jazzy/opt/gz_msgs_vendor:/opt/ros/jazzy/opt/gz_common_vendor:/opt/ros/jazzy/opt/gz_math_vendor:/opt/ros/jazzy/opt/gz_utils_vendor:/opt/ros/jazzy/opt/gz_tools_vendor:/opt/ros/jazzy/opt/gz_ogre_next_vendor:/opt/ros/jazzy/opt/gz_dartsim_vendor:/opt/ros/jazzy/opt/gz_cmake_vendor:/home/aditya/ros2_ws/install/my_py_pkg:/opt/ros/jazzy DEBUGINFOD_URLS=https://debuginfod.ubuntu.com PS1=\[\e]0;\u@\h: \w\a\]${debian_chroot:+($debian_chroot)}\[\033[01;32m\]\u@\h\[\033[00m\]:\[\033[01;34m\]\w\[\033[00m\]\$ VIRTUAL_ENV_PROMPT=(venv-ardupilot) /usr/bin/cmake --build /home/aditya/Cpps/Dexter/build/dexter_moveit -- -j28 -l28
[0.242s] DEBUG:colcon.colcon_core.event_handler.log_command:Invoking command in '/home/aditya/Cpps/Dexter/build/dexter_moveit': AMENT_PREFIX_PATH=/home/aditya/Cpps/Dexter/install/dexter_description:${AMENT_PREFIX_PATH} CMAKE_PREFIX_PATH=/home/aditya/Cpps/Dexter/install/dexter_description:/home/aditya/ros2_ws/install/my_robot_bringup:/home/aditya/ros2_ws/install/my_cpp_pkg:/home/aditya/ros2_ws/install/my_robot_interfaces:/opt/ros/jazzy/opt/gz_sim_vendor:/opt/ros/jazzy/opt/gz_sensors_vendor:/opt/ros/jazzy/opt/gz_physics_vendor:/opt/ros/jazzy/opt/sdformat_vendor:/opt/ros/jazzy/opt/gz_gui_vendor:/opt/ros/jazzy/opt/gz_transport_vendor:/opt/ros/jazzy/opt/gz_rendering_vendor:/opt/ros/jazzy/opt/gz_plugin_vendor:/opt/ros/jazzy/opt/gz_fuel_tools_vendor:/opt/ros/jazzy/opt/gz_msgs_vendor:/opt/ros/jazzy/opt/gz_common_vendor:/opt/ros/jazzy/opt/gz_math_vendor:/opt/ros/jazzy/opt/gz_utils_vendor:/opt/ros/jazzy/opt/gz_tools_vendor:/opt/ros/jazzy/opt/gz_ogre_next_vendor:/opt/ros/jazzy/opt/gz_dartsim_vendor:/opt/ros/jazzy/opt/gz_cmake_vendor:/home/aditya/ros2_ws/install/my_py_pkg:/opt/ros/jazzy DEBUGINFOD_URLS=https://debuginfod.ubuntu.com PS1=\[\e]0;\u@\h: \w\a\]${debian_chroot:+($debian_chroot)}\[\033[01;32m\]\u@\h\[\033[00m\]:\[\033[01;34m\]\w\[\033[00m\]\$ VIRTUAL_ENV_PROMPT=(venv-ardupilot) /usr/bin/cmake --install /home/aditya/Cpps/Dexter/build/dexter_moveit
[0.250s] Level 1:colcon.colcon_core.environment:create_environment_scripts_only(dexter_moveit)
[0.250s] Level 1:colcon.colcon_core.environment:checking '/home/aditya/Cpps/Dexter/install/dexter_moveit' for CMake module files
[0.250s] DEBUG:colcon.colcon_core.event_handler.log_command:Invoked command in '/home/aditya/Cpps/Dexter/build/dexter_moveit' returned '0': AMENT_PREFIX_PATH=/home/aditya/Cpps/Dexter/install/dexter_description:${AMENT_PREFIX_PATH} CMAKE_PREFIX_PATH=/home/aditya/Cpps/Dexter/install/dexter_description:/home/aditya/ros2_ws/install/my_robot_bringup:/home/aditya/ros2_ws/install/my_cpp_pkg:/home/aditya/ros2_ws/install/my_robot_interfaces:/opt/ros/jazzy/opt/gz_sim_vendor:/opt/ros/jazzy/opt/gz_sensors_vendor:/opt/ros/jazzy/opt/gz_physics_vendor:/opt/ros/jazzy/opt/sdformat_vendor:/opt/ros/jazzy/opt/gz_gui_vendor:/opt/ros/jazzy/opt/gz_transport_vendor:/opt/ros/jazzy/opt/gz_rendering_vendor:/opt/ros/jazzy/opt/gz_plugin_vendor:/opt/ros/jazzy/opt/gz_fuel_tools_vendor:/opt/ros/jazzy/opt/gz_msgs_vendor:/opt/ros/jazzy/opt/gz_common_vendor:/opt/ros/jazzy/opt/gz_math_vendor:/opt/ros/jazzy/opt/gz_utils_vendor:/opt/ros/jazzy/opt/gz_tools_vendor:/opt/ros/jazzy/opt/gz_ogre_next_vendor:/opt/ros/jazzy/opt/gz_dartsim_vendor:/opt/ros/jazzy/opt/gz_cmake_vendor:/home/aditya/ros2_ws/install/my_py_pkg:/opt/ros/jazzy DEBUGINFOD_URLS=https://debuginfod.ubuntu.com PS1=\[\e]0;\u@\h: \w\a\]${debian_chroot:+($debian_chroot)}\[\033[01;32m\]\u@\h\[\033[00m\]:\[\033[01;34m\]\w\[\033[00m\]\$ VIRTUAL_ENV_PROMPT=(venv-ardupilot) /usr/bin/cmake --install /home/aditya/Cpps/Dexter/build/dexter_moveit
[0.251s] Level 1:colcon.colcon_core.environment:checking '/home/aditya/Cpps/Dexter/install/dexter_moveit' for CMake config files
[0.251s] Level 1:colcon.colcon_core.shell:create_environment_hook('dexter_moveit', 'cmake_prefix_path')
[0.251s] INFO:colcon.colcon_core.shell:Creating environment descriptor '/home/aditya/Cpps/Dexter/install/dexter_moveit/share/dexter_moveit/hook/cmake_prefix_path.dsv'
[0.252s] INFO:colcon.colcon_core.shell:Creating environment hook '/home/aditya/Cpps/Dexter/install/dexter_moveit/share/dexter_moveit/hook/cmake_prefix_path.sh'
[0.252s] Level 1:colcon.colcon_core.environment:checking '/home/aditya/Cpps/Dexter/install/dexter_moveit/bin'
[0.253s] Level 1:colcon.colcon_core.environment:checking '/home/aditya/Cpps/Dexter/install/dexter_moveit/lib/pkgconfig/dexter_moveit.pc'
[0.253s] Level 1:colcon.colcon_core.environment:checking '/home/aditya/Cpps/Dexter/install/dexter_moveit/lib/python3.12/site-packages'
[0.253s] Level 1:colcon.colcon_core.environment:checking '/home/aditya/Cpps/Dexter/install/dexter_moveit/bin'
[0.253s] INFO:colcon.colcon_core.shell:Creating package descriptor '/home/aditya/Cpps/Dexter/install/dexter_moveit/share/dexter_moveit/package.dsv'
[0.254s] INFO:colcon.colcon_core.shell:Creating package script '/home/aditya/Cpps/Dexter/install/dexter_moveit/share/dexter_moveit/package.sh'
[0.254s] INFO:colcon.colcon_core.shell:Creating package script '/home/aditya/Cpps/Dexter/install/dexter_moveit/share/dexter_moveit/package.bash'
[0.254s] INFO:colcon.colcon_core.shell:Creating package script '/home/aditya/Cpps/Dexter/install/dexter_moveit/share/dexter_moveit/package.zsh'
[0.254s] Level 1:colcon.colcon_core.environment:create_file_with_runtime_dependencies(/home/aditya/Cpps/Dexter/install/dexter_moveit/share/colcon-core/packages/dexter_moveit)
[0.255s] Level 1:colcon.colcon_core.environment:create_environment_scripts_only(dexter_moveit)
[0.255s] Level 1:colcon.colcon_core.environment:checking '/home/aditya/Cpps/Dexter/install/dexter_moveit' for CMake module files
[0.255s] Level 1:colcon.colcon_core.environment:checking '/home/aditya/Cpps/Dexter/install/dexter_moveit' for CMake config files
[0.255s] Level 1:colcon.colcon_core.shell:create_environment_hook('dexter_moveit', 'cmake_prefix_path')
[0.255s] INFO:colcon.colcon_core.shell:Creating environment descriptor '/home/aditya/Cpps/Dexter/install/dexter_moveit/share/dexter_moveit/hook/cmake_prefix_path.dsv'
[0.255s] INFO:colcon.colcon_core.shell:Creating environment hook '/home/aditya/Cpps/Dexter/install/dexter_moveit/share/dexter_moveit/hook/cmake_prefix_path.sh'
[0.256s] Level 1:colcon.colcon_core.environment:checking '/home/aditya/Cpps/Dexter/install/dexter_moveit/bin'
[0.256s] Level 1:colcon.colcon_core.environment:checking '/home/aditya/Cpps/Dexter/install/dexter_moveit/lib/pkgconfig/dexter_moveit.pc'
[0.256s] Level 1:colcon.colcon_core.environment:checking '/home/aditya/Cpps/Dexter/install/dexter_moveit/lib/python3.12/site-packages'
[0.256s] Level 1:colcon.colcon_core.environment:checking '/home/aditya/Cpps/Dexter/install/dexter_moveit/bin'
[0.256s] INFO:colcon.colcon_core.shell:Creating package descriptor '/home/aditya/Cpps/Dexter/install/dexter_moveit/share/dexter_moveit/package.dsv'
[0.257s] INFO:colcon.colcon_core.shell:Creating package script '/home/aditya/Cpps/Dexter/install/dexter_moveit/share/dexter_moveit/package.sh'
[0.257s] INFO:colcon.colcon_core.shell:Creating package script '/home/aditya/Cpps/Dexter/install/dexter_moveit/share/dexter_moveit/package.bash'
[0.257s] INFO:colcon.colcon_core.shell:Creating package script '/home/aditya/Cpps/Dexter/install/dexter_moveit/share/dexter_moveit/package.zsh'
[0.257s] Level 1:colcon.colcon_core.environment:create_file_with_runtime_dependencies(/home/aditya/Cpps/Dexter/install/dexter_moveit/share/colcon-core/packages/dexter_moveit)
[0.442s] DEBUG:colcon.colcon_core.event_handler.log_command:Invoked command in '/home/aditya/Cpps/Dexter/build/dexter_msgs' returned '0': CMAKE_PREFIX_PATH=${CMAKE_PREFIX_PATH}:/home/aditya/ros2_ws/install/my_py_pkg:/opt/ros/jazzy DEBUGINFOD_URLS=https://debuginfod.ubuntu.com PS1=\[\e]0;\u@\h: \w\a\]${debian_chroot:+($debian_chroot)}\[\033[01;32m\]\u@\h\[\033[00m\]:\[\033[01;34m\]\w\[\033[00m\]\$ VIRTUAL_ENV_PROMPT=(venv-ardupilot) /usr/bin/cmake --build /home/aditya/Cpps/Dexter/build/dexter_msgs -- -j28 -l28
[0.443s] DEBUG:colcon.colcon_core.event_handler.log_command:Invoking command in '/home/aditya/Cpps/Dexter/build/dexter_msgs': CMAKE_PREFIX_PATH=${CMAKE_PREFIX_PATH}:/home/aditya/ros2_ws/install/my_py_pkg:/opt/ros/jazzy DEBUGINFOD_URLS=https://debuginfod.ubuntu.com PS1=\[\e]0;\u@\h: \w\a\]${debian_chroot:+($debian_chroot)}\[\033[01;32m\]\u@\h\[\033[00m\]:\[\033[01;34m\]\w\[\033[00m\]\$ VIRTUAL_ENV_PROMPT=(venv-ardupilot) /usr/bin/cmake --install /home/aditya/Cpps/Dexter/build/dexter_msgs
[0.491s] Level 1:colcon.colcon_core.environment:create_environment_scripts_only(dexter_msgs)
[0.491s] Level 1:colcon.colcon_core.environment:checking '/home/aditya/Cpps/Dexter/install/dexter_msgs' for CMake module files
[0.491s] DEBUG:colcon.colcon_core.event_handler.log_command:Invoked command in '/home/aditya/Cpps/Dexter/build/dexter_msgs' returned '0': CMAKE_PREFIX_PATH=${CMAKE_PREFIX_PATH}:/home/aditya/ros2_ws/install/my_py_pkg:/opt/ros/jazzy DEBUGINFOD_URLS=https://debuginfod.ubuntu.com PS1=\[\e]0;\u@\h: \w\a\]${debian_chroot:+($debian_chroot)}\[\033[01;32m\]\u@\h\[\033[00m\]:\[\033[01;34m\]\w\[\033[00m\]\$ VIRTUAL_ENV_PROMPT=(venv-ardupilot) /usr/bin/cmake --install /home/aditya/Cpps/Dexter/build/dexter_msgs
[0.492s] Level 1:colcon.colcon_core.environment:checking '/home/aditya/Cpps/Dexter/install/dexter_msgs' for CMake config files
[0.492s] Level 1:colcon.colcon_core.shell:create_environment_hook('dexter_msgs', 'cmake_prefix_path')
[0.492s] INFO:colcon.colcon_core.shell:Creating environment descriptor '/home/aditya/Cpps/Dexter/install/dexter_msgs/share/dexter_msgs/hook/cmake_prefix_path.dsv'
[0.492s] INFO:colcon.colcon_core.shell:Creating environment hook '/home/aditya/Cpps/Dexter/install/dexter_msgs/share/dexter_msgs/hook/cmake_prefix_path.sh'
[0.493s] Level 1:colcon.colcon_core.environment:checking '/home/aditya/Cpps/Dexter/install/dexter_msgs/lib'
[0.493s] Level 1:colcon.colcon_core.shell:create_environment_hook('dexter_msgs', 'ld_library_path_lib')
[0.493s] INFO:colcon.colcon_core.shell:Creating environment descriptor '/home/aditya/Cpps/Dexter/install/dexter_msgs/share/dexter_msgs/hook/ld_library_path_lib.dsv'
[0.493s] INFO:colcon.colcon_core.shell:Creating environment hook '/home/aditya/Cpps/Dexter/install/dexter_msgs/share/dexter_msgs/hook/ld_library_path_lib.sh'
[0.493s] Level 1:colcon.colcon_core.environment:checking '/home/aditya/Cpps/Dexter/install/dexter_msgs/bin'
[0.493s] Level 1:colcon.colcon_core.environment:checking '/home/aditya/Cpps/Dexter/install/dexter_msgs/lib/pkgconfig/dexter_msgs.pc'
[0.494s] Level 1:colcon.colcon_core.environment:checking '/home/aditya/Cpps/Dexter/install/dexter_msgs/lib/python3.12/site-packages'
[0.494s] Level 1:colcon.colcon_core.shell:create_environment_hook('dexter_msgs', 'pythonpath')
[0.494s] INFO:colcon.colcon_core.shell:Creating environment descriptor '/home/aditya/Cpps/Dexter/install/dexter_msgs/share/dexter_msgs/hook/pythonpath.dsv'
[0.494s] INFO:colcon.colcon_core.shell:Creating environment hook '/home/aditya/Cpps/Dexter/install/dexter_msgs/share/dexter_msgs/hook/pythonpath.sh'
[0.494s] Level 1:colcon.colcon_core.environment:checking '/home/aditya/Cpps/Dexter/install/dexter_msgs/bin'
[0.495s] INFO:colcon.colcon_core.shell:Creating package descriptor '/home/aditya/Cpps/Dexter/install/dexter_msgs/share/dexter_msgs/package.dsv'
[0.495s] INFO:colcon.colcon_core.shell:Creating package script '/home/aditya/Cpps/Dexter/install/dexter_msgs/share/dexter_msgs/package.sh'
[0.495s] INFO:colcon.colcon_core.shell:Creating package script '/home/aditya/Cpps/Dexter/install/dexter_msgs/share/dexter_msgs/package.bash'
[0.495s] INFO:colcon.colcon_core.shell:Creating package script '/home/aditya/Cpps/Dexter/install/dexter_msgs/share/dexter_msgs/package.zsh'
[0.495s] Level 1:colcon.colcon_core.environment:create_file_with_runtime_dependencies(/home/aditya/Cpps/Dexter/install/dexter_msgs/share/colcon-core/packages/dexter_msgs)
[0.496s] Level 1:colcon.colcon_core.environment:create_environment_scripts_only(dexter_msgs)
[0.496s] Level 1:colcon.colcon_core.environment:checking '/home/aditya/Cpps/Dexter/install/dexter_msgs' for CMake module files
[0.496s] Level 1:colcon.colcon_core.environment:checking '/home/aditya/Cpps/Dexter/install/dexter_msgs' for CMake config files
[0.496s] Level 1:colcon.colcon_core.shell:create_environment_hook('dexter_msgs', 'cmake_prefix_path')
[0.496s] INFO:colcon.colcon_core.shell:Creating environment descriptor '/home/aditya/Cpps/Dexter/install/dexter_msgs/share/dexter_msgs/hook/cmake_prefix_path.dsv'
[0.497s] INFO:colcon.colcon_core.shell:Creating environment hook '/home/aditya/Cpps/Dexter/install/dexter_msgs/share/dexter_msgs/hook/cmake_prefix_path.sh'
[0.497s] Level 1:colcon.colcon_core.environment:checking '/home/aditya/Cpps/Dexter/install/dexter_msgs/lib'
[0.497s] Level 1:colcon.colcon_core.shell:create_environment_hook('dexter_msgs', 'ld_library_path_lib')
[0.497s] INFO:colcon.colcon_core.shell:Creating environment descriptor '/home/aditya/Cpps/Dexter/install/dexter_msgs/share/dexter_msgs/hook/ld_library_path_lib.dsv'
[0.497s] INFO:colcon.colcon_core.shell:Creating environment hook '/home/aditya/Cpps/Dexter/install/dexter_msgs/share/dexter_msgs/hook/ld_library_path_lib.sh'
[0.498s] Level 1:colcon.colcon_core.environment:checking '/home/aditya/Cpps/Dexter/install/dexter_msgs/bin'
[0.498s] Level 1:colcon.colcon_core.environment:checking '/home/aditya/Cpps/Dexter/install/dexter_msgs/lib/pkgconfig/dexter_msgs.pc'
[0.498s] Level 1:colcon.colcon_core.environment:checking '/home/aditya/Cpps/Dexter/install/dexter_msgs/lib/python3.12/site-packages'
[0.498s] Level 1:colcon.colcon_core.shell:create_environment_hook('dexter_msgs', 'pythonpath')
[0.498s] INFO:colcon.colcon_core.shell:Creating environment descriptor '/home/aditya/Cpps/Dexter/install/dexter_msgs/share/dexter_msgs/hook/pythonpath.dsv'
[0.498s] INFO:colcon.colcon_core.shell:Creating environment hook '/home/aditya/Cpps/Dexter/install/dexter_msgs/share/dexter_msgs/hook/pythonpath.sh'
[0.498s] Level 1:colcon.colcon_core.environment:checking '/home/aditya/Cpps/Dexter/install/dexter_msgs/bin'
[0.499s] INFO:colcon.colcon_core.shell:Creating package descriptor '/home/aditya/Cpps/Dexter/install/dexter_msgs/share/dexter_msgs/package.dsv'
[0.499s] INFO:colcon.colcon_core.shell:Creating package script '/home/aditya/Cpps/Dexter/install/dexter_msgs/share/dexter_msgs/package.sh'
[0.499s] INFO:colcon.colcon_core.shell:Creating package script '/home/aditya/Cpps/Dexter/install/dexter_msgs/share/dexter_msgs/package.bash'
[0.499s] INFO:colcon.colcon_core.shell:Creating package script '/home/aditya/Cpps/Dexter/install/dexter_msgs/share/dexter_msgs/package.zsh'
[0.499s] Level 1:colcon.colcon_core.environment:create_file_with_runtime_dependencies(/home/aditya/Cpps/Dexter/install/dexter_msgs/share/colcon-core/packages/dexter_msgs)
[0.500s] INFO:colcon.colcon_ros.task.ament_python.build:Building ROS package in '/home/aditya/Cpps/Dexter/dexter_inventory' with build type 'ament_python'
[0.500s] Level 1:colcon.colcon_core.shell:create_environment_hook('dexter_inventory', 'ament_prefix_path')
[0.500s] INFO:colcon.colcon_core.shell:Creating environment descriptor '/home/aditya/Cpps/Dexter/install/dexter_inventory/share/dexter_inventory/hook/ament_prefix_path.dsv'
[0.500s] INFO:colcon.colcon_core.shell:Creating environment hook '/home/aditya/Cpps/Dexter/install/dexter_inventory/share/dexter_inventory/hook/ament_prefix_path.sh'
[0.501s] DEBUG:colcon.colcon_core.shell:Skip shell extension 'dsv' for command environment
[0.503s] INFO:colcon.colcon_ros.task.ament_cmake.build:Building ROS package in '/home/aditya/Cpps/Dexter/dexter_utils' with build type 'ament_cmake'
[0.503s] INFO:colcon.colcon_cmake.task.cmake.build:Building CMake package in '/home/aditya/Cpps/Dexter/dexter_utils'
[0.503s] DEBUG:colcon.colcon_core.shell:Skip shell extension 'dsv' for command environment
[0.649s] INFO:colcon.colcon_core.task.python.build:Building Python package in '/home/aditya/Cpps/Dexter/dexter_inventory'
[0.650s] DEBUG:colcon.colcon_core.shell:Skip shell extension 'dsv' for command environment
[0.656s] DEBUG:colcon.colcon_core.event_handler.log_command:Invoking command in '/home/aditya/Cpps/Dexter/build/dexter_utils': AMENT_PREFIX_PATH=/home/aditya/Cpps/Dexter/install/dexter_msgs:${AMENT_PREFIX_PATH} CMAKE_PREFIX_PATH=/home/aditya/Cpps/Dexter/install/dexter_msgs:/home/aditya/ros2_ws/install/my_robot_bringup:/home/aditya/ros2_ws/install/my_cpp_pkg:/home/aditya/ros2_ws/install/my_robot_interfaces:/opt/ros/jazzy/opt/gz_sim_vendor:/opt/ros/jazzy/opt/gz_sensors_vendor:/opt/ros/jazzy/opt/gz_physics_vendor:/opt/ros/jazzy/opt/sdformat_vendor:/opt/ros/jazzy/opt/gz_gui_vendor:/opt/ros/jazzy/opt/gz_transport_vendor:/opt/ros/jazzy/opt/gz_rendering_vendor:/opt/ros/jazzy/opt/gz_plugin_vendor:/opt/ros/jazzy/opt/gz_fuel_tools_vendor:/opt/ros/jazzy/opt/gz_msgs_vendor:/opt/ros/jazzy/opt/gz_common_vendor:/opt/ros/jazzy/opt/gz_math_vendor:/opt/ros/jazzy/opt/gz_utils_vendor:/opt/ros/jazzy/opt/gz_tools_vendor:/opt/ros/jazzy/opt/gz_ogre_next_vendor:/opt/ros/jazzy/opt/gz_dartsim_vendor:/opt/ros/jazzy/opt/gz_cmake_vendor:/home/aditya/ros2_ws/install/my_py_pkg:/opt/ros/jazzy DEBUGINFOD_URLS=https://debuginfod.ubuntu.com LD_LIBRARY_PATH=/home/aditya/Cpps/Dexter/install/dexter_msgs/lib:${LD_LIBRARY_PATH} PS1=\[\e]0;\u@\h: \w\a\]${debian_chroot:+($debian_chroot)}\[\033[01;32m\]\u@\h\[\033[00m\]:\[\033[01;34m\]\w\[\033[00m\]\$ PYTHONPATH=/home/aditya/Cpps/Dexter/install/dexter_msgs/lib/python3.12/site-packages:${PYTHONPATH} VIRTUAL_ENV_PROMPT=(venv-ardupilot) /usr/bin/cmake --build /home/aditya/Cpps/Dexter/build/dexter_utils -- -j28 -l28
[0.656s] DEBUG:colcon.colcon_core.event_handler.log_command:Invoked command in '/home/aditya/Cpps/Dexter/build/dexter_controller' returned '0': AMENT_PREFIX_PATH=/home/aditya/Cpps/Dexter/install/dexter_description:${AMENT_PREFIX_PATH} CMAKE_PREFIX_PATH=/home/aditya/Cpps/Dexter/install/dexter_description:/home/aditya/ros2_ws/install/my_robot_bringup:/home/aditya/ros2_ws/install/my_cpp_pkg:/home/aditya/ros2_ws/install/my_robot_interfaces:/opt/ros/jazzy/opt/gz_sim_vendor:/opt/ros/jazzy/opt/gz_sensors_vendor:/opt/ros/jazzy/opt/gz_physics_vendor:/opt/ros/jazzy/opt/sdformat_vendor:/opt/ros/jazzy/opt/gz_gui_vendor:/opt/ros/jazzy/opt/gz_transport_vendor:/opt/ros/jazzy/opt/gz_rendering_vendor:/opt/ros/jazzy/opt/gz_plugin_vendor:/opt/ros/jazzy/opt/gz_fuel_tools_vendor:/opt/ros/jazzy/opt/gz_msgs_vendor:/opt/ros/jazzy/opt/gz_common_vendor:/opt/ros/jazzy/opt/gz_math_vendor:/opt/ros/jazzy/opt/gz_utils_vendor:/opt/ros/jazzy/opt/gz_tools_vendor:/opt/ros/jazzy/opt/gz_ogre_next_vendor:/opt/ros/jazzy/opt/gz_dartsim_vendor:/opt/ros/jazzy/opt/gz_cmake_vendor:/home/aditya/ros2_ws/install/my_py_pkg:/opt/ros/jazzy DEBUGINFOD_URLS=https://debuginfod.ubuntu.com PS1=\[\e]0;\u@\h: \w\a\]${debian_chroot:+($debian_chroot)}\[\033[01;32m\]\u@\h\[\033[00m\]:\[\033[01;34m\]\w\[\033[00m\]\$ VIRTUAL_ENV_PROMPT=(venv-ardupilot) /usr/bin/cmake --build /home/aditya/Cpps/Dexter/build/dexter_controller -- -j28 -l28
[0.657s] DEBUG:colcon.colcon_core.event_handler.log_command:Invoking command in '/home/aditya/Cpps/Dexter/build/dexter_controller': AMENT_PREFIX_PATH=/home/aditya/Cpps/Dexter/install/dexter_description:${AMENT_PREFIX_PATH} CMAKE_PREFIX_PATH=/home/aditya/Cpps/Dexter/install/dexter_description:/home/aditya/ros2_ws/install/my_robot_bringup:/home/aditya/ros2_ws/install/my_cpp_pkg:/home/aditya/ros2_ws/install/my_robot_interfaces:/opt/ros/jazzy/opt/gz_sim_vendor:/opt/ros/jazzy/opt/gz_sensors_vendor:/opt/ros/jazzy/opt/gz_physics_vendor:/opt/ros/jazzy/opt/sdformat_vendor:/opt/ros/jazzy/opt/gz_gui_vendor:/opt/ros/jazzy/opt/gz_transport_vendor:/opt/ros/jazzy/opt/gz_rendering_vendor:/opt/ros/jazzy/opt/gz_plugin_vendor:/opt/ros/jazzy/opt/gz_fuel_tools_vendor:/opt/ros/jazzy/opt/gz_msgs_vendor:/opt/ros/jazzy/opt/gz_common_vendor:/opt/ros/jazzy/opt/gz_math_vendor:/opt/ros/jazzy/opt/gz_utils_vendor:/opt/ros/jazzy/opt/gz_tools_vendor:/opt/ros/jazzy/opt/gz_ogre_next_vendor:/opt/ros/jazzy/opt/gz_dartsim_vendor:/opt/ros/jazzy/opt/gz_cmake_vendor:/home/aditya/ros2_ws/install/my_py_pkg:/opt/ros/jazzy DEBUGINFOD_URLS=https://debuginfod.ubuntu.com PS1=\[\e]0;\u@\h: \w\a\]${debian_chroot:+($debian_chroot)}\[\033[01;32m\]\u@\h\[\033[00m\]:\[\033[01;34m\]\w\[\033[00m\]\$ VIRTUAL_ENV_PROMPT=(venv-ardupilot) /usr/bin/cmake --install /home/aditya/Cpps/Dexter/build/dexter_controller
[0.725s] Level 1:colcon.colcon_core.environment:create_environment_scripts_only(dexter_controller)
[0.726s] Level 1:colcon.colcon_core.environment:checking '/home/aditya/Cpps/Dexter/install/dexter_controller' for CMake module files
[0.726s] DEBUG:colcon.colcon_core.event_handler.log_command:Invoked command in '/home/aditya/Cpps/Dexter/build/dexter_controller' returned '0': AMENT_PREFIX_PATH=/home/aditya/Cpps/Dexter/install/dexter_description:${AMENT_PREFIX_PATH} CMAKE_PREFIX_PATH=/home/aditya/Cpps/Dexter/install/dexter_description:/home/aditya/ros2_ws/install/my_robot_bringup:/home/aditya/ros2_ws/install/my_cpp_pkg:/home/aditya/ros2_ws/install/my_robot_interfaces:/opt/ros/jazzy/opt/gz_sim_vendor:/opt/ros/jazzy/opt/gz_sensors_vendor:/opt/ros/jazzy/opt/gz_physics_vendor:/opt/ros/jazzy/opt/sdformat_vendor:/opt/ros/jazzy/opt/gz_gui_vendor:/opt/ros/jazzy/opt/gz_transport_vendor:/opt/ros/jazzy/opt/gz_rendering_vendor:/opt/ros/jazzy/opt/gz_plugin_vendor:/opt/ros/jazzy/opt/gz_fuel_tools_vendor:/opt/ros/jazzy/opt/gz_msgs_vendor:/opt/ros/jazzy/opt/gz_common_vendor:/opt/ros/jazzy/opt/gz_math_vendor:/opt/ros/jazzy/opt/gz_utils_vendor:/opt/ros/jazzy/opt/gz_tools_vendor:/opt/ros/jazzy/opt/gz_ogre_next_vendor:/opt/ros/jazzy/opt/gz_dartsim_vendor:/opt/ros/jazzy/opt/gz_cmake_vendor:/home/aditya/ros2_ws/install/my_py_pkg:/opt/ros/jazzy DEBUGINFOD_URLS=https://debuginfod.ubuntu.com PS1=\[\e]0;\u@\h: \w\a\]${debian_chroot:+($debian_chroot)}\[\033[01;32m\]\u@\h\[\033[00m\]:\[\033[01;34m\]\w\[\033[00m\]\$ VIRTUAL_ENV_PROMPT=(venv-ardupilot) /usr/bin/cmake --install /home/aditya/Cpps/Dexter/build/dexter_controller
[0.726s] Level 1:colcon.colcon_core.environment:checking '/home/aditya/Cpps/Dexter/install/dexter_controller' for CMake config files
[0.727s] Level 1:colcon.colcon_core.shell:create_environment_hook('dexter_controller', 'cmake_prefix_path')
[0.727s] INFO:colcon.colcon_core.shell:Creating environment descriptor '/home/aditya/Cpps/Dexter/install/dexter_controller/share/dexter_controller/hook/cmake_prefix_path.dsv'
[0.728s] INFO:colcon.colcon_core.shell:Creating environment hook '/home/aditya/Cpps/Dexter/install/dexter_controller/share/dexter_controller/hook/cmake_prefix_path.sh'
[0.728s] Level 1:colcon.colcon_core.environment:checking '/home/aditya/Cpps/Dexter/install/dexter_controller/lib'
[0.728s] Level 1:colcon.colcon_core.shell:create_environment_hook('dexter_controller', 'ld_library_path_lib')
[0.728s] INFO:colcon.colcon_core.shell:Creating environment descriptor '/home/aditya/Cpps/Dexter/install/dexter_controller/share/dexter_controller/hook/ld_library_path_lib.dsv'
[0.729s] INFO:colcon.colcon_core.shell:Creating environment hook '/home/aditya/Cpps/Dexter/install/dexter_controller/share/dexter_controller/hook/ld_library_path_lib.sh'
[0.729s] Level 1:colcon.colcon_core.environment:checking '/home/aditya/Cpps/Dexter/install/dexter_controller/bin'
[0.729s] Level 1:colcon.colcon_core.environment:checking '/home/aditya/Cpps/Dexter/install/dexter_controller/lib/pkgconfig/dexter_controller.pc'
[0.730s] Level 1:colcon.colcon_core.environment:checking '/home/aditya/Cpps/Dexter/install/dexter_controller/lib/python3.12/site-packages'
[0.730s] Level 1:colcon.colcon_core.shell:create_environment_hook('dexter_controller', 'pythonpath')
[0.730s] INFO:colcon.colcon_core.shell:Creating environment descriptor '/home/aditya/Cpps/Dexter/install/dexter_controller/share/dexter_controller/hook/pythonpath.dsv'
[0.730s] INFO:colcon.colcon_core.shell:Creating environment hook '/home/aditya/Cpps/Dexter/install/dexter_controller/share/dexter_controller/hook/pythonpath.sh'
[0.731s] Level 1:colcon.colcon_core.environment:checking '/home/aditya/Cpps/Dexter/install/dexter_controller/bin'
[0.731s] INFO:colcon.colcon_core.shell:Creating package descriptor '/home/aditya/Cpps/Dexter/install/dexter_controller/share/dexter_controller/package.dsv'
[0.732s] INFO:colcon.colcon_core.shell:Creating package script '/home/aditya/Cpps/Dexter/install/dexter_controller/share/dexter_controller/package.sh'
[0.732s] INFO:colcon.colcon_core.shell:Creating package script '/home/aditya/Cpps/Dexter/install/dexter_controller/share/dexter_controller/package.bash'
[0.732s] INFO:colcon.colcon_core.shell:Creating package script '/home/aditya/Cpps/Dexter/install/dexter_controller/share/dexter_controller/package.zsh'
[0.732s] Level 1:colcon.colcon_core.environment:create_file_with_runtime_dependencies(/home/aditya/Cpps/Dexter/install/dexter_controller/share/colcon-core/packages/dexter_controller)
[0.733s] Level 1:colcon.colcon_core.environment:create_environment_scripts_only(dexter_controller)
[0.733s] Level 1:colcon.colcon_core.environment:checking '/home/aditya/Cpps/Dexter/install/dexter_controller' for CMake module files
[0.734s] Level 1:colcon.colcon_core.environment:checking '/home/aditya/Cpps/Dexter/install/dexter_controller' for CMake config files
[0.734s] Level 1:colcon.colcon_core.shell:create_environment_hook('dexter_controller', 'cmake_prefix_path')
[0.734s] INFO:colcon.colcon_core.shell:Creating environment descriptor '/home/aditya/Cpps/Dexter/install/dexter_controller/share/dexter_controller/hook/cmake_prefix_path.dsv'
[0.734s] INFO:colcon.colcon_core.shell:Creating environment hook '/home/aditya/Cpps/Dexter/install/dexter_controller/share/dexter_controller/hook/cmake_prefix_path.sh'
[0.735s] Level 1:colcon.colcon_core.environment:checking '/home/aditya/Cpps/Dexter/install/dexter_controller/lib'
[0.735s] Level 1:colcon.colcon_core.shell:create_environment_hook('dexter_controller', 'ld_library_path_lib')
[0.735s] INFO:colcon.colcon_core.shell:Creating environment descriptor '/home/aditya/Cpps/Dexter/install/dexter_controller/share/dexter_controller/hook/ld_library_path_lib.dsv'
[0.736s] INFO:colcon.colcon_core.shell:Creating environment hook '/home/aditya/Cpps/Dexter/install/dexter_controller/share/dexter_controller/hook/ld_library_path_lib.sh'
[0.736s] Level 1:colcon.colcon_core.environment:checking '/home/aditya/Cpps/Dexter/install/dexter_controller/bin'
[0.736s] Level 1:colcon.colcon_core.environment:checking '/home/aditya/Cpps/Dexter/install/dexter_controller/lib/pkgconfig/dexter_controller.pc'
[0.736s] Level 1:colcon.colcon_core.environment:checking '/home/aditya/Cpps/Dexter/install/dexter_controller/lib/python3.12/site-packages'
[0.737s] Level 1:colcon.colcon_core.shell:create_environment_hook('dexter_controller', 'pythonpath')
[0.737s] INFO:colcon.colcon_core.shell:Creating environment descriptor '/home/aditya/Cpps/Dexter/install/dexter_controller/share/dexter_controller/hook/pythonpath.dsv'
[0.737s] INFO:colcon.colcon_core.shell:Creating environment hook '/home/aditya/Cpps/Dexter/install/dexter_controller/share/dexter_controller/hook/pythonpath.sh'
[0.738s] Level 1:colcon.colcon_core.environment:checking '/home/aditya/Cpps/Dexter/install/dexter_controller/bin'
[0.738s] INFO:colcon.colcon_core.shell:Creating package descriptor '/home/aditya/Cpps/Dexter/install/dexter_controller/share/dexter_controller/package.dsv'
[0.739s] INFO:colcon.colcon_core.shell:Creating package script '/home/aditya/Cpps/Dexter/install/dexter_controller/share/dexter_controller/package.sh'
[0.739s] INFO:colcon.colcon_core.shell:Creating package script '/home/aditya/Cpps/Dexter/install/dexter_controller/share/dexter_controller/package.bash'
[0.739s] INFO:colcon.colcon_core.shell:Creating package script '/home/aditya/Cpps/Dexter/install/dexter_controller/share/dexter_controller/package.zsh'
[0.740s] Level 1:colcon.colcon_core.environment:create_file_with_runtime_dependencies(/home/aditya/Cpps/Dexter/install/dexter_controller/share/colcon-core/packages/dexter_controller)
[1.030s] DEBUG:colcon.colcon_core.event_handler.log_command:Invoked command in '/home/aditya/Cpps/Dexter/build/dexter_utils' returned '0': AMENT_PREFIX_PATH=/home/aditya/Cpps/Dexter/install/dexter_msgs:${AMENT_PREFIX_PATH} CMAKE_PREFIX_PATH=/home/aditya/Cpps/Dexter/install/dexter_msgs:/home/aditya/ros2_ws/install/my_robot_bringup:/home/aditya/ros2_ws/install/my_cpp_pkg:/home/aditya/ros2_ws/install/my_robot_interfaces:/opt/ros/jazzy/opt/gz_sim_vendor:/opt/ros/jazzy/opt/gz_sensors_vendor:/opt/ros/jazzy/opt/gz_physics_vendor:/opt/ros/jazzy/opt/sdformat_vendor:/opt/ros/jazzy/opt/gz_gui_vendor:/opt/ros/jazzy/opt/gz_transport_vendor:/opt/ros/jazzy/opt/gz_rendering_vendor:/opt/ros/jazzy/opt/gz_plugin_vendor:/opt/ros/jazzy/opt/gz_fuel_tools_vendor:/opt/ros/jazzy/opt/gz_msgs_vendor:/opt/ros/jazzy/opt/gz_common_vendor:/opt/ros/jazzy/opt/gz_math_vendor:/opt/ros/jazzy/opt/gz_utils_vendor:/opt/ros/jazzy/opt/gz_tools_vendor:/opt/ros/jazzy/opt/gz_ogre_next_vendor:/opt/ros/jazzy/opt/gz_dartsim_vendor:/opt/ros/jazzy/opt/gz_cmake_vendor:/home/aditya/ros2_ws/install/my_py_pkg:/opt/ros/jazzy DEBUGINFOD_URLS=https://debuginfod.ubuntu.com LD_LIBRARY_PATH=/home/aditya/Cpps/Dexter/install/dexter_msgs/lib:${LD_LIBRARY_PATH} PS1=\[\e]0;\u@\h: \w\a\]${debian_chroot:+($debian_chroot)}\[\033[01;32m\]\u@\h\[\033[00m\]:\[\033[01;34m\]\w\[\033[00m\]\$ PYTHONPATH=/home/aditya/Cpps/Dexter/install/dexter_msgs/lib/python3.12/site-packages:${PYTHONPATH} VIRTUAL_ENV_PROMPT=(venv-ardupilot) /usr/bin/cmake --build /home/aditya/Cpps/Dexter/build/dexter_utils -- -j28 -l28
[1.031s] DEBUG:colcon.colcon_core.event_handler.log_command:Invoking command in '/home/aditya/Cpps/Dexter/build/dexter_utils': AMENT_PREFIX_PATH=/home/aditya/Cpps/Dexter/install/dexter_msgs:${AMENT_PREFIX_PATH} CMAKE_PREFIX_PATH=/home/aditya/Cpps/Dexter/install/dexter_msgs:/home/aditya/ros2_ws/install/my_robot_bringup:/home/aditya/ros2_ws/install/my_cpp_pkg:/home/aditya/ros2_ws/install/my_robot_interfaces:/opt/ros/jazzy/opt/gz_sim_vendor:/opt/ros/jazzy/opt/gz_sensors_vendor:/opt/ros/jazzy/opt/gz_physics_vendor:/opt/ros/jazzy/opt/sdformat_vendor:/opt/ros/jazzy/opt/gz_gui_vendor:/opt/ros/jazzy/opt/gz_transport_vendor:/opt/ros/jazzy/opt/gz_rendering_vendor:/opt/ros/jazzy/opt/gz_plugin_vendor:/opt/ros/jazzy/opt/gz_fuel_tools_vendor:/opt/ros/jazzy/opt/gz_msgs_vendor:/opt/ros/jazzy/opt/gz_common_vendor:/opt/ros/jazzy/opt/gz_math_vendor:/opt/ros/jazzy/opt/gz_utils_vendor:/opt/ros/jazzy/opt/gz_tools_vendor:/opt/ros/jazzy/opt/gz_ogre_next_vendor:/opt/ros/jazzy/opt/gz_dartsim_vendor:/opt/ros/jazzy/opt/gz_cmake_vendor:/home/aditya/ros2_ws/install/my_py_pkg:/opt/ros/jazzy DEBUGINFOD_URLS=https://debuginfod.ubuntu.com LD_LIBRARY_PATH=/home/aditya/Cpps/Dexter/install/dexter_msgs/lib:${LD_LIBRARY_PATH} PS1=\[\e]0;\u@\h: \w\a\]${debian_chroot:+($debian_chroot)}\[\033[01;32m\]\u@\h\[\033[00m\]:\[\033[01;34m\]\w\[\033[00m\]\$ PYTHONPATH=/home/aditya/Cpps/Dexter/install/dexter_msgs/lib/python3.12/site-packages:${PYTHONPATH} VIRTUAL_ENV_PROMPT=(venv-ardupilot) /usr/bin/cmake --install /home/aditya/Cpps/Dexter/build/dexter_utils
[1.073s] Level 1:colcon.colcon_core.environment:create_environment_scripts_only(dexter_utils)
[1.073s] Level 1:colcon.colcon_core.environment:checking '/home/aditya/Cpps/Dexter/install/dexter_utils' for CMake module files
[1.073s] DEBUG:colcon.colcon_core.event_handler.log_command:Invoked command in '/home/aditya/Cpps/Dexter/build/dexter_utils' returned '0': AMENT_PREFIX_PATH=/home/aditya/Cpps/Dexter/install/dexter_msgs:${AMENT_PREFIX_PATH} CMAKE_PREFIX_PATH=/home/aditya/Cpps/Dexter/install/dexter_msgs:/home/aditya/ros2_ws/install/my_robot_bringup:/home/aditya/ros2_ws/install/my_cpp_pkg:/home/aditya/ros2_ws/install/my_robot_interfaces:/opt/ros/jazzy/opt/gz_sim_vendor:/opt/ros/jazzy/opt/gz_sensors_vendor:/opt/ros/jazzy/opt/gz_physics_vendor:/opt/ros/jazzy/opt/sdformat_vendor:/opt/ros/jazzy/opt/gz_gui_vendor:/opt/ros/jazzy/opt/gz_transport_vendor:/opt/ros/jazzy/opt/gz_rendering_vendor:/opt/ros/jazzy/opt/gz_plugin_vendor:/opt/ros/jazzy/opt/gz_fuel_tools_vendor:/opt/ros/jazzy/opt/gz_msgs_vendor:/opt/ros/jazzy/opt/gz_common_vendor:/opt/ros/jazzy/opt/gz_math_vendor:/opt/ros/jazzy/opt/gz_utils_vendor:/opt/ros/jazzy/opt/gz_tools_vendor:/opt/ros/jazzy/opt/gz_ogre_next_vendor:/opt/ros/jazzy/opt/gz_dartsim_vendor:/opt/ros/jazzy/opt/gz_cmake_vendor:/home/aditya/ros2_ws/install/my_py_pkg:/opt/ros/jazzy DEBUGINFOD_URLS=https://debuginfod.ubuntu.com LD_LIBRARY_PATH=/home/aditya/Cpps/Dexter/install/dexter_msgs/lib:${LD_LIBRARY_PATH} PS1=\[\e]0;\u@\h: \w\a\]${debian_chroot:+($debian_chroot)}\[\033[01;32m\]\u@\h\[\033[00m\]:\[\033[01;34m\]\w\[\033[00m\]\$ PYTHONPATH=/home/aditya/Cpps/Dexter/install/dexter_msgs/lib/python3.12/site-packages:${PYTHONPATH} VIRTUAL_ENV_PROMPT=(venv-ardupilot) /usr/bin/cmake --install /home/aditya/Cpps/Dexter/build/dexter_utils
[1.073s] Level 1:colcon.colcon_core.environment:checking '/home/aditya/Cpps/Dexter/install/dexter_utils' for CMake config files
[1.074s] Level 1:colcon.colcon_core.shell:create_environment_hook('dexter_utils', 'cmake_prefix_path')
[1.074s] INFO:colcon.colcon_core.shell:Creating environment descriptor '/home/aditya/Cpps/Dexter/install/dexter_utils/share/dexter_utils/hook/cmake_prefix_path.dsv'
[1.074s] INFO:colcon.colcon_core.shell:Creating environment hook '/home/aditya/Cpps/Dexter/install/dexter_utils/share/dexter_utils/hook/cmake_prefix_path.sh'
[1.074s] Level 1:colcon.colcon_core.environment:checking '/home/aditya/Cpps/Dexter/install/dexter_utils/lib'
[1.074s] Level 1:colcon.colcon_core.environment:checking '/home/aditya/Cpps/Dexter/install/dexter_utils/bin'
[1.074s] Level 1:colcon.colcon_core.environment:checking '/home/aditya/Cpps/Dexter/install/dexter_utils/lib/pkgconfig/dexter_utils.pc'
[1.075s] Level 1:colcon.colcon_core.environment:checking '/home/aditya/Cpps/Dexter/install/dexter_utils/lib/python3.12/site-packages'
[1.075s] Level 1:colcon.colcon_core.shell:create_environment_hook('dexter_utils', 'pythonpath')
[1.075s] INFO:colcon.colcon_core.shell:Creating environment descriptor '/home/aditya/Cpps/Dexter/install/dexter_utils/share/dexter_utils/hook/pythonpath.dsv'
[1.075s] INFO:colcon.colcon_core.shell:Creating environment hook '/home/aditya/Cpps/Dexter/install/dexter_utils/share/dexter_utils/hook/pythonpath.sh'
[1.075s] Level 1:colcon.colcon_core.environment:checking '/home/aditya/Cpps/Dexter/install/dexter_utils/bin'
[1.075s] INFO:colcon.colcon_core.shell:Creating package descriptor '/home/aditya/Cpps/Dexter/install/dexter_utils/share/dexter_utils/package.dsv'
[1.076s] INFO:colcon.colcon_core.shell:Creating package script '/home/aditya/Cpps/Dexter/install/dexter_utils/share/dexter_utils/package.sh'
[1.076s] INFO:colcon.colcon_core.shell:Creating package script '/home/aditya/Cpps/Dexter/install/dexter_utils/share/dexter_utils/package.bash'
[1.076s] INFO:colcon.colcon_core.shell:Creating package script '/home/aditya/Cpps/Dexter/install/dexter_utils/share/dexter_utils/package.zsh'
[1.076s] Level 1:colcon.colcon_core.environment:create_file_with_runtime_dependencies(/home/aditya/Cpps/Dexter/install/dexter_utils/share/colcon-core/packages/dexter_utils)
[1.077s] Level 1:colcon.colcon_core.environment:create_environment_scripts_only(dexter_utils)
[1.077s] Level 1:colcon.colcon_core.environment:checking '/home/aditya/Cpps/Dexter/install/dexter_utils' for CMake module files
[1.077s] Level 1:colcon.colcon_core.environment:checking '/home/aditya/Cpps/Dexter/install/dexter_utils' for CMake config files
[1.077s] Level 1:colcon.colcon_core.shell:create_environment_hook('dexter_utils', 'cmake_prefix_path')
[1.077s] INFO:colcon.colcon_core.shell:Creating environment descriptor '/home/aditya/Cpps/Dexter/install/dexter_utils/share/dexter_utils/hook/cmake_prefix_path.dsv'
[1.077s] INFO:colcon.colcon_core.shell:Creating environment hook '/home/aditya/Cpps/Dexter/install/dexter_utils/share/dexter_utils/hook/cmake_prefix_path.sh'
[1.078s] Level 1:colcon.colcon_core.environment:checking '/home/aditya/Cpps/Dexter/install/dexter_utils/lib'
[1.078s] Level 1:colcon.colcon_core.environment:checking '/home/aditya/Cpps/Dexter/install/dexter_utils/bin'
[1.078s] Level 1:colcon.colcon_core.environment:checking '/home/aditya/Cpps/Dexter/install/dexter_utils/lib/pkgconfig/dexter_utils.pc'
[1.078s] Level 1:colcon.colcon_core.environment:checking '/home/aditya/Cpps/Dexter/install/dexter_utils/lib/python3.12/site-packages'
[1.078s] Level 1:colcon.colcon_core.shell:create_environment_hook('dexter_utils', 'pythonpath')
[1.078s] INFO:colcon.colcon_core.shell:Creating environment descriptor '/home/aditya/Cpps/Dexter/install/dexter_utils/share/dexter_utils/hook/pythonpath.dsv'
[1.078s] INFO:colcon.colcon_core.shell:Creating environment hook '/home/aditya/Cpps/Dexter/install/dexter_utils/share/dexter_utils/hook/pythonpath.sh'
[1.079s] Level 1:colcon.colcon_core.environment:checking '/home/aditya/Cpps/Dexter/install/dexter_utils/bin'
[1.079s] INFO:colcon.colcon_core.shell:Creating package descriptor '/home/aditya/Cpps/Dexter/install/dexter_utils/share/dexter_utils/package.dsv'
[1.079s] INFO:colcon.colcon_core.shell:Creating package script '/home/aditya/Cpps/Dexter/install/dexter_utils/share/dexter_utils/package.sh'
[1.079s] INFO:colcon.colcon_core.shell:Creating package script '/home/aditya/Cpps/Dexter/install/dexter_utils/share/dexter_utils/package.bash'
[1.079s] INFO:colcon.colcon_core.shell:Creating package script '/home/aditya/Cpps/Dexter/install/dexter_utils/share/dexter_utils/package.zsh'
[1.080s] Level 1:colcon.colcon_core.environment:create_file_with_runtime_dependencies(/home/aditya/Cpps/Dexter/install/dexter_utils/share/colcon-core/packages/dexter_utils)
[1.106s] DEBUG:colcon.colcon_core.event_handler.log_command:Invoking command in '/home/aditya/Cpps/Dexter/dexter_inventory': AMENT_PREFIX_PATH=/home/aditya/Cpps/Dexter/install/dexter_moveit:/home/aditya/Cpps/Dexter/install/dexter_msgs:/home/aditya/Cpps/Dexter/install/dexter_description:${AMENT_PREFIX_PATH} CMAKE_PREFIX_PATH=/home/aditya/Cpps/Dexter/install/dexter_moveit:/home/aditya/Cpps/Dexter/install/dexter_msgs:/home/aditya/Cpps/Dexter/install/dexter_description:${CMAKE_PREFIX_PATH} DEBUGINFOD_URLS=https://debuginfod.ubuntu.com LD_LIBRARY_PATH=/home/aditya/Cpps/Dexter/install/dexter_msgs/lib:${LD_LIBRARY_PATH} PS1=\[\e]0;\u@\h: \w\a\]${debian_chroot:+($debian_chroot)}\[\033[01;32m\]\u@\h\[\033[00m\]:\[\033[01;34m\]\w\[\033[00m\]\$ PYTHONPATH=/home/aditya/Cpps/Dexter/build/dexter_inventory/prefix_override:/usr/lib/python3/dist-packages/colcon_core/task/python/colcon_distutils_commands:/home/aditya/Cpps/Dexter/install/dexter_inventory/lib/python3.12/site-packages:/home/aditya/Cpps/Dexter/install/dexter_msgs/lib/python3.12/site-packages:${PYTHONPATH} VIRTUAL_ENV_PROMPT=(venv-ardupilot) /usr/bin/python3 -W ignore:setup.py install is deprecated -W ignore:easy_install command is deprecated setup.py egg_info --egg-base ../build/dexter_inventory build --build-base /home/aditya/Cpps/Dexter/build/dexter_inventory/build install --record /home/aditya/Cpps/Dexter/build/dexter_inventory/install.log --single-version-externally-managed install_data
[1.499s] Level 1:colcon.colcon_core.environment:checking '/home/aditya/Cpps/Dexter/install/dexter_inventory' for CMake module files
[1.499s] DEBUG:colcon.colcon_core.event_handler.log_command:Invoked command in '/home/aditya/Cpps/Dexter/dexter_inventory' returned '0': AMENT_PREFIX_PATH=/home/aditya/Cpps/Dexter/install/dexter_moveit:/home/aditya/Cpps/Dexter/install/dexter_msgs:/home/aditya/Cpps/Dexter/install/dexter_description:${AMENT_PREFIX_PATH} CMAKE_PREFIX_PATH=/home/aditya/Cpps/Dexter/install/dexter_moveit:/home/aditya/Cpps/Dexter/install/dexter_msgs:/home/aditya/Cpps/Dexter/install/dexter_description:${CMAKE_PREFIX_PATH} DEBUGINFOD_URLS=https://debuginfod.ubuntu.com LD_LIBRARY_PATH=/home/aditya/Cpps/Dexter/install/dexter_msgs/lib:${LD_LIBRARY_PATH} PS1=\[\e]0;\u@\h: \w\a\]${debian_chroot:+($debian_chroot)}\[\033[01;32m\]\u@\h\[\033[00m\]:\[\033[01;34m\]\w\[\033[00m\]\$ PYTHONPATH=/home/aditya/Cpps/Dexter/build/dexter_inventory/prefix_override:/usr/lib/python3/dist-packages/colcon_core/task/python/colcon_distutils_commands:/home/aditya/Cpps/Dexter/install/dexter_inventory/lib/python3.12/site-packages:/home/aditya/Cpps/Dexter/install/dexter_msgs/lib/python3.12/site-packages:${PYTHONPATH} VIRTUAL_ENV_PROMPT=(venv-ardupilot) /usr/bin/python3 -W ignore:setup.py install is deprecated -W ignore:easy_install command is deprecated setup.py egg_info --egg-base ../build/dexter_inventory build --build-base /home/aditya/Cpps/Dexter/build/dexter_inventory/build install --record /home/aditya/Cpps/Dexter/build/dexter_inventory/install.log --single-version-externally-managed install_data
[1.500s] Level 1:colcon.colcon_core.environment:checking '/home/aditya/Cpps/Dexter/install/dexter_inventory' for CMake config files
[1.500s] Level 1:colcon.colcon_core.environment:checking '/home/aditya/Cpps/Dexter/install/dexter_inventory/lib'
[1.500s] Level 1:colcon.colcon_core.environment:checking '/home/aditya/Cpps/Dexter/install/dexter_inventory/bin'
[1.500s] Level 1:colcon.colcon_core.environment:checking '/home/aditya/Cpps/Dexter/install/dexter_inventory/lib/pkgconfig/dexter_inventory.pc'
[1.500s] Level 1:colcon.colcon_core.environment:checking '/home/aditya/Cpps/Dexter/install/dexter_inventory/lib/python3.12/site-packages'
[1.500s] Level 1:colcon.colcon_core.shell:create_environment_hook('dexter_inventory', 'pythonpath')
[1.501s] INFO:colcon.colcon_core.shell:Creating environment descriptor '/home/aditya/Cpps/Dexter/install/dexter_inventory/share/dexter_inventory/hook/pythonpath.dsv'
[1.501s] INFO:colcon.colcon_core.shell:Creating environment hook '/home/aditya/Cpps/Dexter/install/dexter_inventory/share/dexter_inventory/hook/pythonpath.sh'
[1.502s] Level 1:colcon.colcon_core.environment:checking '/home/aditya/Cpps/Dexter/install/dexter_inventory/bin'
[1.502s] Level 1:colcon.colcon_core.environment:create_environment_scripts_only(dexter_inventory)
[1.502s] INFO:colcon.colcon_core.shell:Creating package descriptor '/home/aditya/Cpps/Dexter/install/dexter_inventory/share/dexter_inventory/package.dsv'
[1.502s] INFO:colcon.colcon_core.shell:Creating package script '/home/aditya/Cpps/Dexter/install/dexter_inventory/share/dexter_inventory/package.sh'
[1.503s] INFO:colcon.colcon_core.shell:Creating package script '/home/aditya/Cpps/Dexter/install/dexter_inventory/share/dexter_inventory/package.bash'
[1.503s] INFO:colcon.colcon_core.shell:Creating package script '/home/aditya/Cpps/Dexter/install/dexter_inventory/share/dexter_inventory/package.zsh'
[1.503s] Level 1:colcon.colcon_core.environment:create_file_with_runtime_dependencies(/home/aditya/Cpps/Dexter/install/dexter_inventory/share/colcon-core/packages/dexter_inventory)
[1.503s] INFO:colcon.colcon_ros.task.ament_cmake.build:Building ROS package in '/home/aditya/Cpps/Dexter/dexter_remote' with build type 'ament_cmake'
[1.503s] INFO:colcon.colcon_cmake.task.cmake.build:Building CMake package in '/home/aditya/Cpps/Dexter/dexter_remote'
[1.503s] DEBUG:colcon.colcon_core.shell:Skip shell extension 'dsv' for command environment
[1.518s] DEBUG:colcon.colcon_core.event_handler.log_command:Invoking command in '/home/aditya/Cpps/Dexter/build/dexter_remote': AMENT_PREFIX_PATH=/home/aditya/Cpps/Dexter/install/dexter_inventory:/home/aditya/Cpps/Dexter/install/dexter_moveit:/home/aditya/Cpps/Dexter/install/dexter_msgs:/home/aditya/Cpps/Dexter/install/dexter_description:${AMENT_PREFIX_PATH} CMAKE_PREFIX_PATH=/home/aditya/Cpps/Dexter/install/dexter_moveit:/home/aditya/Cpps/Dexter/install/dexter_msgs:/home/aditya/Cpps/Dexter/install/dexter_description:/home/aditya/ros2_ws/install/my_robot_bringup:/home/aditya/ros2_ws/install/my_cpp_pkg:/home/aditya/ros2_ws/install/my_robot_interfaces:/opt/ros/jazzy/opt/gz_sim_vendor:/opt/ros/jazzy/opt/gz_sensors_vendor:/opt/ros/jazzy/opt/gz_physics_vendor:/opt/ros/jazzy/opt/sdformat_vendor:/opt/ros/jazzy/opt/gz_gui_vendor:/opt/ros/jazzy/opt/gz_transport_vendor:/opt/ros/jazzy/opt/gz_rendering_vendor:/opt/ros/jazzy/opt/gz_plugin_vendor:/opt/ros/jazzy/opt/gz_fuel_tools_vendor:/opt/ros/jazzy/opt/gz_msgs_vendor:/opt/ros/jazzy/opt/gz_common_vendor:/opt/ros/jazzy/opt/gz_math_vendor:/opt/ros/jazzy/opt/gz_utils_vendor:/opt/ros/jazzy/opt/gz_tools_vendor:/opt/ros/jazzy/opt/gz_ogre_next_vendor:/opt/ros/jazzy/opt/gz_dartsim_vendor:/opt/ros/jazzy/opt/gz_cmake_vendor:/home/aditya/ros2_ws/install/my_py_pkg:/opt/ros/jazzy DEBUGINFOD_URLS=https://debuginfod.ubuntu.com LD_LIBRARY_PATH=/home/aditya/Cpps/Dexter/install/dexter_msgs/lib:${LD_LIBRARY_PATH} PS1=\[\e]0;\u@\h: \w\a\]${debian_chroot:+($debian_chroot)}\[\033[01;32m\]\u@\h\[\033[00m\]:\[\033[01;34m\]\w\[\033[00m\]\$ PYTHONPATH=/home/aditya/Cpps/Dexter/install/dexter_inventory/lib/python3.12/site-packages:/home/aditya/Cpps/Dexter/install/dexter_msgs/lib/python3.12/site-packages:${PYTHONPATH} VIRTUAL_ENV_PROMPT=(venv-ardupilot) /usr/bin/cmake --build /home/aditya/Cpps/Dexter/build/dexter_remote -- -j28 -l28
[1.882s] DEBUG:colcon.colcon_core.event_handler.log_command:Invoked command in '/home/aditya/Cpps/Dexter/build/dexter_remote' returned '0': AMENT_PREFIX_PATH=/home/aditya/Cpps/Dexter/install/dexter_inventory:/home/aditya/Cpps/Dexter/install/dexter_moveit:/home/aditya/Cpps/Dexter/install/dexter_msgs:/home/aditya/Cpps/Dexter/install/dexter_description:${AMENT_PREFIX_PATH} CMAKE_PREFIX_PATH=/home/aditya/Cpps/Dexter/install/dexter_moveit:/home/aditya/Cpps/Dexter/install/dexter_msgs:/home/aditya/Cpps/Dexter/install/dexter_description:/home/aditya/ros2_ws/install/my_robot_bringup:/home/aditya/ros2_ws/install/my_cpp_pkg:/home/aditya/ros2_ws/install/my_robot_interfaces:/opt/ros/jazzy/opt/gz_sim_vendor:/opt/ros/jazzy/opt/gz_sensors_vendor:/opt/ros/jazzy/opt/gz_physics_vendor:/opt/ros/jazzy/opt/sdformat_vendor:/opt/ros/jazzy/opt/gz_gui_vendor:/opt/ros/jazzy/opt/gz_transport_vendor:/opt/ros/jazzy/opt/gz_rendering_vendor:/opt/ros/jazzy/opt/gz_plugin_vendor:/opt/ros/jazzy/opt/gz_fuel_tools_vendor:/opt/ros/jazzy/opt/gz_msgs_vendor:/opt/ros/jazzy/opt/gz_common_vendor:/opt/ros/jazzy/opt/gz_math_vendor:/opt/ros/jazzy/opt/gz_utils_vendor:/opt/ros/jazzy/opt/gz_tools_vendor:/opt/ros/jazzy/opt/gz_ogre_next_vendor:/opt/ros/jazzy/opt/gz_dartsim_vendor:/opt/ros/jazzy/opt/gz_cmake_vendor:/home/aditya/ros2_ws/install/my_py_pkg:/opt/ros/jazzy DEBUGINFOD_URLS=https://debuginfod.ubuntu.com LD_LIBRARY_PATH=/home/aditya/Cpps/Dexter/install/dexter_msgs/lib:${LD_LIBRARY_PATH} PS1=\[\e]0;\u@\h: \w\a\]${debian_chroot:+($debian_chroot)}\[\033[01;32m\]\u@\h\[\033[00m\]:\[\033[01;34m\]\w\[\033[00m\]\$ PYTHONPATH=/home/aditya/Cpps/Dexter/install/dexter_inventory/lib/python3.12/site-packages:/home/aditya/Cpps/Dexter/install/dexter_msgs/lib/python3.12/site-packages:${PYTHONPATH} VIRTUAL_ENV_PROMPT=(venv-ardupilot) /usr/bin/cmake --build /home/aditya/Cpps/Dexter/build/dexter_remote -- -j28 -l28
[1.884s] DEBUG:colcon.colcon_core.event_handler.log_command:Invoking command in '/home/aditya/Cpps/Dexter/build/dexter_remote': AMENT_PREFIX_PATH=/home/aditya/Cpps/Dexter/install/dexter_inventory:/home/aditya/Cpps/Dexter/install/dexter_moveit:/home/aditya/Cpps/Dexter/install/dexter_msgs:/home/aditya/Cpps/Dexter/install/dexter_description:${AMENT_PREFIX_PATH} CMAKE_PREFIX_PATH=/home/aditya/Cpps/Dexter/install/dexter_moveit:/home/aditya/Cpps/Dexter/install/dexter_msgs:/home/aditya/Cpps/Dexter/install/dexter_description:/home/aditya/ros2_ws/install/my_robot_bringup:/home/aditya/ros2_ws/install/my_cpp_pkg:/home/aditya/ros2_ws/install/my_robot_interfaces:/opt/ros/jazzy/opt/gz_sim_vendor:/opt/ros/jazzy/opt/gz_sensors_vendor:/opt/ros/jazzy/opt/gz_physics_vendor:/opt/ros/jazzy/opt/sdformat_vendor:/opt/ros/jazzy/opt/gz_gui_vendor:/opt/ros/jazzy/opt/gz_transport_vendor:/opt/ros/jazzy/opt/gz_rendering_vendor:/opt/ros/jazzy/opt/gz_plugin_vendor:/opt/ros/jazzy/opt/gz_fuel_tools_vendor:/opt/ros/jazzy/opt/gz_msgs_vendor:/opt/ros/jazzy/opt/gz_common_vendor:/opt/ros/jazzy/opt/gz_math_vendor:/opt/ros/jazzy/opt/gz_utils_vendor:/opt/ros/jazzy/opt/gz_tools_vendor:/opt/ros/jazzy/opt/gz_ogre_next_vendor:/opt/ros/jazzy/opt/gz_dartsim_vendor:/opt/ros/jazzy/opt/gz_cmake_vendor:/home/aditya/ros2_ws/install/my_py_pkg:/opt/ros/jazzy DEBUGINFOD_URLS=https://debuginfod.ubuntu.com LD_LIBRARY_PATH=/home/aditya/Cpps/Dexter/install/dexter_msgs/lib:${LD_LIBRARY_PATH} PS1=\[\e]0;\u@\h: \w\a\]${debian_chroot:+($debian_chroot)}\[\033[01;32m\]\u@\h\[\033[00m\]:\[\033[01;34m\]\w\[\033[00m\]\$ PYTHONPATH=/home/aditya/Cpps/Dexter/install/dexter_inventory/lib/python3.12/site-packages:/home/aditya/Cpps/Dexter/install/dexter_msgs/lib/python3.12/site-packages:${PYTHONPATH} VIRTUAL_ENV_PROMPT=(venv-ardupilot) /usr/bin/cmake --install /home/aditya/Cpps/Dexter/build/dexter_remote
[1.942s] Level 1:colcon.colcon_core.environment:create_environment_scripts_only(dexter_remote)
[1.942s] Level 1:colcon.colcon_core.environment:checking '/home/aditya/Cpps/Dexter/install/dexter_remote' for CMake module files
[1.943s] DEBUG:colcon.colcon_core.event_handler.log_command:Invoked command in '/home/aditya/Cpps/Dexter/build/dexter_remote' returned '0': AMENT_PREFIX_PATH=/home/aditya/Cpps/Dexter/install/dexter_inventory:/home/aditya/Cpps/Dexter/install/dexter_moveit:/home/aditya/Cpps/Dexter/install/dexter_msgs:/home/aditya/Cpps/Dexter/install/dexter_description:${AMENT_PREFIX_PATH} CMAKE_PREFIX_PATH=/home/aditya/Cpps/Dexter/install/dexter_moveit:/home/aditya/Cpps/Dexter/install/dexter_msgs:/home/aditya/Cpps/Dexter/install/dexter_description:/home/aditya/ros2_ws/install/my_robot_bringup:/home/aditya/ros2_ws/install/my_cpp_pkg:/home/aditya/ros2_ws/install/my_robot_interfaces:/opt/ros/jazzy/opt/gz_sim_vendor:/opt/ros/jazzy/opt/gz_sensors_vendor:/opt/ros/jazzy/opt/gz_physics_vendor:/opt/ros/jazzy/opt/sdformat_vendor:/opt/ros/jazzy/opt/gz_gui_vendor:/opt/ros/jazzy/opt/gz_transport_vendor:/opt/ros/jazzy/opt/gz_rendering_vendor:/opt/ros/jazzy/opt/gz_plugin_vendor:/opt/ros/jazzy/opt/gz_fuel_tools_vendor:/opt/ros/jazzy/opt/gz_msgs_vendor:/opt/ros/jazzy/opt/gz_common_vendor:/opt/ros/jazzy/opt/gz_math_vendor:/opt/ros/jazzy/opt/gz_utils_vendor:/opt/ros/jazzy/opt/gz_tools_vendor:/opt/ros/jazzy/opt/gz_ogre_next_vendor:/opt/ros/jazzy/opt/gz_dartsim_vendor:/opt/ros/jazzy/opt/gz_cmake_vendor:/home/aditya/ros2_ws/install/my_py_pkg:/opt/ros/jazzy DEBUGINFOD_URLS=https://debuginfod.ubuntu.com LD_LIBRARY_PATH=/home/aditya/Cpps/Dexter/install/dexter_msgs/lib:${LD_LIBRARY_PATH} PS1=\[\e]0;\u@\h: \w\a\]${debian_chroot:+($debian_chroot)}\[\033[01;32m\]\u@\h\[\033[00m\]:\[\033[01;34m\]\w\[\033[00m\]\$ PYTHONPATH=/home/aditya/Cpps/Dexter/install/dexter_inventory/lib/python3.12/site-packages:/home/aditya/Cpps/Dexter/install/dexter_msgs/lib/python3.12/site-packages:${PYTHONPATH} VIRTUAL_ENV_PROMPT=(venv-ardupilot) /usr/bin/cmake --install /home/aditya/Cpps/Dexter/build/dexter_remote
[1.944s] Level 1:colcon.colcon_core.environment:checking '/home/aditya/Cpps/Dexter/install/dexter_remote' for CMake config files
[1.944s] Level 1:colcon.colcon_core.shell:create_environment_hook('dexter_remote', 'cmake_prefix_path')
[1.944s] INFO:colcon.colcon_core.shell:Creating environment descriptor '/home/aditya/Cpps/Dexter/install/dexter_remote/share/dexter_remote/hook/cmake_prefix_path.dsv'
[1.945s] INFO:colcon.colcon_core.shell:Creating environment hook '/home/aditya/Cpps/Dexter/install/dexter_remote/share/dexter_remote/hook/cmake_prefix_path.sh'
[1.946s] Level 1:colcon.colcon_core.environment:checking '/home/aditya/Cpps/Dexter/install/dexter_remote/lib'
[1.946s] Level 1:colcon.colcon_core.shell:create_environment_hook('dexter_remote', 'ld_library_path_lib')
[1.946s] INFO:colcon.colcon_core.shell:Creating environment descriptor '/home/aditya/Cpps/Dexter/install/dexter_remote/share/dexter_remote/hook/ld_library_path_lib.dsv'
[1.946s] INFO:colcon.colcon_core.shell:Creating environment hook '/home/aditya/Cpps/Dexter/install/dexter_remote/share/dexter_remote/hook/ld_library_path_lib.sh'
[1.947s] Level 1:colcon.colcon_core.environment:checking '/home/aditya/Cpps/Dexter/install/dexter_remote/bin'
[1.947s] Level 1:colcon.colcon_core.environment:checking '/home/aditya/Cpps/Dexter/install/dexter_remote/lib/pkgconfig/dexter_remote.pc'
[1.947s] Level 1:colcon.colcon_core.environment:checking '/home/aditya/Cpps/Dexter/install/dexter_remote/lib/python3.12/site-packages'
[1.947s] Level 1:colcon.colcon_core.shell:create_environment_hook('dexter_remote', 'pythonpath')
[1.947s] INFO:colcon.colcon_core.shell:Creating environment descriptor '/home/aditya/Cpps/Dexter/install/dexter_remote/share/dexter_remote/hook/pythonpath.dsv'
[1.948s] INFO:colcon.colcon_core.shell:Creating environment hook '/home/aditya/Cpps/Dexter/install/dexter_remote/share/dexter_remote/hook/pythonpath.sh'
[1.949s] Level 1:colcon.colcon_core.environment:checking '/home/aditya/Cpps/Dexter/install/dexter_remote/bin'
[1.949s] INFO:colcon.colcon_core.shell:Creating package descriptor '/home/aditya/Cpps/Dexter/install/dexter_remote/share/dexter_remote/package.dsv'
[1.950s] INFO:colcon.colcon_core.shell:Creating package script '/home/aditya/Cpps/Dexter/install/dexter_remote/share/dexter_remote/package.sh'
[1.950s] INFO:colcon.colcon_core.shell:Creating package script '/home/aditya/Cpps/Dexter/install/dexter_remote/share/dexter_remote/package.bash'
[1.950s] INFO:colcon.colcon_core.shell:Creating package script '/home/aditya/Cpps/Dexter/install/dexter_remote/share/dexter_remote/package.zsh'
[1.950s] Level 1:colcon.colcon_core.environment:create_file_with_runtime_dependencies(/home/aditya/Cpps/Dexter/install/dexter_remote/share/colcon-core/packages/dexter_remote)
[1.951s] Level 1:colcon.colcon_core.environment:create_environment_scripts_only(dexter_remote)
[1.951s] Level 1:colcon.colcon_core.environment:checking '/home/aditya/Cpps/Dexter/install/dexter_remote' for CMake module files
[1.951s] Level 1:colcon.colcon_core.environment:checking '/home/aditya/Cpps/Dexter/install/dexter_remote' for CMake config files
[1.951s] Level 1:colcon.colcon_core.shell:create_environment_hook('dexter_remote', 'cmake_prefix_path')
[1.952s] INFO:colcon.colcon_core.shell:Creating environment descriptor '/home/aditya/Cpps/Dexter/install/dexter_remote/share/dexter_remote/hook/cmake_prefix_path.dsv'
[1.952s] INFO:colcon.colcon_core.shell:Creating environment hook '/home/aditya/Cpps/Dexter/install/dexter_remote/share/dexter_remote/hook/cmake_prefix_path.sh'
[1.952s] Level 1:colcon.colcon_core.environment:checking '/home/aditya/Cpps/Dexter/install/dexter_remote/lib'
[1.952s] Level 1:colcon.colcon_core.shell:create_environment_hook('dexter_remote', 'ld_library_path_lib')
[1.952s] INFO:colcon.colcon_core.shell:Creating environment descriptor '/home/aditya/Cpps/Dexter/install/dexter_remote/share/dexter_remote/hook/ld_library_path_lib.dsv'
[1.953s] INFO:colcon.colcon_core.shell:Creating environment hook '/home/aditya/Cpps/Dexter/install/dexter_remote/share/dexter_remote/hook/ld_library_path_lib.sh'
[1.953s] Level 1:colcon.colcon_core.environment:checking '/home/aditya/Cpps/Dexter/install/dexter_remote/bin'
[1.953s] Level 1:colcon.colcon_core.environment:checking '/home/aditya/Cpps/Dexter/install/dexter_remote/lib/pkgconfig/dexter_remote.pc'
[1.953s] Level 1:colcon.colcon_core.environment:checking '/home/aditya/Cpps/Dexter/install/dexter_remote/lib/python3.12/site-packages'
[1.953s] Level 1:colcon.colcon_core.shell:create_environment_hook('dexter_remote', 'pythonpath')
[1.953s] INFO:colcon.colcon_core.shell:Creating environment descriptor '/home/aditya/Cpps/Dexter/install/dexter_remote/share/dexter_remote/hook/pythonpath.dsv'
[1.954s] INFO:colcon.colcon_core.shell:Creating environment hook '/home/aditya/Cpps/Dexter/install/dexter_remote/share/dexter_remote/hook/pythonpath.sh'
[1.954s] Level 1:colcon.colcon_core.environment:checking '/home/aditya/Cpps/Dexter/install/dexter_remote/bin'
[1.954s] INFO:colcon.colcon_core.shell:Creating package descriptor '/home/aditya/Cpps/Dexter/install/dexter_remote/share/dexter_remote/package.dsv'
[1.955s] INFO:colcon.colcon_core.shell:Creating package script '/home/aditya/Cpps/Dexter/install/dexter_remote/share/dexter_remote/package.sh'
[1.955s] INFO:colcon.colcon_core.shell:Creating package script '/home/aditya/Cpps/Dexter/install/dexter_remote/share/dexter_remote/package.bash'
[1.955s] INFO:colcon.colcon_core.shell:Creating package script '/home/aditya/Cpps/Dexter/install/dexter_remote/share/dexter_remote/package.zsh'
[1.955s] Level 1:colcon.colcon_core.environment:create_file_with_runtime_dependencies(/home/aditya/Cpps/Dexter/install/dexter_remote/share/colcon-core/packages/dexter_remote)
[1.956s] INFO:colcon.colcon_ros.task.ament_cmake.build:Building ROS package in '/home/aditya/Cpps/Dexter/dexter_bringup' with build type 'ament_cmake'
[1.956s] INFO:colcon.colcon_cmake.task.cmake.build:Building CMake package in '/home/aditya/Cpps/Dexter/dexter_bringup'
[1.956s] DEBUG:colcon.colcon_core.shell:Skip shell extension 'dsv' for command environment
[1.976s] DEBUG:colcon.colcon_core.event_handler.log_command:Invoking command in '/home/aditya/Cpps/Dexter/build/dexter_bringup': AMENT_PREFIX_PATH=/home/aditya/Cpps/Dexter/install/dexter_remote:/home/aditya/Cpps/Dexter/install/dexter_inventory:/home/aditya/Cpps/Dexter/install/dexter_moveit:/home/aditya/Cpps/Dexter/install/dexter_controller:/home/aditya/Cpps/Dexter/install/dexter_msgs:/home/aditya/Cpps/Dexter/install/dexter_description:${AMENT_PREFIX_PATH} CMAKE_PREFIX_PATH=/home/aditya/Cpps/Dexter/install/dexter_remote:/home/aditya/Cpps/Dexter/install/dexter_moveit:/home/aditya/Cpps/Dexter/install/dexter_controller:/home/aditya/Cpps/Dexter/install/dexter_msgs:/home/aditya/Cpps/Dexter/install/dexter_description:/home/aditya/ros2_ws/install/my_robot_bringup:/home/aditya/ros2_ws/install/my_cpp_pkg:/home/aditya/ros2_ws/install/my_robot_interfaces:/opt/ros/jazzy/opt/gz_sim_vendor:/opt/ros/jazzy/opt/gz_sensors_vendor:/opt/ros/jazzy/opt/gz_physics_vendor:/opt/ros/jazzy/opt/sdformat_vendor:/opt/ros/jazzy/opt/gz_gui_vendor:/opt/ros/jazzy/opt/gz_transport_vendor:/opt/ros/jazzy/opt/gz_rendering_vendor:/opt/ros/jazzy/opt/gz_plugin_vendor:/opt/ros/jazzy/opt/gz_fuel_tools_vendor:/opt/ros/jazzy/opt/gz_msgs_vendor:/opt/ros/jazzy/opt/gz_common_vendor:/opt/ros/jazzy/opt/gz_math_vendor:/opt/ros/jazzy/opt/gz_utils_vendor:/opt/ros/jazzy/opt/gz_tools_vendor:/opt/ros/jazzy/opt/gz_ogre_next_vendor:/opt/ros/jazzy/opt/gz_dartsim_vendor:/opt/ros/jazzy/opt/gz_cmake_vendor:/home/aditya/ros2_ws/install/my_py_pkg:/opt/ros/jazzy DEBUGINFOD_URLS=https://debuginfod.ubuntu.com LD_LIBRARY_PATH=/home/aditya/Cpps/Dexter/install/dexter_remote/lib:/home/aditya/Cpps/Dexter/install/dexter_controller/lib:/home/aditya/Cpps/Dexter/install/dexter_msgs/lib:${LD_LIBRARY_PATH} PS1=\[\e]0;\u@\h: \w\a\]${debian_chroot:+($debian_chroot)}\[\033[01;32m\]\u@\h\[\033[00m\]:\[\033[01;34m\]\w\[\033[00m\]\$ PYTHONPATH=/home/aditya/Cpps/Dexter/install/dexter_remote/lib/python3.12/site-packages:/home/aditya/Cpps/Dexter/install/dexter_inventory/lib/python3.12/site-packages:/home/aditya/Cpps/Dexter/install/dexter_controller/lib/python3.12/site-packages:/home/aditya/Cpps/Dexter/install/dexter_msgs/lib/python3.12/site-packages:${PYTHONPATH} VIRTUAL_ENV_PROMPT=(venv-ardupilot) /usr/bin/cmake --build /home/aditya/Cpps/Dexter/build/dexter_bringup -- -j28 -l28
[2.026s] DEBUG:colcon.colcon_core.event_handler.log_command:Invoked command in '/home/aditya/Cpps/Dexter/build/dexter_bringup' returned '0': AMENT_PREFIX_PATH=/home/aditya/Cpps/Dexter/install/dexter_remote:/home/aditya/Cpps/Dexter/install/dexter_inventory:/home/aditya/Cpps/Dexter/install/dexter_moveit:/home/aditya/Cpps/Dexter/install/dexter_controller:/home/aditya/Cpps/Dexter/install/dexter_msgs:/home/aditya/Cpps/Dexter/install/dexter_description:${AMENT_PREFIX_PATH} CMAKE_PREFIX_PATH=/home/aditya/Cpps/Dexter/install/dexter_remote:/home/aditya/Cpps/Dexter/install/dexter_moveit:/home/aditya/Cpps/Dexter/install/dexter_controller:/home/aditya/Cpps/Dexter/install/dexter_msgs:/home/aditya/Cpps/Dexter/install/dexter_description:/home/aditya/ros2_ws/install/my_robot_bringup:/home/aditya/ros2_ws/install/my_cpp_pkg:/home/aditya/ros2_ws/install/my_robot_interfaces:/opt/ros/jazzy/opt/gz_sim_vendor:/opt/ros/jazzy/opt/gz_sensors_vendor:/opt/ros/jazzy/opt/gz_physics_vendor:/opt/ros/jazzy/opt/sdformat_vendor:/opt/ros/jazzy/opt/gz_gui_vendor:/opt/ros/jazzy/opt/gz_transport_vendor:/opt/ros/jazzy/opt/gz_rendering_vendor:/opt/ros/jazzy/opt/gz_plugin_vendor:/opt/ros/jazzy/opt/gz_fuel_tools_vendor:/opt/ros/jazzy/opt/gz_msgs_vendor:/opt/ros/jazzy/opt/gz_common_vendor:/opt/ros/jazzy/opt/gz_math_vendor:/opt/ros/jazzy/opt/gz_utils_vendor:/opt/ros/jazzy/opt/gz_tools_vendor:/opt/ros/jazzy/opt/gz_ogre_next_vendor:/opt/ros/jazzy/opt/gz_dartsim_vendor:/opt/ros/jazzy/opt/gz_cmake_vendor:/home/aditya/ros2_ws/install/my_py_pkg:/opt/ros/jazzy DEBUGINFOD_URLS=https://debuginfod.ubuntu.com LD_LIBRARY_PATH=/home/aditya/Cpps/Dexter/install/dexter_remote/lib:/home/aditya/Cpps/Dexter/install/dexter_controller/lib:/home/aditya/Cpps/Dexter/install/dexter_msgs/lib:${LD_LIBRARY_PATH} PS1=\[\e]0;\u@\h: \w\a\]${debian_chroot:+($debian_chroot)}\[\033[01;32m\]\u@\h\[\033[00m\]:\[\033[01;34m\]\w\[\033[00m\]\$ PYTHONPATH=/home/aditya/Cpps/Dexter/install/dexter_remote/lib/python3.12/site-packages:/home/aditya/Cpps/Dexter/install/dexter_inventory/lib/python3.12/site-packages:/home/aditya/Cpps/Dexter/install/dexter_controller/lib/python3.12/site-packages:/home/aditya/Cpps/Dexter/install/dexter_msgs/lib/python3.12/site-packages:${PYTHONPATH} VIRTUAL_ENV_PROMPT=(venv-ardupilot) /usr/bin/cmake --build /home/aditya/Cpps/Dexter/build/dexter_bringup -- -j28 -l28
[2.027s] DEBUG:colcon.colcon_core.event_handler.log_command:Invoking command in '/home/aditya/Cpps/Dexter/build/dexter_bringup': AMENT_PREFIX_PATH=/home/aditya/Cpps/Dexter/install/dexter_remote:/home/aditya/Cpps/Dexter/install/dexter_inventory:/home/aditya/Cpps/Dexter/install/dexter_moveit:/home/aditya/Cpps/Dexter/install/dexter_controller:/home/aditya/Cpps/Dexter/install/dexter_msgs:/home/aditya/Cpps/Dexter/install/dexter_description:${AMENT_PREFIX_PATH} CMAKE_PREFIX_PATH=/home/aditya/Cpps/Dexter/install/dexter_remote:/home/aditya/Cpps/Dexter/install/dexter_moveit:/home/aditya/Cpps/Dexter/install/dexter_controller:/home/aditya/Cpps/Dexter/install/dexter_msgs:/home/aditya/Cpps/Dexter/install/dexter_description:/home/aditya/ros2_ws/install/my_robot_bringup:/home/aditya/ros2_ws/install/my_cpp_pkg:/home/aditya/ros2_ws/install/my_robot_interfaces:/opt/ros/jazzy/opt/gz_sim_vendor:/opt/ros/jazzy/opt/gz_sensors_vendor:/opt/ros/jazzy/opt/gz_physics_vendor:/opt/ros/jazzy/opt/sdformat_vendor:/opt/ros/jazzy/opt/gz_gui_vendor:/opt/ros/jazzy/opt/gz_transport_vendor:/opt/ros/jazzy/opt/gz_rendering_vendor:/opt/ros/jazzy/opt/gz_plugin_vendor:/opt/ros/jazzy/opt/gz_fuel_tools_vendor:/opt/ros/jazzy/opt/gz_msgs_vendor:/opt/ros/jazzy/opt/gz_common_vendor:/opt/ros/jazzy/opt/gz_math_vendor:/opt/ros/jazzy/opt/gz_utils_vendor:/opt/ros/jazzy/opt/gz_tools_vendor:/opt/ros/jazzy/opt/gz_ogre_next_vendor:/opt/ros/jazzy/opt/gz_dartsim_vendor:/opt/ros/jazzy/opt/gz_cmake_vendor:/home/aditya/ros2_ws/install/my_py_pkg:/opt/ros/jazzy DEBUGINFOD_URLS=https://debuginfod.ubuntu.com LD_LIBRARY_PATH=/home/aditya/Cpps/Dexter/install/dexter_remote/lib:/home/aditya/Cpps/Dexter/install/dexter_controller/lib:/home/aditya/Cpps/Dexter/install/dexter_msgs/lib:${LD_LIBRARY_PATH} PS1=\[\e]0;\u@\h: \w\a\]${debian_chroot:+($debian_chroot)}\[\033[01;32m\]\u@\h\[\033[00m\]:\[\033[01;34m\]\w\[\033[00m\]\$ PYTHONPATH=/home/aditya/Cpps/Dexter/install/dexter_remote/lib/python3.12/site-packages:/home/aditya/Cpps/Dexter/install/dexter_inventory/lib/python3.12/site-packages:/home/aditya/Cpps/Dexter/install/dexter_controller/lib/python3.12/site-packages:/home/aditya/Cpps/Dexter/install/dexter_msgs/lib/python3.12/site-packages:${PYTHONPATH} VIRTUAL_ENV_PROMPT=(venv-ardupilot) /usr/bin/cmake --install /home/aditya/Cpps/Dexter/build/dexter_bringup
[2.038s] Level 1:colcon.colcon_core.environment:create_environment_scripts_only(dexter_bringup)
[2.039s] Level 1:colcon.colcon_core.environment:checking '/home/aditya/Cpps/Dexter/install/dexter_bringup' for CMake module files
[2.039s] DEBUG:colcon.colcon_core.event_handler.log_command:Invoked command in '/home/aditya/Cpps/Dexter/build/dexter_bringup' returned '0': AMENT_PREFIX_PATH=/home/aditya/Cpps/Dexter/install/dexter_remote:/home/aditya/Cpps/Dexter/install/dexter_inventory:/home/aditya/Cpps/Dexter/install/dexter_moveit:/home/aditya/Cpps/Dexter/install/dexter_controller:/home/aditya/Cpps/Dexter/install/dexter_msgs:/home/aditya/Cpps/Dexter/install/dexter_description:${AMENT_PREFIX_PATH} CMAKE_PREFIX_PATH=/home/aditya/Cpps/Dexter/install/dexter_remote:/home/aditya/Cpps/Dexter/install/dexter_moveit:/home/aditya/Cpps/Dexter/install/dexter_controller:/home/aditya/Cpps/Dexter/install/dexter_msgs:/home/aditya/Cpps/Dexter/install/dexter_description:/home/aditya/ros2_ws/install/my_robot_bringup:/home/aditya/ros2_ws/install/my_cpp_pkg:/home/aditya/ros2_ws/install/my_robot_interfaces:/opt/ros/jazzy/opt/gz_sim_vendor:/opt/ros/jazzy/opt/gz_sensors_vendor:/opt/ros/jazzy/opt/gz_physics_vendor:/opt/ros/jazzy/opt/sdformat_vendor:/opt/ros/jazzy/opt/gz_gui_vendor:/opt/ros/jazzy/opt/gz_transport_vendor:/opt/ros/jazzy/opt/gz_rendering_vendor:/opt/ros/jazzy/opt/gz_plugin_vendor:/opt/ros/jazzy/opt/gz_fuel_tools_vendor:/opt/ros/jazzy/opt/gz_msgs_vendor:/opt/ros/jazzy/opt/gz_common_vendor:/opt/ros/jazzy/opt/gz_math_vendor:/opt/ros/jazzy/opt/gz_utils_vendor:/opt/ros/jazzy/opt/gz_tools_vendor:/opt/ros/jazzy/opt/gz_ogre_next_vendor:/opt/ros/jazzy/opt/gz_dartsim_vendor:/opt/ros/jazzy/opt/gz_cmake_vendor:/home/aditya/ros2_ws/install/my_py_pkg:/opt/ros/jazzy DEBUGINFOD_URLS=https://debuginfod.ubuntu.com LD_LIBRARY_PATH=/home/aditya/Cpps/Dexter/install/dexter_remote/lib:/home/aditya/Cpps/Dexter/install/dexter_controller/lib:/home/aditya/Cpps/Dexter/install/dexter_msgs/lib:${LD_LIBRARY_PATH} PS1=\[\e]0;\u@\h: \w\a\]${debian_chroot:+($debian_chroot)}\[\033[01;32m\]\u@\h\[\033[00m\]:\[\033[01;34m\]\w\[\033[00m\]\$ PYTHONPATH=/home/aditya/Cpps/Dexter/install/dexter_remote/lib/python3.12/site-packages:/home/aditya/Cpps/Dexter/install/dexter_inventory/lib/python3.12/site-packages:/home/aditya/Cpps/Dexter/install/dexter_controller/lib/python3.12/site-packages:/home/aditya/Cpps/Dexter/install/dexter_msgs/lib/python3.12/site-packages:${PYTHONPATH} VIRTUAL_ENV_PROMPT=(venv-ardupilot) /usr/bin/cmake --install /home/aditya/Cpps/Dexter/build/dexter_bringup
[2.040s] Level 1:colcon.colcon_core.environment:checking '/home/aditya/Cpps/Dexter/install/dexter_bringup' for CMake config files
[2.040s] Level 1:colcon.colcon_core.shell:create_environment_hook('dexter_bringup', 'cmake_prefix_path')
[2.040s] INFO:colcon.colcon_core.shell:Creating environment descriptor '/home/aditya/Cpps/Dexter/install/dexter_bringup/share/dexter_bringup/hook/cmake_prefix_path.dsv'
[2.041s] INFO:colcon.colcon_core.shell:Creating environment hook '/home/aditya/Cpps/Dexter/install/dexter_bringup/share/dexter_bringup/hook/cmake_prefix_path.sh'
[2.042s] Level 1:colcon.colcon_core.environment:checking '/home/aditya/Cpps/Dexter/install/dexter_bringup/bin'
[2.042s] Level 1:colcon.colcon_core.environment:checking '/home/aditya/Cpps/Dexter/install/dexter_bringup/lib/pkgconfig/dexter_bringup.pc'
[2.042s] Level 1:colcon.colcon_core.environment:checking '/home/aditya/Cpps/Dexter/install/dexter_bringup/lib/python3.12/site-packages'
[2.043s] Level 1:colcon.colcon_core.environment:checking '/home/aditya/Cpps/Dexter/install/dexter_bringup/bin'
[2.043s] INFO:colcon.colcon_core.shell:Creating package descriptor '/home/aditya/Cpps/Dexter/install/dexter_bringup/share/dexter_bringup/package.dsv'
[2.043s] INFO:colcon.colcon_core.shell:Creating package script '/home/aditya/Cpps/Dexter/install/dexter_bringup/share/dexter_bringup/package.sh'
[2.044s] INFO:colcon.colcon_core.shell:Creating package script '/home/aditya/Cpps/Dexter/install/dexter_bringup/share/dexter_bringup/package.bash'
[2.044s] INFO:colcon.colcon_core.shell:Creating package script '/home/aditya/Cpps/Dexter/install/dexter_bringup/share/dexter_bringup/package.zsh'
[2.044s] Level 1:colcon.colcon_core.environment:create_file_with_runtime_dependencies(/home/aditya/Cpps/Dexter/install/dexter_bringup/share/colcon-core/packages/dexter_bringup)
[2.045s] Level 1:colcon.colcon_core.environment:create_environment_scripts_only(dexter_bringup)
[2.045s] Level 1:colcon.colcon_core.environment:checking '/home/aditya/Cpps/Dexter/install/dexter_bringup' for CMake module files
[2.045s] Level 1:colcon.colcon_core.environment:checking '/home/aditya/Cpps/Dexter/install/dexter_bringup' for CMake config files
[2.045s] Level 1:colcon.colcon_core.shell:create_environment_hook('dexter_bringup', 'cmake_prefix_path')
[2.045s] INFO:colcon.colcon_core.shell:Creating environment descriptor '/home/aditya/Cpps/Dexter/install/dexter_bringup/share/dexter_bringup/hook/cmake_prefix_path.dsv'
[2.046s] INFO:colcon.colcon_core.shell:Creating environment hook '/home/aditya/Cpps/Dexter/install/dexter_bringup/share/dexter_bringup/hook/cmake_prefix_path.sh'
[2.046s] Level 1:colcon.colcon_core.environment:checking '/home/aditya/Cpps/Dexter/install/dexter_bringup/bin'
[2.046s] Level 1:colcon.colcon_core.environment:checking '/home/aditya/Cpps/Dexter/install/dexter_bringup/lib/pkgconfig/dexter_bringup.pc'
[2.046s] Level 1:colcon.colcon_core.environment:checking '/home/aditya/Cpps/Dexter/install/dexter_bringup/lib/python3.12/site-packages'
[2.047s] Level 1:colcon.colcon_core.environment:checking '/home/aditya/Cpps/Dexter/install/dexter_bringup/bin'
[2.047s] INFO:colcon.colcon_core.shell:Creating package descriptor '/home/aditya/Cpps/Dexter/install/dexter_bringup/share/dexter_bringup/package.dsv'
[2.047s] INFO:colcon.colcon_core.shell:Creating package script '/home/aditya/Cpps/Dexter/install/dexter_bringup/share/dexter_bringup/package.sh'
[2.047s] INFO:colcon.colcon_core.shell:Creating package script '/home/aditya/Cpps/Dexter/install/dexter_bringup/share/dexter_bringup/package.bash'
[2.048s] INFO:colcon.colcon_core.shell:Creating package script '/home/aditya/Cpps/Dexter/install/dexter_bringup/share/dexter_bringup/package.zsh'
[2.048s] Level 1:colcon.colcon_core.environment:create_file_with_runtime_dependencies(/home/aditya/Cpps/Dexter/install/dexter_bringup/share/colcon-core/packages/dexter_bringup)
[2.048s] DEBUG:colcon.colcon_parallel_executor.executor.parallel:closing loop
[2.049s] DEBUG:colcon.colcon_parallel_executor.executor.parallel:loop closed
[2.049s] DEBUG:colcon.colcon_parallel_executor.executor.parallel:run_until_complete finished with '0'
[2.049s] DEBUG:colcon.colcon_core.event_reactor:joining thread
[2.057s] INFO:colcon.colcon_core.plugin_system:Skipping extension 'colcon_notification.desktop_notification.terminal_notifier': Not used on non-Darwin systems
[2.057s] INFO:colcon.colcon_core.plugin_system:Skipping extension 'colcon_notification.desktop_notification.win32': Not used on non-Windows systems
[2.057s] INFO:colcon.colcon_notification.desktop_notification:Sending desktop notification using 'notify2'
[2.078s] DEBUG:colcon.colcon_core.event_reactor:joined thread
[2.079s] INFO:colcon.colcon_core.shell:Creating prefix script '/home/aditya/Cpps/Dexter/install/local_setup.sh'
[2.079s] INFO:colcon.colcon_core.shell:Creating prefix util module '/home/aditya/Cpps/Dexter/install/_local_setup_util_sh.py'
[2.080s] INFO:colcon.colcon_core.shell:Creating prefix chain script '/home/aditya/Cpps/Dexter/install/setup.sh'
[2.081s] INFO:colcon.colcon_core.shell:Creating prefix script '/home/aditya/Cpps/Dexter/install/local_setup.bash'
[2.081s] INFO:colcon.colcon_core.shell:Creating prefix chain script '/home/aditya/Cpps/Dexter/install/setup.bash'
[2.082s] INFO:colcon.colcon_core.shell:Creating prefix script '/home/aditya/Cpps/Dexter/install/local_setup.zsh'
[2.083s] INFO:colcon.colcon_core.shell:Creating prefix chain script '/home/aditya/Cpps/Dexter/install/setup.zsh'
