[0.163s] DEBUG:colcon:Command line arguments: ['/usr/bin/colcon', 'build']
[0.163s] DEBUG:colcon:Parsed command line arguments: Namespace(log_base=None, log_level=None, verb_name='build', build_base='build', install_base='install', merge_install=False, symlink_install=False, test_result_base=None, continue_on_error=False, executor='parallel', parallel_workers=28, event_handlers=None, ignore_user_meta=False, metas=['./colcon.meta'], base_paths=['.'], packages_ignore=None, packages_ignore_regex=None, paths=None, packages_up_to=None, packages_up_to_regex=None, packages_above=None, packages_above_and_dependencies=None, packages_above_depth=None, packages_select_by_dep=None, packages_skip_by_dep=None, packages_skip_up_to=None, packages_select_build_failed=False, packages_skip_build_finished=False, packages_select_test_failures=False, packages_skip_test_passed=False, packages_select=None, packages_skip=None, packages_select_regex=None, packages_skip_regex=None, packages_start=None, packages_end=None, cmake_args=None, cmake_target=None, cmake_target_skip_unavailable=False, cmake_clean_cache=False, cmake_clean_first=False, cmake_force_configure=False, ament_cmake_args=None, catkin_cmake_args=None, catkin_skip_building_tests=False, verb_parser=<colcon_defaults.argument_parser.defaults.DefaultArgumentsDecorator object at 0x7ee91f134710>, verb_extension=<colcon_core.verb.build.BuildVerb object at 0x7ee91f2b7890>, main=<bound method BuildVerb.main of <colcon_core.verb.build.BuildVerb object at 0x7ee91f2b7890>>)
[0.211s] Level 1:colcon.colcon_core.package_discovery:discover_packages(colcon_meta) check parameters
[0.211s] Level 1:colcon.colcon_core.package_discovery:discover_packages(recursive) check parameters
[0.211s] Level 1:colcon.colcon_core.package_discovery:discover_packages(ignore) check parameters
[0.211s] Level 1:colcon.colcon_core.package_discovery:discover_packages(path) check parameters
[0.211s] Level 1:colcon.colcon_core.package_discovery:discover_packages(colcon_meta) discover
[0.211s] Level 1:colcon.colcon_core.package_discovery:discover_packages(recursive) discover
[0.211s] INFO:colcon.colcon_core.package_discovery:Crawling recursively for packages in '/home/aditya/Cpps/Dexter'
[0.211s] Level 1:colcon.colcon_core.package_identification:_identify(.) by extensions ['ignore', 'ignore_ament_install']
[0.211s] Level 1:colcon.colcon_core.package_identification:_identify(.) by extension 'ignore'
[0.211s] Level 1:colcon.colcon_core.package_identification:_identify(.) by extension 'ignore_ament_install'
[0.212s] Level 1:colcon.colcon_core.package_identification:_identify(.) by extensions ['colcon_pkg']
[0.212s] Level 1:colcon.colcon_core.package_identification:_identify(.) by extension 'colcon_pkg'
[0.212s] Level 1:colcon.colcon_core.package_identification:_identify(.) by extensions ['colcon_meta']
[0.212s] Level 1:colcon.colcon_core.package_identification:_identify(.) by extension 'colcon_meta'
[0.212s] Level 1:colcon.colcon_core.package_identification:_identify(.) by extensions ['ros']
[0.212s] Level 1:colcon.colcon_core.package_identification:_identify(.) by extension 'ros'
[0.238s] Level 1:colcon.colcon_core.package_identification:_identify(.) by extensions ['cmake', 'python']
[0.238s] Level 1:colcon.colcon_core.package_identification:_identify(.) by extension 'cmake'
[0.238s] Level 1:colcon.colcon_core.package_identification:_identify(.) by extension 'python'
[0.238s] Level 1:colcon.colcon_core.package_identification:_identify(.) by extensions ['python_setup_py']
[0.238s] Level 1:colcon.colcon_core.package_identification:_identify(.) by extension 'python_setup_py'
[0.238s] Level 1:colcon.colcon_core.package_identification:_identify(build) by extensions ['ignore', 'ignore_ament_install']
[0.238s] Level 1:colcon.colcon_core.package_identification:_identify(build) by extension 'ignore'
[0.238s] Level 1:colcon.colcon_core.package_identification:_identify(build) ignored
[0.239s] Level 1:colcon.colcon_core.package_identification:_identify(dexter_bringup) by extensions ['ignore', 'ignore_ament_install']
[0.239s] Level 1:colcon.colcon_core.package_identification:_identify(dexter_bringup) by extension 'ignore'
[0.239s] Level 1:colcon.colcon_core.package_identification:_identify(dexter_bringup) by extension 'ignore_ament_install'
[0.239s] Level 1:colcon.colcon_core.package_identification:_identify(dexter_bringup) by extensions ['colcon_pkg']
[0.239s] Level 1:colcon.colcon_core.package_identification:_identify(dexter_bringup) by extension 'colcon_pkg'
[0.239s] Level 1:colcon.colcon_core.package_identification:_identify(dexter_bringup) by extensions ['colcon_meta']
[0.239s] Level 1:colcon.colcon_core.package_identification:_identify(dexter_bringup) by extension 'colcon_meta'
[0.239s] Level 1:colcon.colcon_core.package_identification:_identify(dexter_bringup) by extensions ['ros']
[0.239s] Level 1:colcon.colcon_core.package_identification:_identify(dexter_bringup) by extension 'ros'
[0.242s] DEBUG:colcon.colcon_core.package_identification:Package 'dexter_bringup' with type 'ros.ament_cmake' and name 'dexter_bringup'
[0.242s] Level 1:colcon.colcon_core.package_identification:_identify(dexter_controller) by extensions ['ignore', 'ignore_ament_install']
[0.242s] Level 1:colcon.colcon_core.package_identification:_identify(dexter_controller) by extension 'ignore'
[0.242s] Level 1:colcon.colcon_core.package_identification:_identify(dexter_controller) by extension 'ignore_ament_install'
[0.242s] Level 1:colcon.colcon_core.package_identification:_identify(dexter_controller) by extensions ['colcon_pkg']
[0.242s] Level 1:colcon.colcon_core.package_identification:_identify(dexter_controller) by extension 'colcon_pkg'
[0.242s] Level 1:colcon.colcon_core.package_identification:_identify(dexter_controller) by extensions ['colcon_meta']
[0.242s] Level 1:colcon.colcon_core.package_identification:_identify(dexter_controller) by extension 'colcon_meta'
[0.242s] Level 1:colcon.colcon_core.package_identification:_identify(dexter_controller) by extensions ['ros']
[0.242s] Level 1:colcon.colcon_core.package_identification:_identify(dexter_controller) by extension 'ros'
[0.243s] DEBUG:colcon.colcon_core.package_identification:Package 'dexter_controller' with type 'ros.ament_cmake' and name 'dexter_controller'
[0.243s] Level 1:colcon.colcon_core.package_identification:_identify(dexter_description) by extensions ['ignore', 'ignore_ament_install']
[0.243s] Level 1:colcon.colcon_core.package_identification:_identify(dexter_description) by extension 'ignore'
[0.243s] Level 1:colcon.colcon_core.package_identification:_identify(dexter_description) by extension 'ignore_ament_install'
[0.243s] Level 1:colcon.colcon_core.package_identification:_identify(dexter_description) by extensions ['colcon_pkg']
[0.243s] Level 1:colcon.colcon_core.package_identification:_identify(dexter_description) by extension 'colcon_pkg'
[0.243s] Level 1:colcon.colcon_core.package_identification:_identify(dexter_description) by extensions ['colcon_meta']
[0.243s] Level 1:colcon.colcon_core.package_identification:_identify(dexter_description) by extension 'colcon_meta'
[0.243s] Level 1:colcon.colcon_core.package_identification:_identify(dexter_description) by extensions ['ros']
[0.243s] Level 1:colcon.colcon_core.package_identification:_identify(dexter_description) by extension 'ros'
[0.247s] DEBUG:colcon.colcon_core.package_identification:Package 'dexter_description' with type 'ros.ament_cmake' and name 'dexter_description'
[0.247s] Level 1:colcon.colcon_core.package_identification:_identify(dexter_inventory) by extensions ['ignore', 'ignore_ament_install']
[0.248s] Level 1:colcon.colcon_core.package_identification:_identify(dexter_inventory) by extension 'ignore'
[0.248s] Level 1:colcon.colcon_core.package_identification:_identify(dexter_inventory) by extension 'ignore_ament_install'
[0.248s] Level 1:colcon.colcon_core.package_identification:_identify(dexter_inventory) by extensions ['colcon_pkg']
[0.248s] Level 1:colcon.colcon_core.package_identification:_identify(dexter_inventory) by extension 'colcon_pkg'
[0.248s] Level 1:colcon.colcon_core.package_identification:_identify(dexter_inventory) by extensions ['colcon_meta']
[0.248s] Level 1:colcon.colcon_core.package_identification:_identify(dexter_inventory) by extension 'colcon_meta'
[0.248s] Level 1:colcon.colcon_core.package_identification:_identify(dexter_inventory) by extensions ['ros']
[0.248s] Level 1:colcon.colcon_core.package_identification:_identify(dexter_inventory) by extension 'ros'
[0.248s] DEBUG:colcon.colcon_core.package_identification:Package 'dexter_inventory' with type 'ros.ament_python' and name 'dexter_inventory'
[0.249s] Level 1:colcon.colcon_core.package_identification:_identify(dexter_moveit) by extensions ['ignore', 'ignore_ament_install']
[0.249s] Level 1:colcon.colcon_core.package_identification:_identify(dexter_moveit) by extension 'ignore'
[0.249s] Level 1:colcon.colcon_core.package_identification:_identify(dexter_moveit) by extension 'ignore_ament_install'
[0.249s] Level 1:colcon.colcon_core.package_identification:_identify(dexter_moveit) by extensions ['colcon_pkg']
[0.249s] Level 1:colcon.colcon_core.package_identification:_identify(dexter_moveit) by extension 'colcon_pkg'
[0.249s] Level 1:colcon.colcon_core.package_identification:_identify(dexter_moveit) by extensions ['colcon_meta']
[0.249s] Level 1:colcon.colcon_core.package_identification:_identify(dexter_moveit) by extension 'colcon_meta'
[0.249s] Level 1:colcon.colcon_core.package_identification:_identify(dexter_moveit) by extensions ['ros']
[0.249s] Level 1:colcon.colcon_core.package_identification:_identify(dexter_moveit) by extension 'ros'
[0.249s] DEBUG:colcon.colcon_core.package_identification:Package 'dexter_moveit' with type 'ros.ament_cmake' and name 'dexter_moveit'
[0.249s] Level 1:colcon.colcon_core.package_identification:_identify(dexter_msgs) by extensions ['ignore', 'ignore_ament_install']
[0.249s] Level 1:colcon.colcon_core.package_identification:_identify(dexter_msgs) by extension 'ignore'
[0.249s] Level 1:colcon.colcon_core.package_identification:_identify(dexter_msgs) by extension 'ignore_ament_install'
[0.249s] Level 1:colcon.colcon_core.package_identification:_identify(dexter_msgs) by extensions ['colcon_pkg']
[0.249s] Level 1:colcon.colcon_core.package_identification:_identify(dexter_msgs) by extension 'colcon_pkg'
[0.249s] Level 1:colcon.colcon_core.package_identification:_identify(dexter_msgs) by extensions ['colcon_meta']
[0.249s] Level 1:colcon.colcon_core.package_identification:_identify(dexter_msgs) by extension 'colcon_meta'
[0.249s] Level 1:colcon.colcon_core.package_identification:_identify(dexter_msgs) by extensions ['ros']
[0.249s] Level 1:colcon.colcon_core.package_identification:_identify(dexter_msgs) by extension 'ros'
[0.250s] DEBUG:colcon.colcon_core.package_identification:Package 'dexter_msgs' with type 'ros.ament_cmake' and name 'dexter_msgs'
[0.250s] Level 1:colcon.colcon_core.package_identification:_identify(dexter_remote) by extensions ['ignore', 'ignore_ament_install']
[0.250s] Level 1:colcon.colcon_core.package_identification:_identify(dexter_remote) by extension 'ignore'
[0.250s] Level 1:colcon.colcon_core.package_identification:_identify(dexter_remote) by extension 'ignore_ament_install'
[0.250s] Level 1:colcon.colcon_core.package_identification:_identify(dexter_remote) by extensions ['colcon_pkg']
[0.250s] Level 1:colcon.colcon_core.package_identification:_identify(dexter_remote) by extension 'colcon_pkg'
[0.250s] Level 1:colcon.colcon_core.package_identification:_identify(dexter_remote) by extensions ['colcon_meta']
[0.250s] Level 1:colcon.colcon_core.package_identification:_identify(dexter_remote) by extension 'colcon_meta'
[0.250s] Level 1:colcon.colcon_core.package_identification:_identify(dexter_remote) by extensions ['ros']
[0.250s] Level 1:colcon.colcon_core.package_identification:_identify(dexter_remote) by extension 'ros'
[0.251s] DEBUG:colcon.colcon_core.package_identification:Package 'dexter_remote' with type 'ros.ament_cmake' and name 'dexter_remote'
[0.251s] Level 1:colcon.colcon_core.package_identification:_identify(dexter_utils) by extensions ['ignore', 'ignore_ament_install']
[0.251s] Level 1:colcon.colcon_core.package_identification:_identify(dexter_utils) by extension 'ignore'
[0.251s] Level 1:colcon.colcon_core.package_identification:_identify(dexter_utils) by extension 'ignore_ament_install'
[0.251s] Level 1:colcon.colcon_core.package_identification:_identify(dexter_utils) by extensions ['colcon_pkg']
[0.251s] Level 1:colcon.colcon_core.package_identification:_identify(dexter_utils) by extension 'colcon_pkg'
[0.251s] Level 1:colcon.colcon_core.package_identification:_identify(dexter_utils) by extensions ['colcon_meta']
[0.251s] Level 1:colcon.colcon_core.package_identification:_identify(dexter_utils) by extension 'colcon_meta'
[0.251s] Level 1:colcon.colcon_core.package_identification:_identify(dexter_utils) by extensions ['ros']
[0.251s] Level 1:colcon.colcon_core.package_identification:_identify(dexter_utils) by extension 'ros'
[0.252s] DEBUG:colcon.colcon_core.package_identification:Package 'dexter_utils' with type 'ros.ament_cmake' and name 'dexter_utils'
[0.252s] Level 1:colcon.colcon_core.package_identification:_identify(install) by extensions ['ignore', 'ignore_ament_install']
[0.252s] Level 1:colcon.colcon_core.package_identification:_identify(install) by extension 'ignore'
[0.252s] Level 1:colcon.colcon_core.package_identification:_identify(install) ignored
[0.252s] Level 1:colcon.colcon_core.package_identification:_identify(log) by extensions ['ignore', 'ignore_ament_install']
[0.252s] Level 1:colcon.colcon_core.package_identification:_identify(log) by extension 'ignore'
[0.252s] Level 1:colcon.colcon_core.package_identification:_identify(log) ignored
[0.252s] Level 1:colcon.colcon_core.package_discovery:discover_packages(recursive) using defaults
[0.252s] Level 1:colcon.colcon_core.package_discovery:discover_packages(ignore) discover
[0.252s] Level 1:colcon.colcon_core.package_discovery:discover_packages(ignore) using defaults
[0.252s] Level 1:colcon.colcon_core.package_discovery:discover_packages(path) discover
[0.252s] Level 1:colcon.colcon_core.package_discovery:discover_packages(path) using defaults
[0.272s] Level 5:colcon.colcon_core.verb:set package 'dexter_description' build argument 'cmake_args' from command line to 'None'
[0.272s] Level 5:colcon.colcon_core.verb:set package 'dexter_description' build argument 'cmake_target' from command line to 'None'
[0.272s] Level 5:colcon.colcon_core.verb:set package 'dexter_description' build argument 'cmake_target_skip_unavailable' from command line to 'False'
[0.272s] Level 5:colcon.colcon_core.verb:set package 'dexter_description' build argument 'cmake_clean_cache' from command line to 'False'
[0.272s] Level 5:colcon.colcon_core.verb:set package 'dexter_description' build argument 'cmake_clean_first' from command line to 'False'
[0.272s] Level 5:colcon.colcon_core.verb:set package 'dexter_description' build argument 'cmake_force_configure' from command line to 'False'
[0.272s] Level 5:colcon.colcon_core.verb:set package 'dexter_description' build argument 'ament_cmake_args' from command line to 'None'
[0.272s] Level 5:colcon.colcon_core.verb:set package 'dexter_description' build argument 'catkin_cmake_args' from command line to 'None'
[0.272s] Level 5:colcon.colcon_core.verb:set package 'dexter_description' build argument 'catkin_skip_building_tests' from command line to 'False'
[0.272s] DEBUG:colcon.colcon_core.verb:Building package 'dexter_description' with the following arguments: {'ament_cmake_args': None, 'build_base': '/home/aditya/Cpps/Dexter/build/dexter_description', 'catkin_cmake_args': None, 'catkin_skip_building_tests': False, 'cmake_args': None, 'cmake_clean_cache': False, 'cmake_clean_first': False, 'cmake_force_configure': False, 'cmake_target': None, 'cmake_target_skip_unavailable': False, 'install_base': '/home/aditya/Cpps/Dexter/install/dexter_description', 'merge_install': False, 'path': '/home/aditya/Cpps/Dexter/dexter_description', 'symlink_install': False, 'test_result_base': None}
[0.272s] Level 5:colcon.colcon_core.verb:set package 'dexter_msgs' build argument 'cmake_args' from command line to 'None'
[0.272s] Level 5:colcon.colcon_core.verb:set package 'dexter_msgs' build argument 'cmake_target' from command line to 'None'
[0.272s] Level 5:colcon.colcon_core.verb:set package 'dexter_msgs' build argument 'cmake_target_skip_unavailable' from command line to 'False'
[0.272s] Level 5:colcon.colcon_core.verb:set package 'dexter_msgs' build argument 'cmake_clean_cache' from command line to 'False'
[0.272s] Level 5:colcon.colcon_core.verb:set package 'dexter_msgs' build argument 'cmake_clean_first' from command line to 'False'
[0.272s] Level 5:colcon.colcon_core.verb:set package 'dexter_msgs' build argument 'cmake_force_configure' from command line to 'False'
[0.272s] Level 5:colcon.colcon_core.verb:set package 'dexter_msgs' build argument 'ament_cmake_args' from command line to 'None'
[0.272s] Level 5:colcon.colcon_core.verb:set package 'dexter_msgs' build argument 'catkin_cmake_args' from command line to 'None'
[0.272s] Level 5:colcon.colcon_core.verb:set package 'dexter_msgs' build argument 'catkin_skip_building_tests' from command line to 'False'
[0.272s] DEBUG:colcon.colcon_core.verb:Building package 'dexter_msgs' with the following arguments: {'ament_cmake_args': None, 'build_base': '/home/aditya/Cpps/Dexter/build/dexter_msgs', 'catkin_cmake_args': None, 'catkin_skip_building_tests': False, 'cmake_args': None, 'cmake_clean_cache': False, 'cmake_clean_first': False, 'cmake_force_configure': False, 'cmake_target': None, 'cmake_target_skip_unavailable': False, 'install_base': '/home/aditya/Cpps/Dexter/install/dexter_msgs', 'merge_install': False, 'path': '/home/aditya/Cpps/Dexter/dexter_msgs', 'symlink_install': False, 'test_result_base': None}
[0.272s] Level 5:colcon.colcon_core.verb:set package 'dexter_controller' build argument 'cmake_args' from command line to 'None'
[0.272s] Level 5:colcon.colcon_core.verb:set package 'dexter_controller' build argument 'cmake_target' from command line to 'None'
[0.272s] Level 5:colcon.colcon_core.verb:set package 'dexter_controller' build argument 'cmake_target_skip_unavailable' from command line to 'False'
[0.272s] Level 5:colcon.colcon_core.verb:set package 'dexter_controller' build argument 'cmake_clean_cache' from command line to 'False'
[0.272s] Level 5:colcon.colcon_core.verb:set package 'dexter_controller' build argument 'cmake_clean_first' from command line to 'False'
[0.272s] Level 5:colcon.colcon_core.verb:set package 'dexter_controller' build argument 'cmake_force_configure' from command line to 'False'
[0.272s] Level 5:colcon.colcon_core.verb:set package 'dexter_controller' build argument 'ament_cmake_args' from command line to 'None'
[0.272s] Level 5:colcon.colcon_core.verb:set package 'dexter_controller' build argument 'catkin_cmake_args' from command line to 'None'
[0.272s] Level 5:colcon.colcon_core.verb:set package 'dexter_controller' build argument 'catkin_skip_building_tests' from command line to 'False'
[0.272s] DEBUG:colcon.colcon_core.verb:Building package 'dexter_controller' with the following arguments: {'ament_cmake_args': None, 'build_base': '/home/aditya/Cpps/Dexter/build/dexter_controller', 'catkin_cmake_args': None, 'catkin_skip_building_tests': False, 'cmake_args': None, 'cmake_clean_cache': False, 'cmake_clean_first': False, 'cmake_force_configure': False, 'cmake_target': None, 'cmake_target_skip_unavailable': False, 'install_base': '/home/aditya/Cpps/Dexter/install/dexter_controller', 'merge_install': False, 'path': '/home/aditya/Cpps/Dexter/dexter_controller', 'symlink_install': False, 'test_result_base': None}
[0.273s] Level 5:colcon.colcon_core.verb:set package 'dexter_moveit' build argument 'cmake_args' from command line to 'None'
[0.273s] Level 5:colcon.colcon_core.verb:set package 'dexter_moveit' build argument 'cmake_target' from command line to 'None'
[0.273s] Level 5:colcon.colcon_core.verb:set package 'dexter_moveit' build argument 'cmake_target_skip_unavailable' from command line to 'False'
[0.273s] Level 5:colcon.colcon_core.verb:set package 'dexter_moveit' build argument 'cmake_clean_cache' from command line to 'False'
[0.273s] Level 5:colcon.colcon_core.verb:set package 'dexter_moveit' build argument 'cmake_clean_first' from command line to 'False'
[0.273s] Level 5:colcon.colcon_core.verb:set package 'dexter_moveit' build argument 'cmake_force_configure' from command line to 'False'
[0.273s] Level 5:colcon.colcon_core.verb:set package 'dexter_moveit' build argument 'ament_cmake_args' from command line to 'None'
[0.273s] Level 5:colcon.colcon_core.verb:set package 'dexter_moveit' build argument 'catkin_cmake_args' from command line to 'None'
[0.273s] Level 5:colcon.colcon_core.verb:set package 'dexter_moveit' build argument 'catkin_skip_building_tests' from command line to 'False'
[0.273s] DEBUG:colcon.colcon_core.verb:Building package 'dexter_moveit' with the following arguments: {'ament_cmake_args': None, 'build_base': '/home/aditya/Cpps/Dexter/build/dexter_moveit', 'catkin_cmake_args': None, 'catkin_skip_building_tests': False, 'cmake_args': None, 'cmake_clean_cache': False, 'cmake_clean_first': False, 'cmake_force_configure': False, 'cmake_target': None, 'cmake_target_skip_unavailable': False, 'install_base': '/home/aditya/Cpps/Dexter/install/dexter_moveit', 'merge_install': False, 'path': '/home/aditya/Cpps/Dexter/dexter_moveit', 'symlink_install': False, 'test_result_base': None}
[0.273s] Level 5:colcon.colcon_core.verb:set package 'dexter_utils' build argument 'cmake_args' from command line to 'None'
[0.273s] Level 5:colcon.colcon_core.verb:set package 'dexter_utils' build argument 'cmake_target' from command line to 'None'
[0.273s] Level 5:colcon.colcon_core.verb:set package 'dexter_utils' build argument 'cmake_target_skip_unavailable' from command line to 'False'
[0.273s] Level 5:colcon.colcon_core.verb:set package 'dexter_utils' build argument 'cmake_clean_cache' from command line to 'False'
[0.273s] Level 5:colcon.colcon_core.verb:set package 'dexter_utils' build argument 'cmake_clean_first' from command line to 'False'
[0.273s] Level 5:colcon.colcon_core.verb:set package 'dexter_utils' build argument 'cmake_force_configure' from command line to 'False'
[0.273s] Level 5:colcon.colcon_core.verb:set package 'dexter_utils' build argument 'ament_cmake_args' from command line to 'None'
[0.273s] Level 5:colcon.colcon_core.verb:set package 'dexter_utils' build argument 'catkin_cmake_args' from command line to 'None'
[0.273s] Level 5:colcon.colcon_core.verb:set package 'dexter_utils' build argument 'catkin_skip_building_tests' from command line to 'False'
[0.273s] DEBUG:colcon.colcon_core.verb:Building package 'dexter_utils' with the following arguments: {'ament_cmake_args': None, 'build_base': '/home/aditya/Cpps/Dexter/build/dexter_utils', 'catkin_cmake_args': None, 'catkin_skip_building_tests': False, 'cmake_args': None, 'cmake_clean_cache': False, 'cmake_clean_first': False, 'cmake_force_configure': False, 'cmake_target': None, 'cmake_target_skip_unavailable': False, 'install_base': '/home/aditya/Cpps/Dexter/install/dexter_utils', 'merge_install': False, 'path': '/home/aditya/Cpps/Dexter/dexter_utils', 'symlink_install': False, 'test_result_base': None}
[0.273s] Level 5:colcon.colcon_core.verb:set package 'dexter_inventory' build argument 'cmake_args' from command line to 'None'
[0.273s] Level 5:colcon.colcon_core.verb:set package 'dexter_inventory' build argument 'cmake_target' from command line to 'None'
[0.273s] Level 5:colcon.colcon_core.verb:set package 'dexter_inventory' build argument 'cmake_target_skip_unavailable' from command line to 'False'
[0.273s] Level 5:colcon.colcon_core.verb:set package 'dexter_inventory' build argument 'cmake_clean_cache' from command line to 'False'
[0.273s] Level 5:colcon.colcon_core.verb:set package 'dexter_inventory' build argument 'cmake_clean_first' from command line to 'False'
[0.273s] Level 5:colcon.colcon_core.verb:set package 'dexter_inventory' build argument 'cmake_force_configure' from command line to 'False'
[0.273s] Level 5:colcon.colcon_core.verb:set package 'dexter_inventory' build argument 'ament_cmake_args' from command line to 'None'
[0.273s] Level 5:colcon.colcon_core.verb:set package 'dexter_inventory' build argument 'catkin_cmake_args' from command line to 'None'
[0.273s] Level 5:colcon.colcon_core.verb:set package 'dexter_inventory' build argument 'catkin_skip_building_tests' from command line to 'False'
[0.273s] DEBUG:colcon.colcon_core.verb:Building package 'dexter_inventory' with the following arguments: {'ament_cmake_args': None, 'build_base': '/home/aditya/Cpps/Dexter/build/dexter_inventory', 'catkin_cmake_args': None, 'catkin_skip_building_tests': False, 'cmake_args': None, 'cmake_clean_cache': False, 'cmake_clean_first': False, 'cmake_force_configure': False, 'cmake_target': None, 'cmake_target_skip_unavailable': False, 'install_base': '/home/aditya/Cpps/Dexter/install/dexter_inventory', 'merge_install': False, 'path': '/home/aditya/Cpps/Dexter/dexter_inventory', 'symlink_install': False, 'test_result_base': None}
[0.273s] Level 5:colcon.colcon_core.verb:set package 'dexter_remote' build argument 'cmake_args' from command line to 'None'
[0.273s] Level 5:colcon.colcon_core.verb:set package 'dexter_remote' build argument 'cmake_target' from command line to 'None'
[0.273s] Level 5:colcon.colcon_core.verb:set package 'dexter_remote' build argument 'cmake_target_skip_unavailable' from command line to 'False'
[0.273s] Level 5:colcon.colcon_core.verb:set package 'dexter_remote' build argument 'cmake_clean_cache' from command line to 'False'
[0.273s] Level 5:colcon.colcon_core.verb:set package 'dexter_remote' build argument 'cmake_clean_first' from command line to 'False'
[0.273s] Level 5:colcon.colcon_core.verb:set package 'dexter_remote' build argument 'cmake_force_configure' from command line to 'False'
[0.273s] Level 5:colcon.colcon_core.verb:set package 'dexter_remote' build argument 'ament_cmake_args' from command line to 'None'
[0.273s] Level 5:colcon.colcon_core.verb:set package 'dexter_remote' build argument 'catkin_cmake_args' from command line to 'None'
[0.273s] Level 5:colcon.colcon_core.verb:set package 'dexter_remote' build argument 'catkin_skip_building_tests' from command line to 'False'
[0.273s] DEBUG:colcon.colcon_core.verb:Building package 'dexter_remote' with the following arguments: {'ament_cmake_args': None, 'build_base': '/home/aditya/Cpps/Dexter/build/dexter_remote', 'catkin_cmake_args': None, 'catkin_skip_building_tests': False, 'cmake_args': None, 'cmake_clean_cache': False, 'cmake_clean_first': False, 'cmake_force_configure': False, 'cmake_target': None, 'cmake_target_skip_unavailable': False, 'install_base': '/home/aditya/Cpps/Dexter/install/dexter_remote', 'merge_install': False, 'path': '/home/aditya/Cpps/Dexter/dexter_remote', 'symlink_install': False, 'test_result_base': None}
[0.274s] Level 5:colcon.colcon_core.verb:set package 'dexter_bringup' build argument 'cmake_args' from command line to 'None'
[0.274s] Level 5:colcon.colcon_core.verb:set package 'dexter_bringup' build argument 'cmake_target' from command line to 'None'
[0.274s] Level 5:colcon.colcon_core.verb:set package 'dexter_bringup' build argument 'cmake_target_skip_unavailable' from command line to 'False'
[0.274s] Level 5:colcon.colcon_core.verb:set package 'dexter_bringup' build argument 'cmake_clean_cache' from command line to 'False'
[0.274s] Level 5:colcon.colcon_core.verb:set package 'dexter_bringup' build argument 'cmake_clean_first' from command line to 'False'
[0.274s] Level 5:colcon.colcon_core.verb:set package 'dexter_bringup' build argument 'cmake_force_configure' from command line to 'False'
[0.274s] Level 5:colcon.colcon_core.verb:set package 'dexter_bringup' build argument 'ament_cmake_args' from command line to 'None'
[0.274s] Level 5:colcon.colcon_core.verb:set package 'dexter_bringup' build argument 'catkin_cmake_args' from command line to 'None'
[0.274s] Level 5:colcon.colcon_core.verb:set package 'dexter_bringup' build argument 'catkin_skip_building_tests' from command line to 'False'
[0.274s] DEBUG:colcon.colcon_core.verb:Building package 'dexter_bringup' with the following arguments: {'ament_cmake_args': None, 'build_base': '/home/aditya/Cpps/Dexter/build/dexter_bringup', 'catkin_cmake_args': None, 'catkin_skip_building_tests': False, 'cmake_args': None, 'cmake_clean_cache': False, 'cmake_clean_first': False, 'cmake_force_configure': False, 'cmake_target': None, 'cmake_target_skip_unavailable': False, 'install_base': '/home/aditya/Cpps/Dexter/install/dexter_bringup', 'merge_install': False, 'path': '/home/aditya/Cpps/Dexter/dexter_bringup', 'symlink_install': False, 'test_result_base': None}
[0.274s] INFO:colcon.colcon_core.executor:Executing jobs using 'parallel' executor
[0.275s] DEBUG:colcon.colcon_parallel_executor.executor.parallel:run_until_complete
[0.275s] INFO:colcon.colcon_ros.task.ament_cmake.build:Building ROS package in '/home/aditya/Cpps/Dexter/dexter_description' with build type 'ament_cmake'
[0.275s] INFO:colcon.colcon_cmake.task.cmake.build:Building CMake package in '/home/aditya/Cpps/Dexter/dexter_description'
[0.278s] INFO:colcon.colcon_core.plugin_system:Skipping extension 'colcon_core.shell.bat': Not used on non-Windows systems
[0.278s] DEBUG:colcon.colcon_core.shell:Skip shell extension 'dsv' for command environment
[0.284s] INFO:colcon.colcon_ros.task.ament_cmake.build:Building ROS package in '/home/aditya/Cpps/Dexter/dexter_msgs' with build type 'ament_cmake'
[0.284s] INFO:colcon.colcon_cmake.task.cmake.build:Building CMake package in '/home/aditya/Cpps/Dexter/dexter_msgs'
[0.284s] DEBUG:colcon.colcon_core.shell:Skip shell extension 'dsv' for command environment
[0.290s] DEBUG:colcon.colcon_core.event_handler.log_command:Invoking command in '/home/aditya/Cpps/Dexter/build/dexter_description': CMAKE_PREFIX_PATH=${CMAKE_PREFIX_PATH}:/home/aditya/ros2_ws/install/my_py_pkg:/opt/ros/jazzy DEBUGINFOD_URLS=https://debuginfod.ubuntu.com PS1=\[\e]0;\u@\h: \w\a\]${debian_chroot:+($debian_chroot)}\[\033[01;32m\]\u@\h\[\033[00m\]:\[\033[01;34m\]\w\[\033[00m\]\$ VIRTUAL_ENV_PROMPT=(venv-ardupilot) /usr/bin/cmake --build /home/aditya/Cpps/Dexter/build/dexter_description -- -j28 -l28
[0.296s] DEBUG:colcon.colcon_core.event_handler.log_command:Invoking command in '/home/aditya/Cpps/Dexter/build/dexter_msgs': CMAKE_PREFIX_PATH=${CMAKE_PREFIX_PATH}:/home/aditya/ros2_ws/install/my_py_pkg:/opt/ros/jazzy DEBUGINFOD_URLS=https://debuginfod.ubuntu.com PS1=\[\e]0;\u@\h: \w\a\]${debian_chroot:+($debian_chroot)}\[\033[01;32m\]\u@\h\[\033[00m\]:\[\033[01;34m\]\w\[\033[00m\]\$ VIRTUAL_ENV_PROMPT=(venv-ardupilot) /usr/bin/cmake --build /home/aditya/Cpps/Dexter/build/dexter_msgs -- -j28 -l28
[0.361s] DEBUG:colcon.colcon_core.event_handler.log_command:Invoked command in '/home/aditya/Cpps/Dexter/build/dexter_description' returned '0': CMAKE_PREFIX_PATH=${CMAKE_PREFIX_PATH}:/home/aditya/ros2_ws/install/my_py_pkg:/opt/ros/jazzy DEBUGINFOD_URLS=https://debuginfod.ubuntu.com PS1=\[\e]0;\u@\h: \w\a\]${debian_chroot:+($debian_chroot)}\[\033[01;32m\]\u@\h\[\033[00m\]:\[\033[01;34m\]\w\[\033[00m\]\$ VIRTUAL_ENV_PROMPT=(venv-ardupilot) /usr/bin/cmake --build /home/aditya/Cpps/Dexter/build/dexter_description -- -j28 -l28
[0.369s] DEBUG:colcon.colcon_core.event_handler.log_command:Invoking command in '/home/aditya/Cpps/Dexter/build/dexter_description': CMAKE_PREFIX_PATH=${CMAKE_PREFIX_PATH}:/home/aditya/ros2_ws/install/my_py_pkg:/opt/ros/jazzy DEBUGINFOD_URLS=https://debuginfod.ubuntu.com PS1=\[\e]0;\u@\h: \w\a\]${debian_chroot:+($debian_chroot)}\[\033[01;32m\]\u@\h\[\033[00m\]:\[\033[01;34m\]\w\[\033[00m\]\$ VIRTUAL_ENV_PROMPT=(venv-ardupilot) /usr/bin/cmake --install /home/aditya/Cpps/Dexter/build/dexter_description
[0.385s] Level 1:colcon.colcon_core.environment:create_environment_scripts_only(dexter_description)
[0.386s] DEBUG:colcon.colcon_core.event_handler.log_command:Invoked command in '/home/aditya/Cpps/Dexter/build/dexter_description' returned '0': CMAKE_PREFIX_PATH=${CMAKE_PREFIX_PATH}:/home/aditya/ros2_ws/install/my_py_pkg:/opt/ros/jazzy DEBUGINFOD_URLS=https://debuginfod.ubuntu.com PS1=\[\e]0;\u@\h: \w\a\]${debian_chroot:+($debian_chroot)}\[\033[01;32m\]\u@\h\[\033[00m\]:\[\033[01;34m\]\w\[\033[00m\]\$ VIRTUAL_ENV_PROMPT=(venv-ardupilot) /usr/bin/cmake --install /home/aditya/Cpps/Dexter/build/dexter_description
[0.390s] Level 1:colcon.colcon_core.environment:checking '/home/aditya/Cpps/Dexter/install/dexter_description' for CMake module files
[0.391s] Level 1:colcon.colcon_core.environment:checking '/home/aditya/Cpps/Dexter/install/dexter_description' for CMake config files
[0.391s] Level 1:colcon.colcon_core.shell:create_environment_hook('dexter_description', 'cmake_prefix_path')
[0.391s] INFO:colcon.colcon_core.shell:Creating environment descriptor '/home/aditya/Cpps/Dexter/install/dexter_description/share/dexter_description/hook/cmake_prefix_path.dsv'
[0.392s] INFO:colcon.colcon_core.shell:Creating environment hook '/home/aditya/Cpps/Dexter/install/dexter_description/share/dexter_description/hook/cmake_prefix_path.sh'
[0.393s] Level 1:colcon.colcon_core.environment:checking '/home/aditya/Cpps/Dexter/install/dexter_description/bin'
[0.393s] Level 1:colcon.colcon_core.environment:checking '/home/aditya/Cpps/Dexter/install/dexter_description/lib/pkgconfig/dexter_description.pc'
[0.396s] Level 1:colcon.colcon_core.environment:checking '/home/aditya/Cpps/Dexter/install/dexter_description/lib/python3.12/site-packages'
[0.396s] Level 1:colcon.colcon_core.environment:checking '/home/aditya/Cpps/Dexter/install/dexter_description/bin'
[0.396s] INFO:colcon.colcon_core.shell:Creating package descriptor '/home/aditya/Cpps/Dexter/install/dexter_description/share/dexter_description/package.dsv'
[0.397s] INFO:colcon.colcon_core.shell:Creating package script '/home/aditya/Cpps/Dexter/install/dexter_description/share/dexter_description/package.sh'
[0.397s] INFO:colcon.colcon_core.shell:Creating package script '/home/aditya/Cpps/Dexter/install/dexter_description/share/dexter_description/package.bash'
[0.398s] INFO:colcon.colcon_core.shell:Creating package script '/home/aditya/Cpps/Dexter/install/dexter_description/share/dexter_description/package.zsh'
[0.398s] Level 1:colcon.colcon_core.environment:create_file_with_runtime_dependencies(/home/aditya/Cpps/Dexter/install/dexter_description/share/colcon-core/packages/dexter_description)
[0.398s] Level 1:colcon.colcon_core.environment:create_environment_scripts_only(dexter_description)
[0.398s] Level 1:colcon.colcon_core.environment:checking '/home/aditya/Cpps/Dexter/install/dexter_description' for CMake module files
[0.399s] Level 1:colcon.colcon_core.environment:checking '/home/aditya/Cpps/Dexter/install/dexter_description' for CMake config files
[0.399s] Level 1:colcon.colcon_core.shell:create_environment_hook('dexter_description', 'cmake_prefix_path')
[0.399s] INFO:colcon.colcon_core.shell:Creating environment descriptor '/home/aditya/Cpps/Dexter/install/dexter_description/share/dexter_description/hook/cmake_prefix_path.dsv'
[0.399s] INFO:colcon.colcon_core.shell:Creating environment hook '/home/aditya/Cpps/Dexter/install/dexter_description/share/dexter_description/hook/cmake_prefix_path.sh'
[0.400s] Level 1:colcon.colcon_core.environment:checking '/home/aditya/Cpps/Dexter/install/dexter_description/bin'
[0.400s] Level 1:colcon.colcon_core.environment:checking '/home/aditya/Cpps/Dexter/install/dexter_description/lib/pkgconfig/dexter_description.pc'
[0.400s] Level 1:colcon.colcon_core.environment:checking '/home/aditya/Cpps/Dexter/install/dexter_description/lib/python3.12/site-packages'
[0.400s] Level 1:colcon.colcon_core.environment:checking '/home/aditya/Cpps/Dexter/install/dexter_description/bin'
[0.400s] INFO:colcon.colcon_core.shell:Creating package descriptor '/home/aditya/Cpps/Dexter/install/dexter_description/share/dexter_description/package.dsv'
[0.401s] INFO:colcon.colcon_core.shell:Creating package script '/home/aditya/Cpps/Dexter/install/dexter_description/share/dexter_description/package.sh'
[0.401s] INFO:colcon.colcon_core.shell:Creating package script '/home/aditya/Cpps/Dexter/install/dexter_description/share/dexter_description/package.bash'
[0.401s] INFO:colcon.colcon_core.shell:Creating package script '/home/aditya/Cpps/Dexter/install/dexter_description/share/dexter_description/package.zsh'
[0.401s] Level 1:colcon.colcon_core.environment:create_file_with_runtime_dependencies(/home/aditya/Cpps/Dexter/install/dexter_description/share/colcon-core/packages/dexter_description)
[0.402s] INFO:colcon.colcon_ros.task.ament_cmake.build:Building ROS package in '/home/aditya/Cpps/Dexter/dexter_moveit' with build type 'ament_cmake'
[0.402s] INFO:colcon.colcon_cmake.task.cmake.build:Building CMake package in '/home/aditya/Cpps/Dexter/dexter_moveit'
[0.402s] DEBUG:colcon.colcon_core.shell:Skip shell extension 'dsv' for command environment
[0.405s] INFO:colcon.colcon_ros.task.ament_cmake.build:Building ROS package in '/home/aditya/Cpps/Dexter/dexter_controller' with build type 'ament_cmake'
[0.406s] INFO:colcon.colcon_cmake.task.cmake.build:Building CMake package in '/home/aditya/Cpps/Dexter/dexter_controller'
[0.406s] DEBUG:colcon.colcon_core.shell:Skip shell extension 'dsv' for command environment
[0.411s] DEBUG:colcon.colcon_core.event_handler.log_command:Invoking command in '/home/aditya/Cpps/Dexter/build/dexter_moveit': AMENT_PREFIX_PATH=/home/aditya/Cpps/Dexter/install/dexter_description:${AMENT_PREFIX_PATH} CMAKE_PREFIX_PATH=/home/aditya/Cpps/Dexter/install/dexter_description:/home/aditya/ros2_ws/install/my_robot_bringup:/home/aditya/ros2_ws/install/my_cpp_pkg:/home/aditya/ros2_ws/install/my_robot_interfaces:/opt/ros/jazzy/opt/gz_sim_vendor:/opt/ros/jazzy/opt/gz_sensors_vendor:/opt/ros/jazzy/opt/gz_physics_vendor:/opt/ros/jazzy/opt/sdformat_vendor:/opt/ros/jazzy/opt/gz_gui_vendor:/opt/ros/jazzy/opt/gz_transport_vendor:/opt/ros/jazzy/opt/gz_rendering_vendor:/opt/ros/jazzy/opt/gz_plugin_vendor:/opt/ros/jazzy/opt/gz_fuel_tools_vendor:/opt/ros/jazzy/opt/gz_msgs_vendor:/opt/ros/jazzy/opt/gz_common_vendor:/opt/ros/jazzy/opt/gz_math_vendor:/opt/ros/jazzy/opt/gz_utils_vendor:/opt/ros/jazzy/opt/gz_tools_vendor:/opt/ros/jazzy/opt/gz_ogre_next_vendor:/opt/ros/jazzy/opt/gz_dartsim_vendor:/opt/ros/jazzy/opt/gz_cmake_vendor:/home/aditya/ros2_ws/install/my_py_pkg:/opt/ros/jazzy DEBUGINFOD_URLS=https://debuginfod.ubuntu.com PS1=\[\e]0;\u@\h: \w\a\]${debian_chroot:+($debian_chroot)}\[\033[01;32m\]\u@\h\[\033[00m\]:\[\033[01;34m\]\w\[\033[00m\]\$ VIRTUAL_ENV_PROMPT=(venv-ardupilot) /usr/bin/cmake --build /home/aditya/Cpps/Dexter/build/dexter_moveit -- -j28 -l28
[0.413s] DEBUG:colcon.colcon_core.event_handler.log_command:Invoking command in '/home/aditya/Cpps/Dexter/build/dexter_controller': AMENT_PREFIX_PATH=/home/aditya/Cpps/Dexter/install/dexter_description:${AMENT_PREFIX_PATH} CMAKE_PREFIX_PATH=/home/aditya/Cpps/Dexter/install/dexter_description:/home/aditya/ros2_ws/install/my_robot_bringup:/home/aditya/ros2_ws/install/my_cpp_pkg:/home/aditya/ros2_ws/install/my_robot_interfaces:/opt/ros/jazzy/opt/gz_sim_vendor:/opt/ros/jazzy/opt/gz_sensors_vendor:/opt/ros/jazzy/opt/gz_physics_vendor:/opt/ros/jazzy/opt/sdformat_vendor:/opt/ros/jazzy/opt/gz_gui_vendor:/opt/ros/jazzy/opt/gz_transport_vendor:/opt/ros/jazzy/opt/gz_rendering_vendor:/opt/ros/jazzy/opt/gz_plugin_vendor:/opt/ros/jazzy/opt/gz_fuel_tools_vendor:/opt/ros/jazzy/opt/gz_msgs_vendor:/opt/ros/jazzy/opt/gz_common_vendor:/opt/ros/jazzy/opt/gz_math_vendor:/opt/ros/jazzy/opt/gz_utils_vendor:/opt/ros/jazzy/opt/gz_tools_vendor:/opt/ros/jazzy/opt/gz_ogre_next_vendor:/opt/ros/jazzy/opt/gz_dartsim_vendor:/opt/ros/jazzy/opt/gz_cmake_vendor:/home/aditya/ros2_ws/install/my_py_pkg:/opt/ros/jazzy DEBUGINFOD_URLS=https://debuginfod.ubuntu.com PS1=\[\e]0;\u@\h: \w\a\]${debian_chroot:+($debian_chroot)}\[\033[01;32m\]\u@\h\[\033[00m\]:\[\033[01;34m\]\w\[\033[00m\]\$ VIRTUAL_ENV_PROMPT=(venv-ardupilot) /usr/bin/cmake --build /home/aditya/Cpps/Dexter/build/dexter_controller -- -j28 -l28
[0.461s] DEBUG:colcon.colcon_core.event_handler.log_command:Invoked command in '/home/aditya/Cpps/Dexter/build/dexter_moveit' returned '0': AMENT_PREFIX_PATH=/home/aditya/Cpps/Dexter/install/dexter_description:${AMENT_PREFIX_PATH} CMAKE_PREFIX_PATH=/home/aditya/Cpps/Dexter/install/dexter_description:/home/aditya/ros2_ws/install/my_robot_bringup:/home/aditya/ros2_ws/install/my_cpp_pkg:/home/aditya/ros2_ws/install/my_robot_interfaces:/opt/ros/jazzy/opt/gz_sim_vendor:/opt/ros/jazzy/opt/gz_sensors_vendor:/opt/ros/jazzy/opt/gz_physics_vendor:/opt/ros/jazzy/opt/sdformat_vendor:/opt/ros/jazzy/opt/gz_gui_vendor:/opt/ros/jazzy/opt/gz_transport_vendor:/opt/ros/jazzy/opt/gz_rendering_vendor:/opt/ros/jazzy/opt/gz_plugin_vendor:/opt/ros/jazzy/opt/gz_fuel_tools_vendor:/opt/ros/jazzy/opt/gz_msgs_vendor:/opt/ros/jazzy/opt/gz_common_vendor:/opt/ros/jazzy/opt/gz_math_vendor:/opt/ros/jazzy/opt/gz_utils_vendor:/opt/ros/jazzy/opt/gz_tools_vendor:/opt/ros/jazzy/opt/gz_ogre_next_vendor:/opt/ros/jazzy/opt/gz_dartsim_vendor:/opt/ros/jazzy/opt/gz_cmake_vendor:/home/aditya/ros2_ws/install/my_py_pkg:/opt/ros/jazzy DEBUGINFOD_URLS=https://debuginfod.ubuntu.com PS1=\[\e]0;\u@\h: \w\a\]${debian_chroot:+($debian_chroot)}\[\033[01;32m\]\u@\h\[\033[00m\]:\[\033[01;34m\]\w\[\033[00m\]\$ VIRTUAL_ENV_PROMPT=(venv-ardupilot) /usr/bin/cmake --build /home/aditya/Cpps/Dexter/build/dexter_moveit -- -j28 -l28
[0.463s] DEBUG:colcon.colcon_core.event_handler.log_command:Invoking command in '/home/aditya/Cpps/Dexter/build/dexter_moveit': AMENT_PREFIX_PATH=/home/aditya/Cpps/Dexter/install/dexter_description:${AMENT_PREFIX_PATH} CMAKE_PREFIX_PATH=/home/aditya/Cpps/Dexter/install/dexter_description:/home/aditya/ros2_ws/install/my_robot_bringup:/home/aditya/ros2_ws/install/my_cpp_pkg:/home/aditya/ros2_ws/install/my_robot_interfaces:/opt/ros/jazzy/opt/gz_sim_vendor:/opt/ros/jazzy/opt/gz_sensors_vendor:/opt/ros/jazzy/opt/gz_physics_vendor:/opt/ros/jazzy/opt/sdformat_vendor:/opt/ros/jazzy/opt/gz_gui_vendor:/opt/ros/jazzy/opt/gz_transport_vendor:/opt/ros/jazzy/opt/gz_rendering_vendor:/opt/ros/jazzy/opt/gz_plugin_vendor:/opt/ros/jazzy/opt/gz_fuel_tools_vendor:/opt/ros/jazzy/opt/gz_msgs_vendor:/opt/ros/jazzy/opt/gz_common_vendor:/opt/ros/jazzy/opt/gz_math_vendor:/opt/ros/jazzy/opt/gz_utils_vendor:/opt/ros/jazzy/opt/gz_tools_vendor:/opt/ros/jazzy/opt/gz_ogre_next_vendor:/opt/ros/jazzy/opt/gz_dartsim_vendor:/opt/ros/jazzy/opt/gz_cmake_vendor:/home/aditya/ros2_ws/install/my_py_pkg:/opt/ros/jazzy DEBUGINFOD_URLS=https://debuginfod.ubuntu.com PS1=\[\e]0;\u@\h: \w\a\]${debian_chroot:+($debian_chroot)}\[\033[01;32m\]\u@\h\[\033[00m\]:\[\033[01;34m\]\w\[\033[00m\]\$ VIRTUAL_ENV_PROMPT=(venv-ardupilot) /usr/bin/cmake --install /home/aditya/Cpps/Dexter/build/dexter_moveit
[0.474s] Level 1:colcon.colcon_core.environment:create_environment_scripts_only(dexter_moveit)
[0.475s] DEBUG:colcon.colcon_core.event_handler.log_command:Invoked command in '/home/aditya/Cpps/Dexter/build/dexter_moveit' returned '0': AMENT_PREFIX_PATH=/home/aditya/Cpps/Dexter/install/dexter_description:${AMENT_PREFIX_PATH} CMAKE_PREFIX_PATH=/home/aditya/Cpps/Dexter/install/dexter_description:/home/aditya/ros2_ws/install/my_robot_bringup:/home/aditya/ros2_ws/install/my_cpp_pkg:/home/aditya/ros2_ws/install/my_robot_interfaces:/opt/ros/jazzy/opt/gz_sim_vendor:/opt/ros/jazzy/opt/gz_sensors_vendor:/opt/ros/jazzy/opt/gz_physics_vendor:/opt/ros/jazzy/opt/sdformat_vendor:/opt/ros/jazzy/opt/gz_gui_vendor:/opt/ros/jazzy/opt/gz_transport_vendor:/opt/ros/jazzy/opt/gz_rendering_vendor:/opt/ros/jazzy/opt/gz_plugin_vendor:/opt/ros/jazzy/opt/gz_fuel_tools_vendor:/opt/ros/jazzy/opt/gz_msgs_vendor:/opt/ros/jazzy/opt/gz_common_vendor:/opt/ros/jazzy/opt/gz_math_vendor:/opt/ros/jazzy/opt/gz_utils_vendor:/opt/ros/jazzy/opt/gz_tools_vendor:/opt/ros/jazzy/opt/gz_ogre_next_vendor:/opt/ros/jazzy/opt/gz_dartsim_vendor:/opt/ros/jazzy/opt/gz_cmake_vendor:/home/aditya/ros2_ws/install/my_py_pkg:/opt/ros/jazzy DEBUGINFOD_URLS=https://debuginfod.ubuntu.com PS1=\[\e]0;\u@\h: \w\a\]${debian_chroot:+($debian_chroot)}\[\033[01;32m\]\u@\h\[\033[00m\]:\[\033[01;34m\]\w\[\033[00m\]\$ VIRTUAL_ENV_PROMPT=(venv-ardupilot) /usr/bin/cmake --install /home/aditya/Cpps/Dexter/build/dexter_moveit
[0.475s] Level 1:colcon.colcon_core.environment:checking '/home/aditya/Cpps/Dexter/install/dexter_moveit' for CMake module files
[0.475s] Level 1:colcon.colcon_core.environment:checking '/home/aditya/Cpps/Dexter/install/dexter_moveit' for CMake config files
[0.476s] Level 1:colcon.colcon_core.shell:create_environment_hook('dexter_moveit', 'cmake_prefix_path')
[0.476s] INFO:colcon.colcon_core.shell:Creating environment descriptor '/home/aditya/Cpps/Dexter/install/dexter_moveit/share/dexter_moveit/hook/cmake_prefix_path.dsv'
[0.476s] INFO:colcon.colcon_core.shell:Creating environment hook '/home/aditya/Cpps/Dexter/install/dexter_moveit/share/dexter_moveit/hook/cmake_prefix_path.sh'
[0.477s] Level 1:colcon.colcon_core.environment:checking '/home/aditya/Cpps/Dexter/install/dexter_moveit/bin'
[0.477s] Level 1:colcon.colcon_core.environment:checking '/home/aditya/Cpps/Dexter/install/dexter_moveit/lib/pkgconfig/dexter_moveit.pc'
[0.477s] Level 1:colcon.colcon_core.environment:checking '/home/aditya/Cpps/Dexter/install/dexter_moveit/lib/python3.12/site-packages'
[0.477s] Level 1:colcon.colcon_core.environment:checking '/home/aditya/Cpps/Dexter/install/dexter_moveit/bin'
[0.477s] INFO:colcon.colcon_core.shell:Creating package descriptor '/home/aditya/Cpps/Dexter/install/dexter_moveit/share/dexter_moveit/package.dsv'
[0.478s] INFO:colcon.colcon_core.shell:Creating package script '/home/aditya/Cpps/Dexter/install/dexter_moveit/share/dexter_moveit/package.sh'
[0.478s] INFO:colcon.colcon_core.shell:Creating package script '/home/aditya/Cpps/Dexter/install/dexter_moveit/share/dexter_moveit/package.bash'
[0.479s] INFO:colcon.colcon_core.shell:Creating package script '/home/aditya/Cpps/Dexter/install/dexter_moveit/share/dexter_moveit/package.zsh'
[0.479s] Level 1:colcon.colcon_core.environment:create_file_with_runtime_dependencies(/home/aditya/Cpps/Dexter/install/dexter_moveit/share/colcon-core/packages/dexter_moveit)
[0.480s] Level 1:colcon.colcon_core.environment:create_environment_scripts_only(dexter_moveit)
[0.480s] Level 1:colcon.colcon_core.environment:checking '/home/aditya/Cpps/Dexter/install/dexter_moveit' for CMake module files
[0.481s] Level 1:colcon.colcon_core.environment:checking '/home/aditya/Cpps/Dexter/install/dexter_moveit' for CMake config files
[0.481s] Level 1:colcon.colcon_core.shell:create_environment_hook('dexter_moveit', 'cmake_prefix_path')
[0.481s] INFO:colcon.colcon_core.shell:Creating environment descriptor '/home/aditya/Cpps/Dexter/install/dexter_moveit/share/dexter_moveit/hook/cmake_prefix_path.dsv'
[0.482s] INFO:colcon.colcon_core.shell:Creating environment hook '/home/aditya/Cpps/Dexter/install/dexter_moveit/share/dexter_moveit/hook/cmake_prefix_path.sh'
[0.482s] Level 1:colcon.colcon_core.environment:checking '/home/aditya/Cpps/Dexter/install/dexter_moveit/bin'
[0.482s] Level 1:colcon.colcon_core.environment:checking '/home/aditya/Cpps/Dexter/install/dexter_moveit/lib/pkgconfig/dexter_moveit.pc'
[0.483s] Level 1:colcon.colcon_core.environment:checking '/home/aditya/Cpps/Dexter/install/dexter_moveit/lib/python3.12/site-packages'
[0.483s] Level 1:colcon.colcon_core.environment:checking '/home/aditya/Cpps/Dexter/install/dexter_moveit/bin'
[0.483s] INFO:colcon.colcon_core.shell:Creating package descriptor '/home/aditya/Cpps/Dexter/install/dexter_moveit/share/dexter_moveit/package.dsv'
[0.484s] INFO:colcon.colcon_core.shell:Creating package script '/home/aditya/Cpps/Dexter/install/dexter_moveit/share/dexter_moveit/package.sh'
[0.484s] INFO:colcon.colcon_core.shell:Creating package script '/home/aditya/Cpps/Dexter/install/dexter_moveit/share/dexter_moveit/package.bash'
[0.485s] INFO:colcon.colcon_core.shell:Creating package script '/home/aditya/Cpps/Dexter/install/dexter_moveit/share/dexter_moveit/package.zsh'
[0.485s] Level 1:colcon.colcon_core.environment:create_file_with_runtime_dependencies(/home/aditya/Cpps/Dexter/install/dexter_moveit/share/colcon-core/packages/dexter_moveit)
[0.824s] DEBUG:colcon.colcon_core.event_handler.log_command:Invoked command in '/home/aditya/Cpps/Dexter/build/dexter_msgs' returned '0': CMAKE_PREFIX_PATH=${CMAKE_PREFIX_PATH}:/home/aditya/ros2_ws/install/my_py_pkg:/opt/ros/jazzy DEBUGINFOD_URLS=https://debuginfod.ubuntu.com PS1=\[\e]0;\u@\h: \w\a\]${debian_chroot:+($debian_chroot)}\[\033[01;32m\]\u@\h\[\033[00m\]:\[\033[01;34m\]\w\[\033[00m\]\$ VIRTUAL_ENV_PROMPT=(venv-ardupilot) /usr/bin/cmake --build /home/aditya/Cpps/Dexter/build/dexter_msgs -- -j28 -l28
[0.825s] DEBUG:colcon.colcon_core.event_handler.log_command:Invoking command in '/home/aditya/Cpps/Dexter/build/dexter_msgs': CMAKE_PREFIX_PATH=${CMAKE_PREFIX_PATH}:/home/aditya/ros2_ws/install/my_py_pkg:/opt/ros/jazzy DEBUGINFOD_URLS=https://debuginfod.ubuntu.com PS1=\[\e]0;\u@\h: \w\a\]${debian_chroot:+($debian_chroot)}\[\033[01;32m\]\u@\h\[\033[00m\]:\[\033[01;34m\]\w\[\033[00m\]\$ VIRTUAL_ENV_PROMPT=(venv-ardupilot) /usr/bin/cmake --install /home/aditya/Cpps/Dexter/build/dexter_msgs
[0.901s] Level 1:colcon.colcon_core.environment:create_environment_scripts_only(dexter_msgs)
[0.901s] Level 1:colcon.colcon_core.environment:checking '/home/aditya/Cpps/Dexter/install/dexter_msgs' for CMake module files
[0.902s] DEBUG:colcon.colcon_core.event_handler.log_command:Invoked command in '/home/aditya/Cpps/Dexter/build/dexter_msgs' returned '0': CMAKE_PREFIX_PATH=${CMAKE_PREFIX_PATH}:/home/aditya/ros2_ws/install/my_py_pkg:/opt/ros/jazzy DEBUGINFOD_URLS=https://debuginfod.ubuntu.com PS1=\[\e]0;\u@\h: \w\a\]${debian_chroot:+($debian_chroot)}\[\033[01;32m\]\u@\h\[\033[00m\]:\[\033[01;34m\]\w\[\033[00m\]\$ VIRTUAL_ENV_PROMPT=(venv-ardupilot) /usr/bin/cmake --install /home/aditya/Cpps/Dexter/build/dexter_msgs
[0.902s] Level 1:colcon.colcon_core.environment:checking '/home/aditya/Cpps/Dexter/install/dexter_msgs' for CMake config files
[0.902s] Level 1:colcon.colcon_core.shell:create_environment_hook('dexter_msgs', 'cmake_prefix_path')
[0.903s] INFO:colcon.colcon_core.shell:Creating environment descriptor '/home/aditya/Cpps/Dexter/install/dexter_msgs/share/dexter_msgs/hook/cmake_prefix_path.dsv'
[0.903s] INFO:colcon.colcon_core.shell:Creating environment hook '/home/aditya/Cpps/Dexter/install/dexter_msgs/share/dexter_msgs/hook/cmake_prefix_path.sh'
[0.903s] Level 1:colcon.colcon_core.environment:checking '/home/aditya/Cpps/Dexter/install/dexter_msgs/lib'
[0.904s] Level 1:colcon.colcon_core.shell:create_environment_hook('dexter_msgs', 'ld_library_path_lib')
[0.904s] INFO:colcon.colcon_core.shell:Creating environment descriptor '/home/aditya/Cpps/Dexter/install/dexter_msgs/share/dexter_msgs/hook/ld_library_path_lib.dsv'
[0.904s] INFO:colcon.colcon_core.shell:Creating environment hook '/home/aditya/Cpps/Dexter/install/dexter_msgs/share/dexter_msgs/hook/ld_library_path_lib.sh'
[0.904s] Level 1:colcon.colcon_core.environment:checking '/home/aditya/Cpps/Dexter/install/dexter_msgs/bin'
[0.904s] Level 1:colcon.colcon_core.environment:checking '/home/aditya/Cpps/Dexter/install/dexter_msgs/lib/pkgconfig/dexter_msgs.pc'
[0.905s] Level 1:colcon.colcon_core.environment:checking '/home/aditya/Cpps/Dexter/install/dexter_msgs/lib/python3.12/site-packages'
[0.905s] Level 1:colcon.colcon_core.shell:create_environment_hook('dexter_msgs', 'pythonpath')
[0.905s] INFO:colcon.colcon_core.shell:Creating environment descriptor '/home/aditya/Cpps/Dexter/install/dexter_msgs/share/dexter_msgs/hook/pythonpath.dsv'
[0.905s] INFO:colcon.colcon_core.shell:Creating environment hook '/home/aditya/Cpps/Dexter/install/dexter_msgs/share/dexter_msgs/hook/pythonpath.sh'
[0.906s] Level 1:colcon.colcon_core.environment:checking '/home/aditya/Cpps/Dexter/install/dexter_msgs/bin'
[0.906s] INFO:colcon.colcon_core.shell:Creating package descriptor '/home/aditya/Cpps/Dexter/install/dexter_msgs/share/dexter_msgs/package.dsv'
[0.906s] INFO:colcon.colcon_core.shell:Creating package script '/home/aditya/Cpps/Dexter/install/dexter_msgs/share/dexter_msgs/package.sh'
[0.907s] INFO:colcon.colcon_core.shell:Creating package script '/home/aditya/Cpps/Dexter/install/dexter_msgs/share/dexter_msgs/package.bash'
[0.907s] INFO:colcon.colcon_core.shell:Creating package script '/home/aditya/Cpps/Dexter/install/dexter_msgs/share/dexter_msgs/package.zsh'
[0.907s] Level 1:colcon.colcon_core.environment:create_file_with_runtime_dependencies(/home/aditya/Cpps/Dexter/install/dexter_msgs/share/colcon-core/packages/dexter_msgs)
[0.908s] Level 1:colcon.colcon_core.environment:create_environment_scripts_only(dexter_msgs)
[0.908s] Level 1:colcon.colcon_core.environment:checking '/home/aditya/Cpps/Dexter/install/dexter_msgs' for CMake module files
[0.908s] Level 1:colcon.colcon_core.environment:checking '/home/aditya/Cpps/Dexter/install/dexter_msgs' for CMake config files
[0.909s] Level 1:colcon.colcon_core.shell:create_environment_hook('dexter_msgs', 'cmake_prefix_path')
[0.909s] INFO:colcon.colcon_core.shell:Creating environment descriptor '/home/aditya/Cpps/Dexter/install/dexter_msgs/share/dexter_msgs/hook/cmake_prefix_path.dsv'
[0.909s] INFO:colcon.colcon_core.shell:Creating environment hook '/home/aditya/Cpps/Dexter/install/dexter_msgs/share/dexter_msgs/hook/cmake_prefix_path.sh'
[0.910s] Level 1:colcon.colcon_core.environment:checking '/home/aditya/Cpps/Dexter/install/dexter_msgs/lib'
[0.910s] Level 1:colcon.colcon_core.shell:create_environment_hook('dexter_msgs', 'ld_library_path_lib')
[0.910s] INFO:colcon.colcon_core.shell:Creating environment descriptor '/home/aditya/Cpps/Dexter/install/dexter_msgs/share/dexter_msgs/hook/ld_library_path_lib.dsv'
[0.910s] INFO:colcon.colcon_core.shell:Creating environment hook '/home/aditya/Cpps/Dexter/install/dexter_msgs/share/dexter_msgs/hook/ld_library_path_lib.sh'
[0.910s] Level 1:colcon.colcon_core.environment:checking '/home/aditya/Cpps/Dexter/install/dexter_msgs/bin'
[0.910s] Level 1:colcon.colcon_core.environment:checking '/home/aditya/Cpps/Dexter/install/dexter_msgs/lib/pkgconfig/dexter_msgs.pc'
[0.911s] Level 1:colcon.colcon_core.environment:checking '/home/aditya/Cpps/Dexter/install/dexter_msgs/lib/python3.12/site-packages'
[0.911s] Level 1:colcon.colcon_core.shell:create_environment_hook('dexter_msgs', 'pythonpath')
[0.911s] INFO:colcon.colcon_core.shell:Creating environment descriptor '/home/aditya/Cpps/Dexter/install/dexter_msgs/share/dexter_msgs/hook/pythonpath.dsv'
[0.911s] INFO:colcon.colcon_core.shell:Creating environment hook '/home/aditya/Cpps/Dexter/install/dexter_msgs/share/dexter_msgs/hook/pythonpath.sh'
[0.911s] Level 1:colcon.colcon_core.environment:checking '/home/aditya/Cpps/Dexter/install/dexter_msgs/bin'
[0.912s] INFO:colcon.colcon_core.shell:Creating package descriptor '/home/aditya/Cpps/Dexter/install/dexter_msgs/share/dexter_msgs/package.dsv'
[0.912s] INFO:colcon.colcon_core.shell:Creating package script '/home/aditya/Cpps/Dexter/install/dexter_msgs/share/dexter_msgs/package.sh'
[0.912s] INFO:colcon.colcon_core.shell:Creating package script '/home/aditya/Cpps/Dexter/install/dexter_msgs/share/dexter_msgs/package.bash'
[0.913s] INFO:colcon.colcon_core.shell:Creating package script '/home/aditya/Cpps/Dexter/install/dexter_msgs/share/dexter_msgs/package.zsh'
[0.913s] Level 1:colcon.colcon_core.environment:create_file_with_runtime_dependencies(/home/aditya/Cpps/Dexter/install/dexter_msgs/share/colcon-core/packages/dexter_msgs)
[0.914s] INFO:colcon.colcon_ros.task.ament_python.build:Building ROS package in '/home/aditya/Cpps/Dexter/dexter_inventory' with build type 'ament_python'
[0.914s] Level 1:colcon.colcon_core.shell:create_environment_hook('dexter_inventory', 'ament_prefix_path')
[0.914s] INFO:colcon.colcon_core.shell:Creating environment descriptor '/home/aditya/Cpps/Dexter/install/dexter_inventory/share/dexter_inventory/hook/ament_prefix_path.dsv'
[0.915s] INFO:colcon.colcon_core.shell:Creating environment hook '/home/aditya/Cpps/Dexter/install/dexter_inventory/share/dexter_inventory/hook/ament_prefix_path.sh'
[0.915s] DEBUG:colcon.colcon_core.shell:Skip shell extension 'dsv' for command environment
[0.920s] INFO:colcon.colcon_ros.task.ament_cmake.build:Building ROS package in '/home/aditya/Cpps/Dexter/dexter_utils' with build type 'ament_cmake'
[0.920s] INFO:colcon.colcon_cmake.task.cmake.build:Building CMake package in '/home/aditya/Cpps/Dexter/dexter_utils'
[0.921s] DEBUG:colcon.colcon_core.shell:Skip shell extension 'dsv' for command environment
[0.929s] DEBUG:colcon.colcon_core.event_handler.log_command:Invoked command in '/home/aditya/Cpps/Dexter/build/dexter_controller' returned '0': AMENT_PREFIX_PATH=/home/aditya/Cpps/Dexter/install/dexter_description:${AMENT_PREFIX_PATH} CMAKE_PREFIX_PATH=/home/aditya/Cpps/Dexter/install/dexter_description:/home/aditya/ros2_ws/install/my_robot_bringup:/home/aditya/ros2_ws/install/my_cpp_pkg:/home/aditya/ros2_ws/install/my_robot_interfaces:/opt/ros/jazzy/opt/gz_sim_vendor:/opt/ros/jazzy/opt/gz_sensors_vendor:/opt/ros/jazzy/opt/gz_physics_vendor:/opt/ros/jazzy/opt/sdformat_vendor:/opt/ros/jazzy/opt/gz_gui_vendor:/opt/ros/jazzy/opt/gz_transport_vendor:/opt/ros/jazzy/opt/gz_rendering_vendor:/opt/ros/jazzy/opt/gz_plugin_vendor:/opt/ros/jazzy/opt/gz_fuel_tools_vendor:/opt/ros/jazzy/opt/gz_msgs_vendor:/opt/ros/jazzy/opt/gz_common_vendor:/opt/ros/jazzy/opt/gz_math_vendor:/opt/ros/jazzy/opt/gz_utils_vendor:/opt/ros/jazzy/opt/gz_tools_vendor:/opt/ros/jazzy/opt/gz_ogre_next_vendor:/opt/ros/jazzy/opt/gz_dartsim_vendor:/opt/ros/jazzy/opt/gz_cmake_vendor:/home/aditya/ros2_ws/install/my_py_pkg:/opt/ros/jazzy DEBUGINFOD_URLS=https://debuginfod.ubuntu.com PS1=\[\e]0;\u@\h: \w\a\]${debian_chroot:+($debian_chroot)}\[\033[01;32m\]\u@\h\[\033[00m\]:\[\033[01;34m\]\w\[\033[00m\]\$ VIRTUAL_ENV_PROMPT=(venv-ardupilot) /usr/bin/cmake --build /home/aditya/Cpps/Dexter/build/dexter_controller -- -j28 -l28
[0.931s] DEBUG:colcon.colcon_core.event_handler.log_command:Invoking command in '/home/aditya/Cpps/Dexter/build/dexter_controller': AMENT_PREFIX_PATH=/home/aditya/Cpps/Dexter/install/dexter_description:${AMENT_PREFIX_PATH} CMAKE_PREFIX_PATH=/home/aditya/Cpps/Dexter/install/dexter_description:/home/aditya/ros2_ws/install/my_robot_bringup:/home/aditya/ros2_ws/install/my_cpp_pkg:/home/aditya/ros2_ws/install/my_robot_interfaces:/opt/ros/jazzy/opt/gz_sim_vendor:/opt/ros/jazzy/opt/gz_sensors_vendor:/opt/ros/jazzy/opt/gz_physics_vendor:/opt/ros/jazzy/opt/sdformat_vendor:/opt/ros/jazzy/opt/gz_gui_vendor:/opt/ros/jazzy/opt/gz_transport_vendor:/opt/ros/jazzy/opt/gz_rendering_vendor:/opt/ros/jazzy/opt/gz_plugin_vendor:/opt/ros/jazzy/opt/gz_fuel_tools_vendor:/opt/ros/jazzy/opt/gz_msgs_vendor:/opt/ros/jazzy/opt/gz_common_vendor:/opt/ros/jazzy/opt/gz_math_vendor:/opt/ros/jazzy/opt/gz_utils_vendor:/opt/ros/jazzy/opt/gz_tools_vendor:/opt/ros/jazzy/opt/gz_ogre_next_vendor:/opt/ros/jazzy/opt/gz_dartsim_vendor:/opt/ros/jazzy/opt/gz_cmake_vendor:/home/aditya/ros2_ws/install/my_py_pkg:/opt/ros/jazzy DEBUGINFOD_URLS=https://debuginfod.ubuntu.com PS1=\[\e]0;\u@\h: \w\a\]${debian_chroot:+($debian_chroot)}\[\033[01;32m\]\u@\h\[\033[00m\]:\[\033[01;34m\]\w\[\033[00m\]\$ VIRTUAL_ENV_PROMPT=(venv-ardupilot) /usr/bin/cmake --install /home/aditya/Cpps/Dexter/build/dexter_controller
[1.126s] INFO:colcon.colcon_core.task.python.build:Building Python package in '/home/aditya/Cpps/Dexter/dexter_inventory'
[1.126s] DEBUG:colcon.colcon_core.shell:Skip shell extension 'dsv' for command environment
[1.133s] DEBUG:colcon.colcon_core.event_handler.log_command:Invoking command in '/home/aditya/Cpps/Dexter/build/dexter_utils': AMENT_PREFIX_PATH=/home/aditya/Cpps/Dexter/install/dexter_msgs:${AMENT_PREFIX_PATH} CMAKE_PREFIX_PATH=/home/aditya/Cpps/Dexter/install/dexter_msgs:/home/aditya/ros2_ws/install/my_robot_bringup:/home/aditya/ros2_ws/install/my_cpp_pkg:/home/aditya/ros2_ws/install/my_robot_interfaces:/opt/ros/jazzy/opt/gz_sim_vendor:/opt/ros/jazzy/opt/gz_sensors_vendor:/opt/ros/jazzy/opt/gz_physics_vendor:/opt/ros/jazzy/opt/sdformat_vendor:/opt/ros/jazzy/opt/gz_gui_vendor:/opt/ros/jazzy/opt/gz_transport_vendor:/opt/ros/jazzy/opt/gz_rendering_vendor:/opt/ros/jazzy/opt/gz_plugin_vendor:/opt/ros/jazzy/opt/gz_fuel_tools_vendor:/opt/ros/jazzy/opt/gz_msgs_vendor:/opt/ros/jazzy/opt/gz_common_vendor:/opt/ros/jazzy/opt/gz_math_vendor:/opt/ros/jazzy/opt/gz_utils_vendor:/opt/ros/jazzy/opt/gz_tools_vendor:/opt/ros/jazzy/opt/gz_ogre_next_vendor:/opt/ros/jazzy/opt/gz_dartsim_vendor:/opt/ros/jazzy/opt/gz_cmake_vendor:/home/aditya/ros2_ws/install/my_py_pkg:/opt/ros/jazzy DEBUGINFOD_URLS=https://debuginfod.ubuntu.com LD_LIBRARY_PATH=/home/aditya/Cpps/Dexter/install/dexter_msgs/lib:${LD_LIBRARY_PATH} PS1=\[\e]0;\u@\h: \w\a\]${debian_chroot:+($debian_chroot)}\[\033[01;32m\]\u@\h\[\033[00m\]:\[\033[01;34m\]\w\[\033[00m\]\$ PYTHONPATH=/home/aditya/Cpps/Dexter/install/dexter_msgs/lib/python3.12/site-packages:${PYTHONPATH} VIRTUAL_ENV_PROMPT=(venv-ardupilot) /usr/bin/cmake --build /home/aditya/Cpps/Dexter/build/dexter_utils -- -j28 -l28
[1.134s] Level 1:colcon.colcon_core.environment:create_environment_scripts_only(dexter_controller)
[1.134s] Level 1:colcon.colcon_core.environment:checking '/home/aditya/Cpps/Dexter/install/dexter_controller' for CMake module files
[1.135s] DEBUG:colcon.colcon_core.event_handler.log_command:Invoked command in '/home/aditya/Cpps/Dexter/build/dexter_controller' returned '0': AMENT_PREFIX_PATH=/home/aditya/Cpps/Dexter/install/dexter_description:${AMENT_PREFIX_PATH} CMAKE_PREFIX_PATH=/home/aditya/Cpps/Dexter/install/dexter_description:/home/aditya/ros2_ws/install/my_robot_bringup:/home/aditya/ros2_ws/install/my_cpp_pkg:/home/aditya/ros2_ws/install/my_robot_interfaces:/opt/ros/jazzy/opt/gz_sim_vendor:/opt/ros/jazzy/opt/gz_sensors_vendor:/opt/ros/jazzy/opt/gz_physics_vendor:/opt/ros/jazzy/opt/sdformat_vendor:/opt/ros/jazzy/opt/gz_gui_vendor:/opt/ros/jazzy/opt/gz_transport_vendor:/opt/ros/jazzy/opt/gz_rendering_vendor:/opt/ros/jazzy/opt/gz_plugin_vendor:/opt/ros/jazzy/opt/gz_fuel_tools_vendor:/opt/ros/jazzy/opt/gz_msgs_vendor:/opt/ros/jazzy/opt/gz_common_vendor:/opt/ros/jazzy/opt/gz_math_vendor:/opt/ros/jazzy/opt/gz_utils_vendor:/opt/ros/jazzy/opt/gz_tools_vendor:/opt/ros/jazzy/opt/gz_ogre_next_vendor:/opt/ros/jazzy/opt/gz_dartsim_vendor:/opt/ros/jazzy/opt/gz_cmake_vendor:/home/aditya/ros2_ws/install/my_py_pkg:/opt/ros/jazzy DEBUGINFOD_URLS=https://debuginfod.ubuntu.com PS1=\[\e]0;\u@\h: \w\a\]${debian_chroot:+($debian_chroot)}\[\033[01;32m\]\u@\h\[\033[00m\]:\[\033[01;34m\]\w\[\033[00m\]\$ VIRTUAL_ENV_PROMPT=(venv-ardupilot) /usr/bin/cmake --install /home/aditya/Cpps/Dexter/build/dexter_controller
[1.135s] Level 1:colcon.colcon_core.environment:checking '/home/aditya/Cpps/Dexter/install/dexter_controller' for CMake config files
[1.136s] Level 1:colcon.colcon_core.shell:create_environment_hook('dexter_controller', 'cmake_prefix_path')
[1.136s] INFO:colcon.colcon_core.shell:Creating environment descriptor '/home/aditya/Cpps/Dexter/install/dexter_controller/share/dexter_controller/hook/cmake_prefix_path.dsv'
[1.136s] INFO:colcon.colcon_core.shell:Creating environment hook '/home/aditya/Cpps/Dexter/install/dexter_controller/share/dexter_controller/hook/cmake_prefix_path.sh'
[1.137s] Level 1:colcon.colcon_core.environment:checking '/home/aditya/Cpps/Dexter/install/dexter_controller/lib'
[1.137s] Level 1:colcon.colcon_core.shell:create_environment_hook('dexter_controller', 'ld_library_path_lib')
[1.137s] INFO:colcon.colcon_core.shell:Creating environment descriptor '/home/aditya/Cpps/Dexter/install/dexter_controller/share/dexter_controller/hook/ld_library_path_lib.dsv'
[1.137s] INFO:colcon.colcon_core.shell:Creating environment hook '/home/aditya/Cpps/Dexter/install/dexter_controller/share/dexter_controller/hook/ld_library_path_lib.sh'
[1.138s] Level 1:colcon.colcon_core.environment:checking '/home/aditya/Cpps/Dexter/install/dexter_controller/bin'
[1.138s] Level 1:colcon.colcon_core.environment:checking '/home/aditya/Cpps/Dexter/install/dexter_controller/lib/pkgconfig/dexter_controller.pc'
[1.138s] Level 1:colcon.colcon_core.environment:checking '/home/aditya/Cpps/Dexter/install/dexter_controller/lib/python3.12/site-packages'
[1.138s] Level 1:colcon.colcon_core.shell:create_environment_hook('dexter_controller', 'pythonpath')
[1.138s] INFO:colcon.colcon_core.shell:Creating environment descriptor '/home/aditya/Cpps/Dexter/install/dexter_controller/share/dexter_controller/hook/pythonpath.dsv'
[1.139s] INFO:colcon.colcon_core.shell:Creating environment hook '/home/aditya/Cpps/Dexter/install/dexter_controller/share/dexter_controller/hook/pythonpath.sh'
[1.139s] Level 1:colcon.colcon_core.environment:checking '/home/aditya/Cpps/Dexter/install/dexter_controller/bin'
[1.139s] INFO:colcon.colcon_core.shell:Creating package descriptor '/home/aditya/Cpps/Dexter/install/dexter_controller/share/dexter_controller/package.dsv'
[1.140s] INFO:colcon.colcon_core.shell:Creating package script '/home/aditya/Cpps/Dexter/install/dexter_controller/share/dexter_controller/package.sh'
[1.140s] INFO:colcon.colcon_core.shell:Creating package script '/home/aditya/Cpps/Dexter/install/dexter_controller/share/dexter_controller/package.bash'
[1.140s] INFO:colcon.colcon_core.shell:Creating package script '/home/aditya/Cpps/Dexter/install/dexter_controller/share/dexter_controller/package.zsh'
[1.141s] Level 1:colcon.colcon_core.environment:create_file_with_runtime_dependencies(/home/aditya/Cpps/Dexter/install/dexter_controller/share/colcon-core/packages/dexter_controller)
[1.141s] Level 1:colcon.colcon_core.environment:create_environment_scripts_only(dexter_controller)
[1.141s] Level 1:colcon.colcon_core.environment:checking '/home/aditya/Cpps/Dexter/install/dexter_controller' for CMake module files
[1.141s] Level 1:colcon.colcon_core.environment:checking '/home/aditya/Cpps/Dexter/install/dexter_controller' for CMake config files
[1.142s] Level 1:colcon.colcon_core.shell:create_environment_hook('dexter_controller', 'cmake_prefix_path')
[1.142s] INFO:colcon.colcon_core.shell:Creating environment descriptor '/home/aditya/Cpps/Dexter/install/dexter_controller/share/dexter_controller/hook/cmake_prefix_path.dsv'
[1.142s] INFO:colcon.colcon_core.shell:Creating environment hook '/home/aditya/Cpps/Dexter/install/dexter_controller/share/dexter_controller/hook/cmake_prefix_path.sh'
[1.143s] Level 1:colcon.colcon_core.environment:checking '/home/aditya/Cpps/Dexter/install/dexter_controller/lib'
[1.143s] Level 1:colcon.colcon_core.shell:create_environment_hook('dexter_controller', 'ld_library_path_lib')
[1.143s] INFO:colcon.colcon_core.shell:Creating environment descriptor '/home/aditya/Cpps/Dexter/install/dexter_controller/share/dexter_controller/hook/ld_library_path_lib.dsv'
[1.143s] INFO:colcon.colcon_core.shell:Creating environment hook '/home/aditya/Cpps/Dexter/install/dexter_controller/share/dexter_controller/hook/ld_library_path_lib.sh'
[1.143s] Level 1:colcon.colcon_core.environment:checking '/home/aditya/Cpps/Dexter/install/dexter_controller/bin'
[1.143s] Level 1:colcon.colcon_core.environment:checking '/home/aditya/Cpps/Dexter/install/dexter_controller/lib/pkgconfig/dexter_controller.pc'
[1.144s] Level 1:colcon.colcon_core.environment:checking '/home/aditya/Cpps/Dexter/install/dexter_controller/lib/python3.12/site-packages'
[1.144s] Level 1:colcon.colcon_core.shell:create_environment_hook('dexter_controller', 'pythonpath')
[1.144s] INFO:colcon.colcon_core.shell:Creating environment descriptor '/home/aditya/Cpps/Dexter/install/dexter_controller/share/dexter_controller/hook/pythonpath.dsv'
[1.144s] INFO:colcon.colcon_core.shell:Creating environment hook '/home/aditya/Cpps/Dexter/install/dexter_controller/share/dexter_controller/hook/pythonpath.sh'
[1.145s] Level 1:colcon.colcon_core.environment:checking '/home/aditya/Cpps/Dexter/install/dexter_controller/bin'
[1.145s] INFO:colcon.colcon_core.shell:Creating package descriptor '/home/aditya/Cpps/Dexter/install/dexter_controller/share/dexter_controller/package.dsv'
[1.146s] INFO:colcon.colcon_core.shell:Creating package script '/home/aditya/Cpps/Dexter/install/dexter_controller/share/dexter_controller/package.sh'
[1.146s] INFO:colcon.colcon_core.shell:Creating package script '/home/aditya/Cpps/Dexter/install/dexter_controller/share/dexter_controller/package.bash'
[1.146s] INFO:colcon.colcon_core.shell:Creating package script '/home/aditya/Cpps/Dexter/install/dexter_controller/share/dexter_controller/package.zsh'
[1.147s] Level 1:colcon.colcon_core.environment:create_file_with_runtime_dependencies(/home/aditya/Cpps/Dexter/install/dexter_controller/share/colcon-core/packages/dexter_controller)
[1.719s] DEBUG:colcon.colcon_core.event_handler.log_command:Invoked command in '/home/aditya/Cpps/Dexter/build/dexter_utils' returned '0': AMENT_PREFIX_PATH=/home/aditya/Cpps/Dexter/install/dexter_msgs:${AMENT_PREFIX_PATH} CMAKE_PREFIX_PATH=/home/aditya/Cpps/Dexter/install/dexter_msgs:/home/aditya/ros2_ws/install/my_robot_bringup:/home/aditya/ros2_ws/install/my_cpp_pkg:/home/aditya/ros2_ws/install/my_robot_interfaces:/opt/ros/jazzy/opt/gz_sim_vendor:/opt/ros/jazzy/opt/gz_sensors_vendor:/opt/ros/jazzy/opt/gz_physics_vendor:/opt/ros/jazzy/opt/sdformat_vendor:/opt/ros/jazzy/opt/gz_gui_vendor:/opt/ros/jazzy/opt/gz_transport_vendor:/opt/ros/jazzy/opt/gz_rendering_vendor:/opt/ros/jazzy/opt/gz_plugin_vendor:/opt/ros/jazzy/opt/gz_fuel_tools_vendor:/opt/ros/jazzy/opt/gz_msgs_vendor:/opt/ros/jazzy/opt/gz_common_vendor:/opt/ros/jazzy/opt/gz_math_vendor:/opt/ros/jazzy/opt/gz_utils_vendor:/opt/ros/jazzy/opt/gz_tools_vendor:/opt/ros/jazzy/opt/gz_ogre_next_vendor:/opt/ros/jazzy/opt/gz_dartsim_vendor:/opt/ros/jazzy/opt/gz_cmake_vendor:/home/aditya/ros2_ws/install/my_py_pkg:/opt/ros/jazzy DEBUGINFOD_URLS=https://debuginfod.ubuntu.com LD_LIBRARY_PATH=/home/aditya/Cpps/Dexter/install/dexter_msgs/lib:${LD_LIBRARY_PATH} PS1=\[\e]0;\u@\h: \w\a\]${debian_chroot:+($debian_chroot)}\[\033[01;32m\]\u@\h\[\033[00m\]:\[\033[01;34m\]\w\[\033[00m\]\$ PYTHONPATH=/home/aditya/Cpps/Dexter/install/dexter_msgs/lib/python3.12/site-packages:${PYTHONPATH} VIRTUAL_ENV_PROMPT=(venv-ardupilot) /usr/bin/cmake --build /home/aditya/Cpps/Dexter/build/dexter_utils -- -j28 -l28
[1.720s] DEBUG:colcon.colcon_core.event_handler.log_command:Invoking command in '/home/aditya/Cpps/Dexter/build/dexter_utils': AMENT_PREFIX_PATH=/home/aditya/Cpps/Dexter/install/dexter_msgs:${AMENT_PREFIX_PATH} CMAKE_PREFIX_PATH=/home/aditya/Cpps/Dexter/install/dexter_msgs:/home/aditya/ros2_ws/install/my_robot_bringup:/home/aditya/ros2_ws/install/my_cpp_pkg:/home/aditya/ros2_ws/install/my_robot_interfaces:/opt/ros/jazzy/opt/gz_sim_vendor:/opt/ros/jazzy/opt/gz_sensors_vendor:/opt/ros/jazzy/opt/gz_physics_vendor:/opt/ros/jazzy/opt/sdformat_vendor:/opt/ros/jazzy/opt/gz_gui_vendor:/opt/ros/jazzy/opt/gz_transport_vendor:/opt/ros/jazzy/opt/gz_rendering_vendor:/opt/ros/jazzy/opt/gz_plugin_vendor:/opt/ros/jazzy/opt/gz_fuel_tools_vendor:/opt/ros/jazzy/opt/gz_msgs_vendor:/opt/ros/jazzy/opt/gz_common_vendor:/opt/ros/jazzy/opt/gz_math_vendor:/opt/ros/jazzy/opt/gz_utils_vendor:/opt/ros/jazzy/opt/gz_tools_vendor:/opt/ros/jazzy/opt/gz_ogre_next_vendor:/opt/ros/jazzy/opt/gz_dartsim_vendor:/opt/ros/jazzy/opt/gz_cmake_vendor:/home/aditya/ros2_ws/install/my_py_pkg:/opt/ros/jazzy DEBUGINFOD_URLS=https://debuginfod.ubuntu.com LD_LIBRARY_PATH=/home/aditya/Cpps/Dexter/install/dexter_msgs/lib:${LD_LIBRARY_PATH} PS1=\[\e]0;\u@\h: \w\a\]${debian_chroot:+($debian_chroot)}\[\033[01;32m\]\u@\h\[\033[00m\]:\[\033[01;34m\]\w\[\033[00m\]\$ PYTHONPATH=/home/aditya/Cpps/Dexter/install/dexter_msgs/lib/python3.12/site-packages:${PYTHONPATH} VIRTUAL_ENV_PROMPT=(venv-ardupilot) /usr/bin/cmake --install /home/aditya/Cpps/Dexter/build/dexter_utils
[1.791s] Level 1:colcon.colcon_core.environment:create_environment_scripts_only(dexter_utils)
[1.792s] Level 1:colcon.colcon_core.environment:checking '/home/aditya/Cpps/Dexter/install/dexter_utils' for CMake module files
[1.793s] DEBUG:colcon.colcon_core.event_handler.log_command:Invoked command in '/home/aditya/Cpps/Dexter/build/dexter_utils' returned '0': AMENT_PREFIX_PATH=/home/aditya/Cpps/Dexter/install/dexter_msgs:${AMENT_PREFIX_PATH} CMAKE_PREFIX_PATH=/home/aditya/Cpps/Dexter/install/dexter_msgs:/home/aditya/ros2_ws/install/my_robot_bringup:/home/aditya/ros2_ws/install/my_cpp_pkg:/home/aditya/ros2_ws/install/my_robot_interfaces:/opt/ros/jazzy/opt/gz_sim_vendor:/opt/ros/jazzy/opt/gz_sensors_vendor:/opt/ros/jazzy/opt/gz_physics_vendor:/opt/ros/jazzy/opt/sdformat_vendor:/opt/ros/jazzy/opt/gz_gui_vendor:/opt/ros/jazzy/opt/gz_transport_vendor:/opt/ros/jazzy/opt/gz_rendering_vendor:/opt/ros/jazzy/opt/gz_plugin_vendor:/opt/ros/jazzy/opt/gz_fuel_tools_vendor:/opt/ros/jazzy/opt/gz_msgs_vendor:/opt/ros/jazzy/opt/gz_common_vendor:/opt/ros/jazzy/opt/gz_math_vendor:/opt/ros/jazzy/opt/gz_utils_vendor:/opt/ros/jazzy/opt/gz_tools_vendor:/opt/ros/jazzy/opt/gz_ogre_next_vendor:/opt/ros/jazzy/opt/gz_dartsim_vendor:/opt/ros/jazzy/opt/gz_cmake_vendor:/home/aditya/ros2_ws/install/my_py_pkg:/opt/ros/jazzy DEBUGINFOD_URLS=https://debuginfod.ubuntu.com LD_LIBRARY_PATH=/home/aditya/Cpps/Dexter/install/dexter_msgs/lib:${LD_LIBRARY_PATH} PS1=\[\e]0;\u@\h: \w\a\]${debian_chroot:+($debian_chroot)}\[\033[01;32m\]\u@\h\[\033[00m\]:\[\033[01;34m\]\w\[\033[00m\]\$ PYTHONPATH=/home/aditya/Cpps/Dexter/install/dexter_msgs/lib/python3.12/site-packages:${PYTHONPATH} VIRTUAL_ENV_PROMPT=(venv-ardupilot) /usr/bin/cmake --install /home/aditya/Cpps/Dexter/build/dexter_utils
[1.793s] Level 1:colcon.colcon_core.environment:checking '/home/aditya/Cpps/Dexter/install/dexter_utils' for CMake config files
[1.793s] Level 1:colcon.colcon_core.shell:create_environment_hook('dexter_utils', 'cmake_prefix_path')
[1.793s] INFO:colcon.colcon_core.shell:Creating environment descriptor '/home/aditya/Cpps/Dexter/install/dexter_utils/share/dexter_utils/hook/cmake_prefix_path.dsv'
[1.794s] INFO:colcon.colcon_core.shell:Creating environment hook '/home/aditya/Cpps/Dexter/install/dexter_utils/share/dexter_utils/hook/cmake_prefix_path.sh'
[1.794s] Level 1:colcon.colcon_core.environment:checking '/home/aditya/Cpps/Dexter/install/dexter_utils/lib'
[1.794s] Level 1:colcon.colcon_core.environment:checking '/home/aditya/Cpps/Dexter/install/dexter_utils/bin'
[1.794s] Level 1:colcon.colcon_core.environment:checking '/home/aditya/Cpps/Dexter/install/dexter_utils/lib/pkgconfig/dexter_utils.pc'
[1.795s] Level 1:colcon.colcon_core.environment:checking '/home/aditya/Cpps/Dexter/install/dexter_utils/lib/python3.12/site-packages'
[1.795s] Level 1:colcon.colcon_core.shell:create_environment_hook('dexter_utils', 'pythonpath')
[1.795s] INFO:colcon.colcon_core.shell:Creating environment descriptor '/home/aditya/Cpps/Dexter/install/dexter_utils/share/dexter_utils/hook/pythonpath.dsv'
[1.795s] INFO:colcon.colcon_core.shell:Creating environment hook '/home/aditya/Cpps/Dexter/install/dexter_utils/share/dexter_utils/hook/pythonpath.sh'
[1.796s] Level 1:colcon.colcon_core.environment:checking '/home/aditya/Cpps/Dexter/install/dexter_utils/bin'
[1.796s] INFO:colcon.colcon_core.shell:Creating package descriptor '/home/aditya/Cpps/Dexter/install/dexter_utils/share/dexter_utils/package.dsv'
[1.796s] INFO:colcon.colcon_core.shell:Creating package script '/home/aditya/Cpps/Dexter/install/dexter_utils/share/dexter_utils/package.sh'
[1.797s] INFO:colcon.colcon_core.shell:Creating package script '/home/aditya/Cpps/Dexter/install/dexter_utils/share/dexter_utils/package.bash'
[1.797s] INFO:colcon.colcon_core.shell:Creating package script '/home/aditya/Cpps/Dexter/install/dexter_utils/share/dexter_utils/package.zsh'
[1.797s] Level 1:colcon.colcon_core.environment:create_file_with_runtime_dependencies(/home/aditya/Cpps/Dexter/install/dexter_utils/share/colcon-core/packages/dexter_utils)
[1.798s] Level 1:colcon.colcon_core.environment:create_environment_scripts_only(dexter_utils)
[1.798s] Level 1:colcon.colcon_core.environment:checking '/home/aditya/Cpps/Dexter/install/dexter_utils' for CMake module files
[1.798s] Level 1:colcon.colcon_core.environment:checking '/home/aditya/Cpps/Dexter/install/dexter_utils' for CMake config files
[1.799s] Level 1:colcon.colcon_core.shell:create_environment_hook('dexter_utils', 'cmake_prefix_path')
[1.799s] INFO:colcon.colcon_core.shell:Creating environment descriptor '/home/aditya/Cpps/Dexter/install/dexter_utils/share/dexter_utils/hook/cmake_prefix_path.dsv'
[1.799s] INFO:colcon.colcon_core.shell:Creating environment hook '/home/aditya/Cpps/Dexter/install/dexter_utils/share/dexter_utils/hook/cmake_prefix_path.sh'
[1.800s] Level 1:colcon.colcon_core.environment:checking '/home/aditya/Cpps/Dexter/install/dexter_utils/lib'
[1.800s] Level 1:colcon.colcon_core.environment:checking '/home/aditya/Cpps/Dexter/install/dexter_utils/bin'
[1.800s] Level 1:colcon.colcon_core.environment:checking '/home/aditya/Cpps/Dexter/install/dexter_utils/lib/pkgconfig/dexter_utils.pc'
[1.800s] Level 1:colcon.colcon_core.environment:checking '/home/aditya/Cpps/Dexter/install/dexter_utils/lib/python3.12/site-packages'
[1.800s] Level 1:colcon.colcon_core.shell:create_environment_hook('dexter_utils', 'pythonpath')
[1.800s] INFO:colcon.colcon_core.shell:Creating environment descriptor '/home/aditya/Cpps/Dexter/install/dexter_utils/share/dexter_utils/hook/pythonpath.dsv'
[1.801s] INFO:colcon.colcon_core.shell:Creating environment hook '/home/aditya/Cpps/Dexter/install/dexter_utils/share/dexter_utils/hook/pythonpath.sh'
[1.801s] Level 1:colcon.colcon_core.environment:checking '/home/aditya/Cpps/Dexter/install/dexter_utils/bin'
[1.802s] INFO:colcon.colcon_core.shell:Creating package descriptor '/home/aditya/Cpps/Dexter/install/dexter_utils/share/dexter_utils/package.dsv'
[1.802s] INFO:colcon.colcon_core.shell:Creating package script '/home/aditya/Cpps/Dexter/install/dexter_utils/share/dexter_utils/package.sh'
[1.802s] INFO:colcon.colcon_core.shell:Creating package script '/home/aditya/Cpps/Dexter/install/dexter_utils/share/dexter_utils/package.bash'
[1.803s] INFO:colcon.colcon_core.shell:Creating package script '/home/aditya/Cpps/Dexter/install/dexter_utils/share/dexter_utils/package.zsh'
[1.803s] Level 1:colcon.colcon_core.environment:create_file_with_runtime_dependencies(/home/aditya/Cpps/Dexter/install/dexter_utils/share/colcon-core/packages/dexter_utils)
[1.970s] DEBUG:colcon.colcon_core.event_handler.log_command:Invoking command in '/home/aditya/Cpps/Dexter/dexter_inventory': AMENT_PREFIX_PATH=/home/aditya/Cpps/Dexter/install/dexter_moveit:/home/aditya/Cpps/Dexter/install/dexter_msgs:/home/aditya/Cpps/Dexter/install/dexter_description:${AMENT_PREFIX_PATH} CMAKE_PREFIX_PATH=/home/aditya/Cpps/Dexter/install/dexter_moveit:/home/aditya/Cpps/Dexter/install/dexter_msgs:/home/aditya/Cpps/Dexter/install/dexter_description:${CMAKE_PREFIX_PATH} DEBUGINFOD_URLS=https://debuginfod.ubuntu.com LD_LIBRARY_PATH=/home/aditya/Cpps/Dexter/install/dexter_msgs/lib:${LD_LIBRARY_PATH} PS1=\[\e]0;\u@\h: \w\a\]${debian_chroot:+($debian_chroot)}\[\033[01;32m\]\u@\h\[\033[00m\]:\[\033[01;34m\]\w\[\033[00m\]\$ PYTHONPATH=/home/aditya/Cpps/Dexter/build/dexter_inventory/prefix_override:/usr/lib/python3/dist-packages/colcon_core/task/python/colcon_distutils_commands:/home/aditya/Cpps/Dexter/install/dexter_inventory/lib/python3.12/site-packages:/home/aditya/Cpps/Dexter/install/dexter_msgs/lib/python3.12/site-packages:${PYTHONPATH} VIRTUAL_ENV_PROMPT=(venv-ardupilot) /usr/bin/python3 -W ignore:setup.py install is deprecated -W ignore:easy_install command is deprecated setup.py egg_info --egg-base ../build/dexter_inventory build --build-base /home/aditya/Cpps/Dexter/build/dexter_inventory/build install --record /home/aditya/Cpps/Dexter/build/dexter_inventory/install.log --single-version-externally-managed install_data
[2.501s] Level 1:colcon.colcon_core.environment:checking '/home/aditya/Cpps/Dexter/install/dexter_inventory' for CMake module files
[2.502s] DEBUG:colcon.colcon_core.event_handler.log_command:Invoked command in '/home/aditya/Cpps/Dexter/dexter_inventory' returned '0': AMENT_PREFIX_PATH=/home/aditya/Cpps/Dexter/install/dexter_moveit:/home/aditya/Cpps/Dexter/install/dexter_msgs:/home/aditya/Cpps/Dexter/install/dexter_description:${AMENT_PREFIX_PATH} CMAKE_PREFIX_PATH=/home/aditya/Cpps/Dexter/install/dexter_moveit:/home/aditya/Cpps/Dexter/install/dexter_msgs:/home/aditya/Cpps/Dexter/install/dexter_description:${CMAKE_PREFIX_PATH} DEBUGINFOD_URLS=https://debuginfod.ubuntu.com LD_LIBRARY_PATH=/home/aditya/Cpps/Dexter/install/dexter_msgs/lib:${LD_LIBRARY_PATH} PS1=\[\e]0;\u@\h: \w\a\]${debian_chroot:+($debian_chroot)}\[\033[01;32m\]\u@\h\[\033[00m\]:\[\033[01;34m\]\w\[\033[00m\]\$ PYTHONPATH=/home/aditya/Cpps/Dexter/build/dexter_inventory/prefix_override:/usr/lib/python3/dist-packages/colcon_core/task/python/colcon_distutils_commands:/home/aditya/Cpps/Dexter/install/dexter_inventory/lib/python3.12/site-packages:/home/aditya/Cpps/Dexter/install/dexter_msgs/lib/python3.12/site-packages:${PYTHONPATH} VIRTUAL_ENV_PROMPT=(venv-ardupilot) /usr/bin/python3 -W ignore:setup.py install is deprecated -W ignore:easy_install command is deprecated setup.py egg_info --egg-base ../build/dexter_inventory build --build-base /home/aditya/Cpps/Dexter/build/dexter_inventory/build install --record /home/aditya/Cpps/Dexter/build/dexter_inventory/install.log --single-version-externally-managed install_data
[2.502s] Level 1:colcon.colcon_core.environment:checking '/home/aditya/Cpps/Dexter/install/dexter_inventory' for CMake config files
[2.503s] Level 1:colcon.colcon_core.environment:checking '/home/aditya/Cpps/Dexter/install/dexter_inventory/lib'
[2.503s] Level 1:colcon.colcon_core.environment:checking '/home/aditya/Cpps/Dexter/install/dexter_inventory/bin'
[2.503s] Level 1:colcon.colcon_core.environment:checking '/home/aditya/Cpps/Dexter/install/dexter_inventory/lib/pkgconfig/dexter_inventory.pc'
[2.503s] Level 1:colcon.colcon_core.environment:checking '/home/aditya/Cpps/Dexter/install/dexter_inventory/lib/python3.12/site-packages'
[2.504s] Level 1:colcon.colcon_core.shell:create_environment_hook('dexter_inventory', 'pythonpath')
[2.504s] INFO:colcon.colcon_core.shell:Creating environment descriptor '/home/aditya/Cpps/Dexter/install/dexter_inventory/share/dexter_inventory/hook/pythonpath.dsv'
[2.504s] INFO:colcon.colcon_core.shell:Creating environment hook '/home/aditya/Cpps/Dexter/install/dexter_inventory/share/dexter_inventory/hook/pythonpath.sh'
[2.505s] Level 1:colcon.colcon_core.environment:checking '/home/aditya/Cpps/Dexter/install/dexter_inventory/bin'
[2.505s] Level 1:colcon.colcon_core.environment:create_environment_scripts_only(dexter_inventory)
[2.506s] INFO:colcon.colcon_core.shell:Creating package descriptor '/home/aditya/Cpps/Dexter/install/dexter_inventory/share/dexter_inventory/package.dsv'
[2.506s] INFO:colcon.colcon_core.shell:Creating package script '/home/aditya/Cpps/Dexter/install/dexter_inventory/share/dexter_inventory/package.sh'
[2.506s] INFO:colcon.colcon_core.shell:Creating package script '/home/aditya/Cpps/Dexter/install/dexter_inventory/share/dexter_inventory/package.bash'
[2.507s] INFO:colcon.colcon_core.shell:Creating package script '/home/aditya/Cpps/Dexter/install/dexter_inventory/share/dexter_inventory/package.zsh'
[2.507s] Level 1:colcon.colcon_core.environment:create_file_with_runtime_dependencies(/home/aditya/Cpps/Dexter/install/dexter_inventory/share/colcon-core/packages/dexter_inventory)
[2.507s] INFO:colcon.colcon_ros.task.ament_cmake.build:Building ROS package in '/home/aditya/Cpps/Dexter/dexter_remote' with build type 'ament_cmake'
[2.507s] INFO:colcon.colcon_cmake.task.cmake.build:Building CMake package in '/home/aditya/Cpps/Dexter/dexter_remote'
[2.507s] DEBUG:colcon.colcon_core.shell:Skip shell extension 'dsv' for command environment
[2.526s] DEBUG:colcon.colcon_core.event_handler.log_command:Invoking command in '/home/aditya/Cpps/Dexter/build/dexter_remote': AMENT_PREFIX_PATH=/home/aditya/Cpps/Dexter/install/dexter_inventory:/home/aditya/Cpps/Dexter/install/dexter_moveit:/home/aditya/Cpps/Dexter/install/dexter_msgs:/home/aditya/Cpps/Dexter/install/dexter_description:${AMENT_PREFIX_PATH} CMAKE_PREFIX_PATH=/home/aditya/Cpps/Dexter/install/dexter_moveit:/home/aditya/Cpps/Dexter/install/dexter_msgs:/home/aditya/Cpps/Dexter/install/dexter_description:/home/aditya/ros2_ws/install/my_robot_bringup:/home/aditya/ros2_ws/install/my_cpp_pkg:/home/aditya/ros2_ws/install/my_robot_interfaces:/opt/ros/jazzy/opt/gz_sim_vendor:/opt/ros/jazzy/opt/gz_sensors_vendor:/opt/ros/jazzy/opt/gz_physics_vendor:/opt/ros/jazzy/opt/sdformat_vendor:/opt/ros/jazzy/opt/gz_gui_vendor:/opt/ros/jazzy/opt/gz_transport_vendor:/opt/ros/jazzy/opt/gz_rendering_vendor:/opt/ros/jazzy/opt/gz_plugin_vendor:/opt/ros/jazzy/opt/gz_fuel_tools_vendor:/opt/ros/jazzy/opt/gz_msgs_vendor:/opt/ros/jazzy/opt/gz_common_vendor:/opt/ros/jazzy/opt/gz_math_vendor:/opt/ros/jazzy/opt/gz_utils_vendor:/opt/ros/jazzy/opt/gz_tools_vendor:/opt/ros/jazzy/opt/gz_ogre_next_vendor:/opt/ros/jazzy/opt/gz_dartsim_vendor:/opt/ros/jazzy/opt/gz_cmake_vendor:/home/aditya/ros2_ws/install/my_py_pkg:/opt/ros/jazzy DEBUGINFOD_URLS=https://debuginfod.ubuntu.com LD_LIBRARY_PATH=/home/aditya/Cpps/Dexter/install/dexter_msgs/lib:${LD_LIBRARY_PATH} PS1=\[\e]0;\u@\h: \w\a\]${debian_chroot:+($debian_chroot)}\[\033[01;32m\]\u@\h\[\033[00m\]:\[\033[01;34m\]\w\[\033[00m\]\$ PYTHONPATH=/home/aditya/Cpps/Dexter/install/dexter_inventory/lib/python3.12/site-packages:/home/aditya/Cpps/Dexter/install/dexter_msgs/lib/python3.12/site-packages:${PYTHONPATH} VIRTUAL_ENV_PROMPT=(venv-ardupilot) /usr/bin/cmake --build /home/aditya/Cpps/Dexter/build/dexter_remote -- -j28 -l28
[4.617s] DEBUG:colcon.colcon_core.event_handler.log_command:Invoked command in '/home/aditya/Cpps/Dexter/build/dexter_remote' returned '0': AMENT_PREFIX_PATH=/home/aditya/Cpps/Dexter/install/dexter_inventory:/home/aditya/Cpps/Dexter/install/dexter_moveit:/home/aditya/Cpps/Dexter/install/dexter_msgs:/home/aditya/Cpps/Dexter/install/dexter_description:${AMENT_PREFIX_PATH} CMAKE_PREFIX_PATH=/home/aditya/Cpps/Dexter/install/dexter_moveit:/home/aditya/Cpps/Dexter/install/dexter_msgs:/home/aditya/Cpps/Dexter/install/dexter_description:/home/aditya/ros2_ws/install/my_robot_bringup:/home/aditya/ros2_ws/install/my_cpp_pkg:/home/aditya/ros2_ws/install/my_robot_interfaces:/opt/ros/jazzy/opt/gz_sim_vendor:/opt/ros/jazzy/opt/gz_sensors_vendor:/opt/ros/jazzy/opt/gz_physics_vendor:/opt/ros/jazzy/opt/sdformat_vendor:/opt/ros/jazzy/opt/gz_gui_vendor:/opt/ros/jazzy/opt/gz_transport_vendor:/opt/ros/jazzy/opt/gz_rendering_vendor:/opt/ros/jazzy/opt/gz_plugin_vendor:/opt/ros/jazzy/opt/gz_fuel_tools_vendor:/opt/ros/jazzy/opt/gz_msgs_vendor:/opt/ros/jazzy/opt/gz_common_vendor:/opt/ros/jazzy/opt/gz_math_vendor:/opt/ros/jazzy/opt/gz_utils_vendor:/opt/ros/jazzy/opt/gz_tools_vendor:/opt/ros/jazzy/opt/gz_ogre_next_vendor:/opt/ros/jazzy/opt/gz_dartsim_vendor:/opt/ros/jazzy/opt/gz_cmake_vendor:/home/aditya/ros2_ws/install/my_py_pkg:/opt/ros/jazzy DEBUGINFOD_URLS=https://debuginfod.ubuntu.com LD_LIBRARY_PATH=/home/aditya/Cpps/Dexter/install/dexter_msgs/lib:${LD_LIBRARY_PATH} PS1=\[\e]0;\u@\h: \w\a\]${debian_chroot:+($debian_chroot)}\[\033[01;32m\]\u@\h\[\033[00m\]:\[\033[01;34m\]\w\[\033[00m\]\$ PYTHONPATH=/home/aditya/Cpps/Dexter/install/dexter_inventory/lib/python3.12/site-packages:/home/aditya/Cpps/Dexter/install/dexter_msgs/lib/python3.12/site-packages:${PYTHONPATH} VIRTUAL_ENV_PROMPT=(venv-ardupilot) /usr/bin/cmake --build /home/aditya/Cpps/Dexter/build/dexter_remote -- -j28 -l28
[4.618s] DEBUG:colcon.colcon_core.event_handler.log_command:Invoking command in '/home/aditya/Cpps/Dexter/build/dexter_remote': AMENT_PREFIX_PATH=/home/aditya/Cpps/Dexter/install/dexter_inventory:/home/aditya/Cpps/Dexter/install/dexter_moveit:/home/aditya/Cpps/Dexter/install/dexter_msgs:/home/aditya/Cpps/Dexter/install/dexter_description:${AMENT_PREFIX_PATH} CMAKE_PREFIX_PATH=/home/aditya/Cpps/Dexter/install/dexter_moveit:/home/aditya/Cpps/Dexter/install/dexter_msgs:/home/aditya/Cpps/Dexter/install/dexter_description:/home/aditya/ros2_ws/install/my_robot_bringup:/home/aditya/ros2_ws/install/my_cpp_pkg:/home/aditya/ros2_ws/install/my_robot_interfaces:/opt/ros/jazzy/opt/gz_sim_vendor:/opt/ros/jazzy/opt/gz_sensors_vendor:/opt/ros/jazzy/opt/gz_physics_vendor:/opt/ros/jazzy/opt/sdformat_vendor:/opt/ros/jazzy/opt/gz_gui_vendor:/opt/ros/jazzy/opt/gz_transport_vendor:/opt/ros/jazzy/opt/gz_rendering_vendor:/opt/ros/jazzy/opt/gz_plugin_vendor:/opt/ros/jazzy/opt/gz_fuel_tools_vendor:/opt/ros/jazzy/opt/gz_msgs_vendor:/opt/ros/jazzy/opt/gz_common_vendor:/opt/ros/jazzy/opt/gz_math_vendor:/opt/ros/jazzy/opt/gz_utils_vendor:/opt/ros/jazzy/opt/gz_tools_vendor:/opt/ros/jazzy/opt/gz_ogre_next_vendor:/opt/ros/jazzy/opt/gz_dartsim_vendor:/opt/ros/jazzy/opt/gz_cmake_vendor:/home/aditya/ros2_ws/install/my_py_pkg:/opt/ros/jazzy DEBUGINFOD_URLS=https://debuginfod.ubuntu.com LD_LIBRARY_PATH=/home/aditya/Cpps/Dexter/install/dexter_msgs/lib:${LD_LIBRARY_PATH} PS1=\[\e]0;\u@\h: \w\a\]${debian_chroot:+($debian_chroot)}\[\033[01;32m\]\u@\h\[\033[00m\]:\[\033[01;34m\]\w\[\033[00m\]\$ PYTHONPATH=/home/aditya/Cpps/Dexter/install/dexter_inventory/lib/python3.12/site-packages:/home/aditya/Cpps/Dexter/install/dexter_msgs/lib/python3.12/site-packages:${PYTHONPATH} VIRTUAL_ENV_PROMPT=(venv-ardupilot) /usr/bin/cmake --install /home/aditya/Cpps/Dexter/build/dexter_remote
[4.676s] Level 1:colcon.colcon_core.environment:create_environment_scripts_only(dexter_remote)
[4.676s] DEBUG:colcon.colcon_core.event_handler.log_command:Invoked command in '/home/aditya/Cpps/Dexter/build/dexter_remote' returned '0': AMENT_PREFIX_PATH=/home/aditya/Cpps/Dexter/install/dexter_inventory:/home/aditya/Cpps/Dexter/install/dexter_moveit:/home/aditya/Cpps/Dexter/install/dexter_msgs:/home/aditya/Cpps/Dexter/install/dexter_description:${AMENT_PREFIX_PATH} CMAKE_PREFIX_PATH=/home/aditya/Cpps/Dexter/install/dexter_moveit:/home/aditya/Cpps/Dexter/install/dexter_msgs:/home/aditya/Cpps/Dexter/install/dexter_description:/home/aditya/ros2_ws/install/my_robot_bringup:/home/aditya/ros2_ws/install/my_cpp_pkg:/home/aditya/ros2_ws/install/my_robot_interfaces:/opt/ros/jazzy/opt/gz_sim_vendor:/opt/ros/jazzy/opt/gz_sensors_vendor:/opt/ros/jazzy/opt/gz_physics_vendor:/opt/ros/jazzy/opt/sdformat_vendor:/opt/ros/jazzy/opt/gz_gui_vendor:/opt/ros/jazzy/opt/gz_transport_vendor:/opt/ros/jazzy/opt/gz_rendering_vendor:/opt/ros/jazzy/opt/gz_plugin_vendor:/opt/ros/jazzy/opt/gz_fuel_tools_vendor:/opt/ros/jazzy/opt/gz_msgs_vendor:/opt/ros/jazzy/opt/gz_common_vendor:/opt/ros/jazzy/opt/gz_math_vendor:/opt/ros/jazzy/opt/gz_utils_vendor:/opt/ros/jazzy/opt/gz_tools_vendor:/opt/ros/jazzy/opt/gz_ogre_next_vendor:/opt/ros/jazzy/opt/gz_dartsim_vendor:/opt/ros/jazzy/opt/gz_cmake_vendor:/home/aditya/ros2_ws/install/my_py_pkg:/opt/ros/jazzy DEBUGINFOD_URLS=https://debuginfod.ubuntu.com LD_LIBRARY_PATH=/home/aditya/Cpps/Dexter/install/dexter_msgs/lib:${LD_LIBRARY_PATH} PS1=\[\e]0;\u@\h: \w\a\]${debian_chroot:+($debian_chroot)}\[\033[01;32m\]\u@\h\[\033[00m\]:\[\033[01;34m\]\w\[\033[00m\]\$ PYTHONPATH=/home/aditya/Cpps/Dexter/install/dexter_inventory/lib/python3.12/site-packages:/home/aditya/Cpps/Dexter/install/dexter_msgs/lib/python3.12/site-packages:${PYTHONPATH} VIRTUAL_ENV_PROMPT=(venv-ardupilot) /usr/bin/cmake --install /home/aditya/Cpps/Dexter/build/dexter_remote
[4.677s] Level 1:colcon.colcon_core.environment:checking '/home/aditya/Cpps/Dexter/install/dexter_remote' for CMake module files
[4.677s] Level 1:colcon.colcon_core.environment:checking '/home/aditya/Cpps/Dexter/install/dexter_remote' for CMake config files
[4.678s] Level 1:colcon.colcon_core.shell:create_environment_hook('dexter_remote', 'cmake_prefix_path')
[4.678s] INFO:colcon.colcon_core.shell:Creating environment descriptor '/home/aditya/Cpps/Dexter/install/dexter_remote/share/dexter_remote/hook/cmake_prefix_path.dsv'
[4.679s] INFO:colcon.colcon_core.shell:Creating environment hook '/home/aditya/Cpps/Dexter/install/dexter_remote/share/dexter_remote/hook/cmake_prefix_path.sh'
[4.679s] Level 1:colcon.colcon_core.environment:checking '/home/aditya/Cpps/Dexter/install/dexter_remote/lib'
[4.680s] Level 1:colcon.colcon_core.shell:create_environment_hook('dexter_remote', 'ld_library_path_lib')
[4.680s] INFO:colcon.colcon_core.shell:Creating environment descriptor '/home/aditya/Cpps/Dexter/install/dexter_remote/share/dexter_remote/hook/ld_library_path_lib.dsv'
[4.680s] INFO:colcon.colcon_core.shell:Creating environment hook '/home/aditya/Cpps/Dexter/install/dexter_remote/share/dexter_remote/hook/ld_library_path_lib.sh'
[4.680s] Level 1:colcon.colcon_core.environment:checking '/home/aditya/Cpps/Dexter/install/dexter_remote/bin'
[4.680s] Level 1:colcon.colcon_core.environment:checking '/home/aditya/Cpps/Dexter/install/dexter_remote/lib/pkgconfig/dexter_remote.pc'
[4.681s] Level 1:colcon.colcon_core.environment:checking '/home/aditya/Cpps/Dexter/install/dexter_remote/lib/python3.12/site-packages'
[4.681s] Level 1:colcon.colcon_core.shell:create_environment_hook('dexter_remote', 'pythonpath')
[4.681s] INFO:colcon.colcon_core.shell:Creating environment descriptor '/home/aditya/Cpps/Dexter/install/dexter_remote/share/dexter_remote/hook/pythonpath.dsv'
[4.681s] INFO:colcon.colcon_core.shell:Creating environment hook '/home/aditya/Cpps/Dexter/install/dexter_remote/share/dexter_remote/hook/pythonpath.sh'
[4.682s] Level 1:colcon.colcon_core.environment:checking '/home/aditya/Cpps/Dexter/install/dexter_remote/bin'
[4.682s] INFO:colcon.colcon_core.shell:Creating package descriptor '/home/aditya/Cpps/Dexter/install/dexter_remote/share/dexter_remote/package.dsv'
[4.682s] INFO:colcon.colcon_core.shell:Creating package script '/home/aditya/Cpps/Dexter/install/dexter_remote/share/dexter_remote/package.sh'
[4.682s] INFO:colcon.colcon_core.shell:Creating package script '/home/aditya/Cpps/Dexter/install/dexter_remote/share/dexter_remote/package.bash'
[4.682s] INFO:colcon.colcon_core.shell:Creating package script '/home/aditya/Cpps/Dexter/install/dexter_remote/share/dexter_remote/package.zsh'
[4.683s] Level 1:colcon.colcon_core.environment:create_file_with_runtime_dependencies(/home/aditya/Cpps/Dexter/install/dexter_remote/share/colcon-core/packages/dexter_remote)
[4.683s] Level 1:colcon.colcon_core.environment:create_environment_scripts_only(dexter_remote)
[4.683s] Level 1:colcon.colcon_core.environment:checking '/home/aditya/Cpps/Dexter/install/dexter_remote' for CMake module files
[4.683s] Level 1:colcon.colcon_core.environment:checking '/home/aditya/Cpps/Dexter/install/dexter_remote' for CMake config files
[4.683s] Level 1:colcon.colcon_core.shell:create_environment_hook('dexter_remote', 'cmake_prefix_path')
[4.684s] INFO:colcon.colcon_core.shell:Creating environment descriptor '/home/aditya/Cpps/Dexter/install/dexter_remote/share/dexter_remote/hook/cmake_prefix_path.dsv'
[4.684s] INFO:colcon.colcon_core.shell:Creating environment hook '/home/aditya/Cpps/Dexter/install/dexter_remote/share/dexter_remote/hook/cmake_prefix_path.sh'
[4.684s] Level 1:colcon.colcon_core.environment:checking '/home/aditya/Cpps/Dexter/install/dexter_remote/lib'
[4.684s] Level 1:colcon.colcon_core.shell:create_environment_hook('dexter_remote', 'ld_library_path_lib')
[4.684s] INFO:colcon.colcon_core.shell:Creating environment descriptor '/home/aditya/Cpps/Dexter/install/dexter_remote/share/dexter_remote/hook/ld_library_path_lib.dsv'
[4.684s] INFO:colcon.colcon_core.shell:Creating environment hook '/home/aditya/Cpps/Dexter/install/dexter_remote/share/dexter_remote/hook/ld_library_path_lib.sh'
[4.685s] Level 1:colcon.colcon_core.environment:checking '/home/aditya/Cpps/Dexter/install/dexter_remote/bin'
[4.685s] Level 1:colcon.colcon_core.environment:checking '/home/aditya/Cpps/Dexter/install/dexter_remote/lib/pkgconfig/dexter_remote.pc'
[4.685s] Level 1:colcon.colcon_core.environment:checking '/home/aditya/Cpps/Dexter/install/dexter_remote/lib/python3.12/site-packages'
[4.685s] Level 1:colcon.colcon_core.shell:create_environment_hook('dexter_remote', 'pythonpath')
[4.685s] INFO:colcon.colcon_core.shell:Creating environment descriptor '/home/aditya/Cpps/Dexter/install/dexter_remote/share/dexter_remote/hook/pythonpath.dsv'
[4.685s] INFO:colcon.colcon_core.shell:Creating environment hook '/home/aditya/Cpps/Dexter/install/dexter_remote/share/dexter_remote/hook/pythonpath.sh'
[4.686s] Level 1:colcon.colcon_core.environment:checking '/home/aditya/Cpps/Dexter/install/dexter_remote/bin'
[4.686s] INFO:colcon.colcon_core.shell:Creating package descriptor '/home/aditya/Cpps/Dexter/install/dexter_remote/share/dexter_remote/package.dsv'
[4.686s] INFO:colcon.colcon_core.shell:Creating package script '/home/aditya/Cpps/Dexter/install/dexter_remote/share/dexter_remote/package.sh'
[4.687s] INFO:colcon.colcon_core.shell:Creating package script '/home/aditya/Cpps/Dexter/install/dexter_remote/share/dexter_remote/package.bash'
[4.687s] INFO:colcon.colcon_core.shell:Creating package script '/home/aditya/Cpps/Dexter/install/dexter_remote/share/dexter_remote/package.zsh'
[4.687s] Level 1:colcon.colcon_core.environment:create_file_with_runtime_dependencies(/home/aditya/Cpps/Dexter/install/dexter_remote/share/colcon-core/packages/dexter_remote)
[4.687s] INFO:colcon.colcon_ros.task.ament_cmake.build:Building ROS package in '/home/aditya/Cpps/Dexter/dexter_bringup' with build type 'ament_cmake'
[4.687s] INFO:colcon.colcon_cmake.task.cmake.build:Building CMake package in '/home/aditya/Cpps/Dexter/dexter_bringup'
[4.687s] DEBUG:colcon.colcon_core.shell:Skip shell extension 'dsv' for command environment
[4.706s] DEBUG:colcon.colcon_core.event_handler.log_command:Invoking command in '/home/aditya/Cpps/Dexter/build/dexter_bringup': AMENT_PREFIX_PATH=/home/aditya/Cpps/Dexter/install/dexter_remote:/home/aditya/Cpps/Dexter/install/dexter_inventory:/home/aditya/Cpps/Dexter/install/dexter_moveit:/home/aditya/Cpps/Dexter/install/dexter_controller:/home/aditya/Cpps/Dexter/install/dexter_msgs:/home/aditya/Cpps/Dexter/install/dexter_description:${AMENT_PREFIX_PATH} CMAKE_PREFIX_PATH=/home/aditya/Cpps/Dexter/install/dexter_remote:/home/aditya/Cpps/Dexter/install/dexter_moveit:/home/aditya/Cpps/Dexter/install/dexter_controller:/home/aditya/Cpps/Dexter/install/dexter_msgs:/home/aditya/Cpps/Dexter/install/dexter_description:/home/aditya/ros2_ws/install/my_robot_bringup:/home/aditya/ros2_ws/install/my_cpp_pkg:/home/aditya/ros2_ws/install/my_robot_interfaces:/opt/ros/jazzy/opt/gz_sim_vendor:/opt/ros/jazzy/opt/gz_sensors_vendor:/opt/ros/jazzy/opt/gz_physics_vendor:/opt/ros/jazzy/opt/sdformat_vendor:/opt/ros/jazzy/opt/gz_gui_vendor:/opt/ros/jazzy/opt/gz_transport_vendor:/opt/ros/jazzy/opt/gz_rendering_vendor:/opt/ros/jazzy/opt/gz_plugin_vendor:/opt/ros/jazzy/opt/gz_fuel_tools_vendor:/opt/ros/jazzy/opt/gz_msgs_vendor:/opt/ros/jazzy/opt/gz_common_vendor:/opt/ros/jazzy/opt/gz_math_vendor:/opt/ros/jazzy/opt/gz_utils_vendor:/opt/ros/jazzy/opt/gz_tools_vendor:/opt/ros/jazzy/opt/gz_ogre_next_vendor:/opt/ros/jazzy/opt/gz_dartsim_vendor:/opt/ros/jazzy/opt/gz_cmake_vendor:/home/aditya/ros2_ws/install/my_py_pkg:/opt/ros/jazzy DEBUGINFOD_URLS=https://debuginfod.ubuntu.com LD_LIBRARY_PATH=/home/aditya/Cpps/Dexter/install/dexter_remote/lib:/home/aditya/Cpps/Dexter/install/dexter_controller/lib:/home/aditya/Cpps/Dexter/install/dexter_msgs/lib:${LD_LIBRARY_PATH} PS1=\[\e]0;\u@\h: \w\a\]${debian_chroot:+($debian_chroot)}\[\033[01;32m\]\u@\h\[\033[00m\]:\[\033[01;34m\]\w\[\033[00m\]\$ PYTHONPATH=/home/aditya/Cpps/Dexter/install/dexter_remote/lib/python3.12/site-packages:/home/aditya/Cpps/Dexter/install/dexter_inventory/lib/python3.12/site-packages:/home/aditya/Cpps/Dexter/install/dexter_controller/lib/python3.12/site-packages:/home/aditya/Cpps/Dexter/install/dexter_msgs/lib/python3.12/site-packages:${PYTHONPATH} VIRTUAL_ENV_PROMPT=(venv-ardupilot) /usr/bin/cmake --build /home/aditya/Cpps/Dexter/build/dexter_bringup -- -j28 -l28
[4.746s] DEBUG:colcon.colcon_core.event_handler.log_command:Invoked command in '/home/aditya/Cpps/Dexter/build/dexter_bringup' returned '0': AMENT_PREFIX_PATH=/home/aditya/Cpps/Dexter/install/dexter_remote:/home/aditya/Cpps/Dexter/install/dexter_inventory:/home/aditya/Cpps/Dexter/install/dexter_moveit:/home/aditya/Cpps/Dexter/install/dexter_controller:/home/aditya/Cpps/Dexter/install/dexter_msgs:/home/aditya/Cpps/Dexter/install/dexter_description:${AMENT_PREFIX_PATH} CMAKE_PREFIX_PATH=/home/aditya/Cpps/Dexter/install/dexter_remote:/home/aditya/Cpps/Dexter/install/dexter_moveit:/home/aditya/Cpps/Dexter/install/dexter_controller:/home/aditya/Cpps/Dexter/install/dexter_msgs:/home/aditya/Cpps/Dexter/install/dexter_description:/home/aditya/ros2_ws/install/my_robot_bringup:/home/aditya/ros2_ws/install/my_cpp_pkg:/home/aditya/ros2_ws/install/my_robot_interfaces:/opt/ros/jazzy/opt/gz_sim_vendor:/opt/ros/jazzy/opt/gz_sensors_vendor:/opt/ros/jazzy/opt/gz_physics_vendor:/opt/ros/jazzy/opt/sdformat_vendor:/opt/ros/jazzy/opt/gz_gui_vendor:/opt/ros/jazzy/opt/gz_transport_vendor:/opt/ros/jazzy/opt/gz_rendering_vendor:/opt/ros/jazzy/opt/gz_plugin_vendor:/opt/ros/jazzy/opt/gz_fuel_tools_vendor:/opt/ros/jazzy/opt/gz_msgs_vendor:/opt/ros/jazzy/opt/gz_common_vendor:/opt/ros/jazzy/opt/gz_math_vendor:/opt/ros/jazzy/opt/gz_utils_vendor:/opt/ros/jazzy/opt/gz_tools_vendor:/opt/ros/jazzy/opt/gz_ogre_next_vendor:/opt/ros/jazzy/opt/gz_dartsim_vendor:/opt/ros/jazzy/opt/gz_cmake_vendor:/home/aditya/ros2_ws/install/my_py_pkg:/opt/ros/jazzy DEBUGINFOD_URLS=https://debuginfod.ubuntu.com LD_LIBRARY_PATH=/home/aditya/Cpps/Dexter/install/dexter_remote/lib:/home/aditya/Cpps/Dexter/install/dexter_controller/lib:/home/aditya/Cpps/Dexter/install/dexter_msgs/lib:${LD_LIBRARY_PATH} PS1=\[\e]0;\u@\h: \w\a\]${debian_chroot:+($debian_chroot)}\[\033[01;32m\]\u@\h\[\033[00m\]:\[\033[01;34m\]\w\[\033[00m\]\$ PYTHONPATH=/home/aditya/Cpps/Dexter/install/dexter_remote/lib/python3.12/site-packages:/home/aditya/Cpps/Dexter/install/dexter_inventory/lib/python3.12/site-packages:/home/aditya/Cpps/Dexter/install/dexter_controller/lib/python3.12/site-packages:/home/aditya/Cpps/Dexter/install/dexter_msgs/lib/python3.12/site-packages:${PYTHONPATH} VIRTUAL_ENV_PROMPT=(venv-ardupilot) /usr/bin/cmake --build /home/aditya/Cpps/Dexter/build/dexter_bringup -- -j28 -l28
[4.747s] DEBUG:colcon.colcon_core.event_handler.log_command:Invoking command in '/home/aditya/Cpps/Dexter/build/dexter_bringup': AMENT_PREFIX_PATH=/home/aditya/Cpps/Dexter/install/dexter_remote:/home/aditya/Cpps/Dexter/install/dexter_inventory:/home/aditya/Cpps/Dexter/install/dexter_moveit:/home/aditya/Cpps/Dexter/install/dexter_controller:/home/aditya/Cpps/Dexter/install/dexter_msgs:/home/aditya/Cpps/Dexter/install/dexter_description:${AMENT_PREFIX_PATH} CMAKE_PREFIX_PATH=/home/aditya/Cpps/Dexter/install/dexter_remote:/home/aditya/Cpps/Dexter/install/dexter_moveit:/home/aditya/Cpps/Dexter/install/dexter_controller:/home/aditya/Cpps/Dexter/install/dexter_msgs:/home/aditya/Cpps/Dexter/install/dexter_description:/home/aditya/ros2_ws/install/my_robot_bringup:/home/aditya/ros2_ws/install/my_cpp_pkg:/home/aditya/ros2_ws/install/my_robot_interfaces:/opt/ros/jazzy/opt/gz_sim_vendor:/opt/ros/jazzy/opt/gz_sensors_vendor:/opt/ros/jazzy/opt/gz_physics_vendor:/opt/ros/jazzy/opt/sdformat_vendor:/opt/ros/jazzy/opt/gz_gui_vendor:/opt/ros/jazzy/opt/gz_transport_vendor:/opt/ros/jazzy/opt/gz_rendering_vendor:/opt/ros/jazzy/opt/gz_plugin_vendor:/opt/ros/jazzy/opt/gz_fuel_tools_vendor:/opt/ros/jazzy/opt/gz_msgs_vendor:/opt/ros/jazzy/opt/gz_common_vendor:/opt/ros/jazzy/opt/gz_math_vendor:/opt/ros/jazzy/opt/gz_utils_vendor:/opt/ros/jazzy/opt/gz_tools_vendor:/opt/ros/jazzy/opt/gz_ogre_next_vendor:/opt/ros/jazzy/opt/gz_dartsim_vendor:/opt/ros/jazzy/opt/gz_cmake_vendor:/home/aditya/ros2_ws/install/my_py_pkg:/opt/ros/jazzy DEBUGINFOD_URLS=https://debuginfod.ubuntu.com LD_LIBRARY_PATH=/home/aditya/Cpps/Dexter/install/dexter_remote/lib:/home/aditya/Cpps/Dexter/install/dexter_controller/lib:/home/aditya/Cpps/Dexter/install/dexter_msgs/lib:${LD_LIBRARY_PATH} PS1=\[\e]0;\u@\h: \w\a\]${debian_chroot:+($debian_chroot)}\[\033[01;32m\]\u@\h\[\033[00m\]:\[\033[01;34m\]\w\[\033[00m\]\$ PYTHONPATH=/home/aditya/Cpps/Dexter/install/dexter_remote/lib/python3.12/site-packages:/home/aditya/Cpps/Dexter/install/dexter_inventory/lib/python3.12/site-packages:/home/aditya/Cpps/Dexter/install/dexter_controller/lib/python3.12/site-packages:/home/aditya/Cpps/Dexter/install/dexter_msgs/lib/python3.12/site-packages:${PYTHONPATH} VIRTUAL_ENV_PROMPT=(venv-ardupilot) /usr/bin/cmake --install /home/aditya/Cpps/Dexter/build/dexter_bringup
[4.758s] Level 1:colcon.colcon_core.environment:create_environment_scripts_only(dexter_bringup)
[4.758s] Level 1:colcon.colcon_core.environment:checking '/home/aditya/Cpps/Dexter/install/dexter_bringup' for CMake module files
[4.758s] DEBUG:colcon.colcon_core.event_handler.log_command:Invoked command in '/home/aditya/Cpps/Dexter/build/dexter_bringup' returned '0': AMENT_PREFIX_PATH=/home/aditya/Cpps/Dexter/install/dexter_remote:/home/aditya/Cpps/Dexter/install/dexter_inventory:/home/aditya/Cpps/Dexter/install/dexter_moveit:/home/aditya/Cpps/Dexter/install/dexter_controller:/home/aditya/Cpps/Dexter/install/dexter_msgs:/home/aditya/Cpps/Dexter/install/dexter_description:${AMENT_PREFIX_PATH} CMAKE_PREFIX_PATH=/home/aditya/Cpps/Dexter/install/dexter_remote:/home/aditya/Cpps/Dexter/install/dexter_moveit:/home/aditya/Cpps/Dexter/install/dexter_controller:/home/aditya/Cpps/Dexter/install/dexter_msgs:/home/aditya/Cpps/Dexter/install/dexter_description:/home/aditya/ros2_ws/install/my_robot_bringup:/home/aditya/ros2_ws/install/my_cpp_pkg:/home/aditya/ros2_ws/install/my_robot_interfaces:/opt/ros/jazzy/opt/gz_sim_vendor:/opt/ros/jazzy/opt/gz_sensors_vendor:/opt/ros/jazzy/opt/gz_physics_vendor:/opt/ros/jazzy/opt/sdformat_vendor:/opt/ros/jazzy/opt/gz_gui_vendor:/opt/ros/jazzy/opt/gz_transport_vendor:/opt/ros/jazzy/opt/gz_rendering_vendor:/opt/ros/jazzy/opt/gz_plugin_vendor:/opt/ros/jazzy/opt/gz_fuel_tools_vendor:/opt/ros/jazzy/opt/gz_msgs_vendor:/opt/ros/jazzy/opt/gz_common_vendor:/opt/ros/jazzy/opt/gz_math_vendor:/opt/ros/jazzy/opt/gz_utils_vendor:/opt/ros/jazzy/opt/gz_tools_vendor:/opt/ros/jazzy/opt/gz_ogre_next_vendor:/opt/ros/jazzy/opt/gz_dartsim_vendor:/opt/ros/jazzy/opt/gz_cmake_vendor:/home/aditya/ros2_ws/install/my_py_pkg:/opt/ros/jazzy DEBUGINFOD_URLS=https://debuginfod.ubuntu.com LD_LIBRARY_PATH=/home/aditya/Cpps/Dexter/install/dexter_remote/lib:/home/aditya/Cpps/Dexter/install/dexter_controller/lib:/home/aditya/Cpps/Dexter/install/dexter_msgs/lib:${LD_LIBRARY_PATH} PS1=\[\e]0;\u@\h: \w\a\]${debian_chroot:+($debian_chroot)}\[\033[01;32m\]\u@\h\[\033[00m\]:\[\033[01;34m\]\w\[\033[00m\]\$ PYTHONPATH=/home/aditya/Cpps/Dexter/install/dexter_remote/lib/python3.12/site-packages:/home/aditya/Cpps/Dexter/install/dexter_inventory/lib/python3.12/site-packages:/home/aditya/Cpps/Dexter/install/dexter_controller/lib/python3.12/site-packages:/home/aditya/Cpps/Dexter/install/dexter_msgs/lib/python3.12/site-packages:${PYTHONPATH} VIRTUAL_ENV_PROMPT=(venv-ardupilot) /usr/bin/cmake --install /home/aditya/Cpps/Dexter/build/dexter_bringup
[4.758s] Level 1:colcon.colcon_core.environment:checking '/home/aditya/Cpps/Dexter/install/dexter_bringup' for CMake config files
[4.759s] Level 1:colcon.colcon_core.shell:create_environment_hook('dexter_bringup', 'cmake_prefix_path')
[4.759s] INFO:colcon.colcon_core.shell:Creating environment descriptor '/home/aditya/Cpps/Dexter/install/dexter_bringup/share/dexter_bringup/hook/cmake_prefix_path.dsv'
[4.759s] INFO:colcon.colcon_core.shell:Creating environment hook '/home/aditya/Cpps/Dexter/install/dexter_bringup/share/dexter_bringup/hook/cmake_prefix_path.sh'
[4.759s] Level 1:colcon.colcon_core.environment:checking '/home/aditya/Cpps/Dexter/install/dexter_bringup/bin'
[4.759s] Level 1:colcon.colcon_core.environment:checking '/home/aditya/Cpps/Dexter/install/dexter_bringup/lib/pkgconfig/dexter_bringup.pc'
[4.759s] Level 1:colcon.colcon_core.environment:checking '/home/aditya/Cpps/Dexter/install/dexter_bringup/lib/python3.12/site-packages'
[4.760s] Level 1:colcon.colcon_core.environment:checking '/home/aditya/Cpps/Dexter/install/dexter_bringup/bin'
[4.760s] INFO:colcon.colcon_core.shell:Creating package descriptor '/home/aditya/Cpps/Dexter/install/dexter_bringup/share/dexter_bringup/package.dsv'
[4.760s] INFO:colcon.colcon_core.shell:Creating package script '/home/aditya/Cpps/Dexter/install/dexter_bringup/share/dexter_bringup/package.sh'
[4.760s] INFO:colcon.colcon_core.shell:Creating package script '/home/aditya/Cpps/Dexter/install/dexter_bringup/share/dexter_bringup/package.bash'
[4.760s] INFO:colcon.colcon_core.shell:Creating package script '/home/aditya/Cpps/Dexter/install/dexter_bringup/share/dexter_bringup/package.zsh'
[4.761s] Level 1:colcon.colcon_core.environment:create_file_with_runtime_dependencies(/home/aditya/Cpps/Dexter/install/dexter_bringup/share/colcon-core/packages/dexter_bringup)
[4.761s] Level 1:colcon.colcon_core.environment:create_environment_scripts_only(dexter_bringup)
[4.761s] Level 1:colcon.colcon_core.environment:checking '/home/aditya/Cpps/Dexter/install/dexter_bringup' for CMake module files
[4.761s] Level 1:colcon.colcon_core.environment:checking '/home/aditya/Cpps/Dexter/install/dexter_bringup' for CMake config files
[4.761s] Level 1:colcon.colcon_core.shell:create_environment_hook('dexter_bringup', 'cmake_prefix_path')
[4.761s] INFO:colcon.colcon_core.shell:Creating environment descriptor '/home/aditya/Cpps/Dexter/install/dexter_bringup/share/dexter_bringup/hook/cmake_prefix_path.dsv'
[4.762s] INFO:colcon.colcon_core.shell:Creating environment hook '/home/aditya/Cpps/Dexter/install/dexter_bringup/share/dexter_bringup/hook/cmake_prefix_path.sh'
[4.762s] Level 1:colcon.colcon_core.environment:checking '/home/aditya/Cpps/Dexter/install/dexter_bringup/bin'
[4.762s] Level 1:colcon.colcon_core.environment:checking '/home/aditya/Cpps/Dexter/install/dexter_bringup/lib/pkgconfig/dexter_bringup.pc'
[4.762s] Level 1:colcon.colcon_core.environment:checking '/home/aditya/Cpps/Dexter/install/dexter_bringup/lib/python3.12/site-packages'
[4.762s] Level 1:colcon.colcon_core.environment:checking '/home/aditya/Cpps/Dexter/install/dexter_bringup/bin'
[4.763s] INFO:colcon.colcon_core.shell:Creating package descriptor '/home/aditya/Cpps/Dexter/install/dexter_bringup/share/dexter_bringup/package.dsv'
[4.763s] INFO:colcon.colcon_core.shell:Creating package script '/home/aditya/Cpps/Dexter/install/dexter_bringup/share/dexter_bringup/package.sh'
[4.763s] INFO:colcon.colcon_core.shell:Creating package script '/home/aditya/Cpps/Dexter/install/dexter_bringup/share/dexter_bringup/package.bash'
[4.763s] INFO:colcon.colcon_core.shell:Creating package script '/home/aditya/Cpps/Dexter/install/dexter_bringup/share/dexter_bringup/package.zsh'
[4.763s] Level 1:colcon.colcon_core.environment:create_file_with_runtime_dependencies(/home/aditya/Cpps/Dexter/install/dexter_bringup/share/colcon-core/packages/dexter_bringup)
[4.764s] DEBUG:colcon.colcon_parallel_executor.executor.parallel:closing loop
[4.764s] DEBUG:colcon.colcon_parallel_executor.executor.parallel:loop closed
[4.764s] DEBUG:colcon.colcon_parallel_executor.executor.parallel:run_until_complete finished with '0'
[4.764s] DEBUG:colcon.colcon_core.event_reactor:joining thread
[4.773s] INFO:colcon.colcon_core.plugin_system:Skipping extension 'colcon_notification.desktop_notification.terminal_notifier': Not used on non-Darwin systems
[4.773s] INFO:colcon.colcon_core.plugin_system:Skipping extension 'colcon_notification.desktop_notification.win32': Not used on non-Windows systems
[4.774s] INFO:colcon.colcon_notification.desktop_notification:Sending desktop notification using 'notify2'
[4.841s] DEBUG:colcon.colcon_core.event_reactor:joined thread
[4.842s] INFO:colcon.colcon_core.shell:Creating prefix script '/home/aditya/Cpps/Dexter/install/local_setup.sh'
[4.843s] INFO:colcon.colcon_core.shell:Creating prefix util module '/home/aditya/Cpps/Dexter/install/_local_setup_util_sh.py'
[4.844s] INFO:colcon.colcon_core.shell:Creating prefix chain script '/home/aditya/Cpps/Dexter/install/setup.sh'
[4.846s] INFO:colcon.colcon_core.shell:Creating prefix script '/home/aditya/Cpps/Dexter/install/local_setup.bash'
[4.847s] INFO:colcon.colcon_core.shell:Creating prefix chain script '/home/aditya/Cpps/Dexter/install/setup.bash'
[4.848s] INFO:colcon.colcon_core.shell:Creating prefix script '/home/aditya/Cpps/Dexter/install/local_setup.zsh'
[4.849s] INFO:colcon.colcon_core.shell:Creating prefix chain script '/home/aditya/Cpps/Dexter/install/setup.zsh'
