[0.087s] DEBUG:colcon:Command line arguments: ['/usr/bin/colcon', 'build']
[0.087s] DEBUG:colcon:Parsed command line arguments: Namespace(log_base=None, log_level=None, verb_name='build', build_base='build', install_base='install', merge_install=False, symlink_install=False, test_result_base=None, continue_on_error=False, executor='parallel', parallel_workers=28, event_handlers=None, ignore_user_meta=False, metas=['./colcon.meta'], base_paths=['.'], packages_ignore=None, packages_ignore_regex=None, paths=None, packages_up_to=None, packages_up_to_regex=None, packages_above=None, packages_above_and_dependencies=None, packages_above_depth=None, packages_select_by_dep=None, packages_skip_by_dep=None, packages_skip_up_to=None, packages_select_build_failed=False, packages_skip_build_finished=False, packages_select_test_failures=False, packages_skip_test_passed=False, packages_select=None, packages_skip=None, packages_select_regex=None, packages_skip_regex=None, packages_start=None, packages_end=None, cmake_args=None, cmake_target=None, cmake_target_skip_unavailable=False, cmake_clean_cache=False, cmake_clean_first=False, cmake_force_configure=False, ament_cmake_args=None, catkin_cmake_args=None, catkin_skip_building_tests=False, verb_parser=<colcon_defaults.argument_parser.defaults.DefaultArgumentsDecorator object at 0x75df0cf294f0>, verb_extension=<colcon_core.verb.build.BuildVerb object at 0x75df0d0af380>, main=<bound method BuildVerb.main of <colcon_core.verb.build.BuildVerb object at 0x75df0d0af380>>)
[0.123s] Level 1:colcon.colcon_core.package_discovery:discover_packages(colcon_meta) check parameters
[0.123s] Level 1:colcon.colcon_core.package_discovery:discover_packages(recursive) check parameters
[0.123s] Level 1:colcon.colcon_core.package_discovery:discover_packages(ignore) check parameters
[0.123s] Level 1:colcon.colcon_core.package_discovery:discover_packages(path) check parameters
[0.123s] Level 1:colcon.colcon_core.package_discovery:discover_packages(colcon_meta) discover
[0.123s] Level 1:colcon.colcon_core.package_discovery:discover_packages(recursive) discover
[0.123s] INFO:colcon.colcon_core.package_discovery:Crawling recursively for packages in '/home/aditya/Cpps/Dexter'
[0.123s] Level 1:colcon.colcon_core.package_identification:_identify(.) by extensions ['ignore', 'ignore_ament_install']
[0.123s] Level 1:colcon.colcon_core.package_identification:_identify(.) by extension 'ignore'
[0.123s] Level 1:colcon.colcon_core.package_identification:_identify(.) by extension 'ignore_ament_install'
[0.123s] Level 1:colcon.colcon_core.package_identification:_identify(.) by extensions ['colcon_pkg']
[0.123s] Level 1:colcon.colcon_core.package_identification:_identify(.) by extension 'colcon_pkg'
[0.123s] Level 1:colcon.colcon_core.package_identification:_identify(.) by extensions ['colcon_meta']
[0.123s] Level 1:colcon.colcon_core.package_identification:_identify(.) by extension 'colcon_meta'
[0.123s] Level 1:colcon.colcon_core.package_identification:_identify(.) by extensions ['ros']
[0.123s] Level 1:colcon.colcon_core.package_identification:_identify(.) by extension 'ros'
[0.147s] Level 1:colcon.colcon_core.package_identification:_identify(.) by extensions ['cmake', 'python']
[0.147s] Level 1:colcon.colcon_core.package_identification:_identify(.) by extension 'cmake'
[0.147s] Level 1:colcon.colcon_core.package_identification:_identify(.) by extension 'python'
[0.147s] Level 1:colcon.colcon_core.package_identification:_identify(.) by extensions ['python_setup_py']
[0.147s] Level 1:colcon.colcon_core.package_identification:_identify(.) by extension 'python_setup_py'
[0.147s] Level 1:colcon.colcon_core.package_identification:_identify(build) by extensions ['ignore', 'ignore_ament_install']
[0.147s] Level 1:colcon.colcon_core.package_identification:_identify(build) by extension 'ignore'
[0.147s] Level 1:colcon.colcon_core.package_identification:_identify(build) ignored
[0.147s] Level 1:colcon.colcon_core.package_identification:_identify(dexter_bringup) by extensions ['ignore', 'ignore_ament_install']
[0.147s] Level 1:colcon.colcon_core.package_identification:_identify(dexter_bringup) by extension 'ignore'
[0.147s] Level 1:colcon.colcon_core.package_identification:_identify(dexter_bringup) by extension 'ignore_ament_install'
[0.147s] Level 1:colcon.colcon_core.package_identification:_identify(dexter_bringup) by extensions ['colcon_pkg']
[0.147s] Level 1:colcon.colcon_core.package_identification:_identify(dexter_bringup) by extension 'colcon_pkg'
[0.147s] Level 1:colcon.colcon_core.package_identification:_identify(dexter_bringup) by extensions ['colcon_meta']
[0.148s] Level 1:colcon.colcon_core.package_identification:_identify(dexter_bringup) by extension 'colcon_meta'
[0.148s] Level 1:colcon.colcon_core.package_identification:_identify(dexter_bringup) by extensions ['ros']
[0.148s] Level 1:colcon.colcon_core.package_identification:_identify(dexter_bringup) by extension 'ros'
[0.150s] DEBUG:colcon.colcon_core.package_identification:Package 'dexter_bringup' with type 'ros.ament_cmake' and name 'dexter_bringup'
[0.151s] Level 1:colcon.colcon_core.package_identification:_identify(dexter_controller) by extensions ['ignore', 'ignore_ament_install']
[0.151s] Level 1:colcon.colcon_core.package_identification:_identify(dexter_controller) by extension 'ignore'
[0.151s] Level 1:colcon.colcon_core.package_identification:_identify(dexter_controller) by extension 'ignore_ament_install'
[0.151s] Level 1:colcon.colcon_core.package_identification:_identify(dexter_controller) by extensions ['colcon_pkg']
[0.151s] Level 1:colcon.colcon_core.package_identification:_identify(dexter_controller) by extension 'colcon_pkg'
[0.151s] Level 1:colcon.colcon_core.package_identification:_identify(dexter_controller) by extensions ['colcon_meta']
[0.151s] Level 1:colcon.colcon_core.package_identification:_identify(dexter_controller) by extension 'colcon_meta'
[0.151s] Level 1:colcon.colcon_core.package_identification:_identify(dexter_controller) by extensions ['ros']
[0.151s] Level 1:colcon.colcon_core.package_identification:_identify(dexter_controller) by extension 'ros'
[0.152s] DEBUG:colcon.colcon_core.package_identification:Package 'dexter_controller' with type 'ros.ament_cmake' and name 'dexter_controller'
[0.152s] Level 1:colcon.colcon_core.package_identification:_identify(dexter_description) by extensions ['ignore', 'ignore_ament_install']
[0.152s] Level 1:colcon.colcon_core.package_identification:_identify(dexter_description) by extension 'ignore'
[0.152s] Level 1:colcon.colcon_core.package_identification:_identify(dexter_description) by extension 'ignore_ament_install'
[0.152s] Level 1:colcon.colcon_core.package_identification:_identify(dexter_description) by extensions ['colcon_pkg']
[0.152s] Level 1:colcon.colcon_core.package_identification:_identify(dexter_description) by extension 'colcon_pkg'
[0.152s] Level 1:colcon.colcon_core.package_identification:_identify(dexter_description) by extensions ['colcon_meta']
[0.152s] Level 1:colcon.colcon_core.package_identification:_identify(dexter_description) by extension 'colcon_meta'
[0.152s] Level 1:colcon.colcon_core.package_identification:_identify(dexter_description) by extensions ['ros']
[0.152s] Level 1:colcon.colcon_core.package_identification:_identify(dexter_description) by extension 'ros'
[0.155s] DEBUG:colcon.colcon_core.package_identification:Package 'dexter_description' with type 'ros.ament_cmake' and name 'dexter_description'
[0.155s] Level 1:colcon.colcon_core.package_identification:_identify(dexter_inventory) by extensions ['ignore', 'ignore_ament_install']
[0.155s] Level 1:colcon.colcon_core.package_identification:_identify(dexter_inventory) by extension 'ignore'
[0.155s] Level 1:colcon.colcon_core.package_identification:_identify(dexter_inventory) by extension 'ignore_ament_install'
[0.156s] Level 1:colcon.colcon_core.package_identification:_identify(dexter_inventory) by extensions ['colcon_pkg']
[0.156s] Level 1:colcon.colcon_core.package_identification:_identify(dexter_inventory) by extension 'colcon_pkg'
[0.156s] Level 1:colcon.colcon_core.package_identification:_identify(dexter_inventory) by extensions ['colcon_meta']
[0.156s] Level 1:colcon.colcon_core.package_identification:_identify(dexter_inventory) by extension 'colcon_meta'
[0.156s] Level 1:colcon.colcon_core.package_identification:_identify(dexter_inventory) by extensions ['ros']
[0.156s] Level 1:colcon.colcon_core.package_identification:_identify(dexter_inventory) by extension 'ros'
[0.156s] DEBUG:colcon.colcon_core.package_identification:Package 'dexter_inventory' with type 'ros.ament_python' and name 'dexter_inventory'
[0.157s] Level 1:colcon.colcon_core.package_identification:_identify(dexter_moveit) by extensions ['ignore', 'ignore_ament_install']
[0.157s] Level 1:colcon.colcon_core.package_identification:_identify(dexter_moveit) by extension 'ignore'
[0.157s] Level 1:colcon.colcon_core.package_identification:_identify(dexter_moveit) by extension 'ignore_ament_install'
[0.157s] Level 1:colcon.colcon_core.package_identification:_identify(dexter_moveit) by extensions ['colcon_pkg']
[0.157s] Level 1:colcon.colcon_core.package_identification:_identify(dexter_moveit) by extension 'colcon_pkg'
[0.157s] Level 1:colcon.colcon_core.package_identification:_identify(dexter_moveit) by extensions ['colcon_meta']
[0.157s] Level 1:colcon.colcon_core.package_identification:_identify(dexter_moveit) by extension 'colcon_meta'
[0.157s] Level 1:colcon.colcon_core.package_identification:_identify(dexter_moveit) by extensions ['ros']
[0.157s] Level 1:colcon.colcon_core.package_identification:_identify(dexter_moveit) by extension 'ros'
[0.157s] DEBUG:colcon.colcon_core.package_identification:Package 'dexter_moveit' with type 'ros.ament_cmake' and name 'dexter_moveit'
[0.157s] Level 1:colcon.colcon_core.package_identification:_identify(dexter_msgs) by extensions ['ignore', 'ignore_ament_install']
[0.157s] Level 1:colcon.colcon_core.package_identification:_identify(dexter_msgs) by extension 'ignore'
[0.157s] Level 1:colcon.colcon_core.package_identification:_identify(dexter_msgs) by extension 'ignore_ament_install'
[0.157s] Level 1:colcon.colcon_core.package_identification:_identify(dexter_msgs) by extensions ['colcon_pkg']
[0.157s] Level 1:colcon.colcon_core.package_identification:_identify(dexter_msgs) by extension 'colcon_pkg'
[0.157s] Level 1:colcon.colcon_core.package_identification:_identify(dexter_msgs) by extensions ['colcon_meta']
[0.157s] Level 1:colcon.colcon_core.package_identification:_identify(dexter_msgs) by extension 'colcon_meta'
[0.158s] Level 1:colcon.colcon_core.package_identification:_identify(dexter_msgs) by extensions ['ros']
[0.158s] Level 1:colcon.colcon_core.package_identification:_identify(dexter_msgs) by extension 'ros'
[0.158s] DEBUG:colcon.colcon_core.package_identification:Package 'dexter_msgs' with type 'ros.ament_cmake' and name 'dexter_msgs'
[0.158s] Level 1:colcon.colcon_core.package_identification:_identify(dexter_remote) by extensions ['ignore', 'ignore_ament_install']
[0.158s] Level 1:colcon.colcon_core.package_identification:_identify(dexter_remote) by extension 'ignore'
[0.158s] Level 1:colcon.colcon_core.package_identification:_identify(dexter_remote) by extension 'ignore_ament_install'
[0.158s] Level 1:colcon.colcon_core.package_identification:_identify(dexter_remote) by extensions ['colcon_pkg']
[0.158s] Level 1:colcon.colcon_core.package_identification:_identify(dexter_remote) by extension 'colcon_pkg'
[0.158s] Level 1:colcon.colcon_core.package_identification:_identify(dexter_remote) by extensions ['colcon_meta']
[0.158s] Level 1:colcon.colcon_core.package_identification:_identify(dexter_remote) by extension 'colcon_meta'
[0.158s] Level 1:colcon.colcon_core.package_identification:_identify(dexter_remote) by extensions ['ros']
[0.158s] Level 1:colcon.colcon_core.package_identification:_identify(dexter_remote) by extension 'ros'
[0.159s] DEBUG:colcon.colcon_core.package_identification:Package 'dexter_remote' with type 'ros.ament_cmake' and name 'dexter_remote'
[0.159s] Level 1:colcon.colcon_core.package_identification:_identify(dexter_utils) by extensions ['ignore', 'ignore_ament_install']
[0.159s] Level 1:colcon.colcon_core.package_identification:_identify(dexter_utils) by extension 'ignore'
[0.159s] Level 1:colcon.colcon_core.package_identification:_identify(dexter_utils) by extension 'ignore_ament_install'
[0.160s] Level 1:colcon.colcon_core.package_identification:_identify(dexter_utils) by extensions ['colcon_pkg']
[0.160s] Level 1:colcon.colcon_core.package_identification:_identify(dexter_utils) by extension 'colcon_pkg'
[0.160s] Level 1:colcon.colcon_core.package_identification:_identify(dexter_utils) by extensions ['colcon_meta']
[0.160s] Level 1:colcon.colcon_core.package_identification:_identify(dexter_utils) by extension 'colcon_meta'
[0.160s] Level 1:colcon.colcon_core.package_identification:_identify(dexter_utils) by extensions ['ros']
[0.160s] Level 1:colcon.colcon_core.package_identification:_identify(dexter_utils) by extension 'ros'
[0.160s] DEBUG:colcon.colcon_core.package_identification:Package 'dexter_utils' with type 'ros.ament_cmake' and name 'dexter_utils'
[0.160s] Level 1:colcon.colcon_core.package_identification:_identify(install) by extensions ['ignore', 'ignore_ament_install']
[0.160s] Level 1:colcon.colcon_core.package_identification:_identify(install) by extension 'ignore'
[0.160s] Level 1:colcon.colcon_core.package_identification:_identify(install) ignored
[0.160s] Level 1:colcon.colcon_core.package_identification:_identify(log) by extensions ['ignore', 'ignore_ament_install']
[0.160s] Level 1:colcon.colcon_core.package_identification:_identify(log) by extension 'ignore'
[0.161s] Level 1:colcon.colcon_core.package_identification:_identify(log) ignored
[0.161s] Level 1:colcon.colcon_core.package_discovery:discover_packages(recursive) using defaults
[0.161s] Level 1:colcon.colcon_core.package_discovery:discover_packages(ignore) discover
[0.161s] Level 1:colcon.colcon_core.package_discovery:discover_packages(ignore) using defaults
[0.161s] Level 1:colcon.colcon_core.package_discovery:discover_packages(path) discover
[0.161s] Level 1:colcon.colcon_core.package_discovery:discover_packages(path) using defaults
[0.181s] Level 5:colcon.colcon_core.verb:set package 'dexter_description' build argument 'cmake_args' from command line to 'None'
[0.181s] Level 5:colcon.colcon_core.verb:set package 'dexter_description' build argument 'cmake_target' from command line to 'None'
[0.181s] Level 5:colcon.colcon_core.verb:set package 'dexter_description' build argument 'cmake_target_skip_unavailable' from command line to 'False'
[0.181s] Level 5:colcon.colcon_core.verb:set package 'dexter_description' build argument 'cmake_clean_cache' from command line to 'False'
[0.181s] Level 5:colcon.colcon_core.verb:set package 'dexter_description' build argument 'cmake_clean_first' from command line to 'False'
[0.181s] Level 5:colcon.colcon_core.verb:set package 'dexter_description' build argument 'cmake_force_configure' from command line to 'False'
[0.181s] Level 5:colcon.colcon_core.verb:set package 'dexter_description' build argument 'ament_cmake_args' from command line to 'None'
[0.181s] Level 5:colcon.colcon_core.verb:set package 'dexter_description' build argument 'catkin_cmake_args' from command line to 'None'
[0.181s] Level 5:colcon.colcon_core.verb:set package 'dexter_description' build argument 'catkin_skip_building_tests' from command line to 'False'
[0.181s] DEBUG:colcon.colcon_core.verb:Building package 'dexter_description' with the following arguments: {'ament_cmake_args': None, 'build_base': '/home/aditya/Cpps/Dexter/build/dexter_description', 'catkin_cmake_args': None, 'catkin_skip_building_tests': False, 'cmake_args': None, 'cmake_clean_cache': False, 'cmake_clean_first': False, 'cmake_force_configure': False, 'cmake_target': None, 'cmake_target_skip_unavailable': False, 'install_base': '/home/aditya/Cpps/Dexter/install/dexter_description', 'merge_install': False, 'path': '/home/aditya/Cpps/Dexter/dexter_description', 'symlink_install': False, 'test_result_base': None}
[0.181s] Level 5:colcon.colcon_core.verb:set package 'dexter_msgs' build argument 'cmake_args' from command line to 'None'
[0.181s] Level 5:colcon.colcon_core.verb:set package 'dexter_msgs' build argument 'cmake_target' from command line to 'None'
[0.181s] Level 5:colcon.colcon_core.verb:set package 'dexter_msgs' build argument 'cmake_target_skip_unavailable' from command line to 'False'
[0.181s] Level 5:colcon.colcon_core.verb:set package 'dexter_msgs' build argument 'cmake_clean_cache' from command line to 'False'
[0.181s] Level 5:colcon.colcon_core.verb:set package 'dexter_msgs' build argument 'cmake_clean_first' from command line to 'False'
[0.181s] Level 5:colcon.colcon_core.verb:set package 'dexter_msgs' build argument 'cmake_force_configure' from command line to 'False'
[0.181s] Level 5:colcon.colcon_core.verb:set package 'dexter_msgs' build argument 'ament_cmake_args' from command line to 'None'
[0.181s] Level 5:colcon.colcon_core.verb:set package 'dexter_msgs' build argument 'catkin_cmake_args' from command line to 'None'
[0.181s] Level 5:colcon.colcon_core.verb:set package 'dexter_msgs' build argument 'catkin_skip_building_tests' from command line to 'False'
[0.181s] DEBUG:colcon.colcon_core.verb:Building package 'dexter_msgs' with the following arguments: {'ament_cmake_args': None, 'build_base': '/home/aditya/Cpps/Dexter/build/dexter_msgs', 'catkin_cmake_args': None, 'catkin_skip_building_tests': False, 'cmake_args': None, 'cmake_clean_cache': False, 'cmake_clean_first': False, 'cmake_force_configure': False, 'cmake_target': None, 'cmake_target_skip_unavailable': False, 'install_base': '/home/aditya/Cpps/Dexter/install/dexter_msgs', 'merge_install': False, 'path': '/home/aditya/Cpps/Dexter/dexter_msgs', 'symlink_install': False, 'test_result_base': None}
[0.181s] Level 5:colcon.colcon_core.verb:set package 'dexter_controller' build argument 'cmake_args' from command line to 'None'
[0.182s] Level 5:colcon.colcon_core.verb:set package 'dexter_controller' build argument 'cmake_target' from command line to 'None'
[0.182s] Level 5:colcon.colcon_core.verb:set package 'dexter_controller' build argument 'cmake_target_skip_unavailable' from command line to 'False'
[0.182s] Level 5:colcon.colcon_core.verb:set package 'dexter_controller' build argument 'cmake_clean_cache' from command line to 'False'
[0.182s] Level 5:colcon.colcon_core.verb:set package 'dexter_controller' build argument 'cmake_clean_first' from command line to 'False'
[0.182s] Level 5:colcon.colcon_core.verb:set package 'dexter_controller' build argument 'cmake_force_configure' from command line to 'False'
[0.182s] Level 5:colcon.colcon_core.verb:set package 'dexter_controller' build argument 'ament_cmake_args' from command line to 'None'
[0.182s] Level 5:colcon.colcon_core.verb:set package 'dexter_controller' build argument 'catkin_cmake_args' from command line to 'None'
[0.182s] Level 5:colcon.colcon_core.verb:set package 'dexter_controller' build argument 'catkin_skip_building_tests' from command line to 'False'
[0.182s] DEBUG:colcon.colcon_core.verb:Building package 'dexter_controller' with the following arguments: {'ament_cmake_args': None, 'build_base': '/home/aditya/Cpps/Dexter/build/dexter_controller', 'catkin_cmake_args': None, 'catkin_skip_building_tests': False, 'cmake_args': None, 'cmake_clean_cache': False, 'cmake_clean_first': False, 'cmake_force_configure': False, 'cmake_target': None, 'cmake_target_skip_unavailable': False, 'install_base': '/home/aditya/Cpps/Dexter/install/dexter_controller', 'merge_install': False, 'path': '/home/aditya/Cpps/Dexter/dexter_controller', 'symlink_install': False, 'test_result_base': None}
[0.182s] Level 5:colcon.colcon_core.verb:set package 'dexter_moveit' build argument 'cmake_args' from command line to 'None'
[0.182s] Level 5:colcon.colcon_core.verb:set package 'dexter_moveit' build argument 'cmake_target' from command line to 'None'
[0.182s] Level 5:colcon.colcon_core.verb:set package 'dexter_moveit' build argument 'cmake_target_skip_unavailable' from command line to 'False'
[0.182s] Level 5:colcon.colcon_core.verb:set package 'dexter_moveit' build argument 'cmake_clean_cache' from command line to 'False'
[0.182s] Level 5:colcon.colcon_core.verb:set package 'dexter_moveit' build argument 'cmake_clean_first' from command line to 'False'
[0.182s] Level 5:colcon.colcon_core.verb:set package 'dexter_moveit' build argument 'cmake_force_configure' from command line to 'False'
[0.182s] Level 5:colcon.colcon_core.verb:set package 'dexter_moveit' build argument 'ament_cmake_args' from command line to 'None'
[0.182s] Level 5:colcon.colcon_core.verb:set package 'dexter_moveit' build argument 'catkin_cmake_args' from command line to 'None'
[0.182s] Level 5:colcon.colcon_core.verb:set package 'dexter_moveit' build argument 'catkin_skip_building_tests' from command line to 'False'
[0.182s] DEBUG:colcon.colcon_core.verb:Building package 'dexter_moveit' with the following arguments: {'ament_cmake_args': None, 'build_base': '/home/aditya/Cpps/Dexter/build/dexter_moveit', 'catkin_cmake_args': None, 'catkin_skip_building_tests': False, 'cmake_args': None, 'cmake_clean_cache': False, 'cmake_clean_first': False, 'cmake_force_configure': False, 'cmake_target': None, 'cmake_target_skip_unavailable': False, 'install_base': '/home/aditya/Cpps/Dexter/install/dexter_moveit', 'merge_install': False, 'path': '/home/aditya/Cpps/Dexter/dexter_moveit', 'symlink_install': False, 'test_result_base': None}
[0.182s] Level 5:colcon.colcon_core.verb:set package 'dexter_utils' build argument 'cmake_args' from command line to 'None'
[0.182s] Level 5:colcon.colcon_core.verb:set package 'dexter_utils' build argument 'cmake_target' from command line to 'None'
[0.182s] Level 5:colcon.colcon_core.verb:set package 'dexter_utils' build argument 'cmake_target_skip_unavailable' from command line to 'False'
[0.182s] Level 5:colcon.colcon_core.verb:set package 'dexter_utils' build argument 'cmake_clean_cache' from command line to 'False'
[0.182s] Level 5:colcon.colcon_core.verb:set package 'dexter_utils' build argument 'cmake_clean_first' from command line to 'False'
[0.182s] Level 5:colcon.colcon_core.verb:set package 'dexter_utils' build argument 'cmake_force_configure' from command line to 'False'
[0.182s] Level 5:colcon.colcon_core.verb:set package 'dexter_utils' build argument 'ament_cmake_args' from command line to 'None'
[0.182s] Level 5:colcon.colcon_core.verb:set package 'dexter_utils' build argument 'catkin_cmake_args' from command line to 'None'
[0.182s] Level 5:colcon.colcon_core.verb:set package 'dexter_utils' build argument 'catkin_skip_building_tests' from command line to 'False'
[0.182s] DEBUG:colcon.colcon_core.verb:Building package 'dexter_utils' with the following arguments: {'ament_cmake_args': None, 'build_base': '/home/aditya/Cpps/Dexter/build/dexter_utils', 'catkin_cmake_args': None, 'catkin_skip_building_tests': False, 'cmake_args': None, 'cmake_clean_cache': False, 'cmake_clean_first': False, 'cmake_force_configure': False, 'cmake_target': None, 'cmake_target_skip_unavailable': False, 'install_base': '/home/aditya/Cpps/Dexter/install/dexter_utils', 'merge_install': False, 'path': '/home/aditya/Cpps/Dexter/dexter_utils', 'symlink_install': False, 'test_result_base': None}
[0.182s] Level 5:colcon.colcon_core.verb:set package 'dexter_inventory' build argument 'cmake_args' from command line to 'None'
[0.183s] Level 5:colcon.colcon_core.verb:set package 'dexter_inventory' build argument 'cmake_target' from command line to 'None'
[0.183s] Level 5:colcon.colcon_core.verb:set package 'dexter_inventory' build argument 'cmake_target_skip_unavailable' from command line to 'False'
[0.183s] Level 5:colcon.colcon_core.verb:set package 'dexter_inventory' build argument 'cmake_clean_cache' from command line to 'False'
[0.183s] Level 5:colcon.colcon_core.verb:set package 'dexter_inventory' build argument 'cmake_clean_first' from command line to 'False'
[0.183s] Level 5:colcon.colcon_core.verb:set package 'dexter_inventory' build argument 'cmake_force_configure' from command line to 'False'
[0.183s] Level 5:colcon.colcon_core.verb:set package 'dexter_inventory' build argument 'ament_cmake_args' from command line to 'None'
[0.183s] Level 5:colcon.colcon_core.verb:set package 'dexter_inventory' build argument 'catkin_cmake_args' from command line to 'None'
[0.183s] Level 5:colcon.colcon_core.verb:set package 'dexter_inventory' build argument 'catkin_skip_building_tests' from command line to 'False'
[0.183s] DEBUG:colcon.colcon_core.verb:Building package 'dexter_inventory' with the following arguments: {'ament_cmake_args': None, 'build_base': '/home/aditya/Cpps/Dexter/build/dexter_inventory', 'catkin_cmake_args': None, 'catkin_skip_building_tests': False, 'cmake_args': None, 'cmake_clean_cache': False, 'cmake_clean_first': False, 'cmake_force_configure': False, 'cmake_target': None, 'cmake_target_skip_unavailable': False, 'install_base': '/home/aditya/Cpps/Dexter/install/dexter_inventory', 'merge_install': False, 'path': '/home/aditya/Cpps/Dexter/dexter_inventory', 'symlink_install': False, 'test_result_base': None}
[0.183s] Level 5:colcon.colcon_core.verb:set package 'dexter_remote' build argument 'cmake_args' from command line to 'None'
[0.183s] Level 5:colcon.colcon_core.verb:set package 'dexter_remote' build argument 'cmake_target' from command line to 'None'
[0.183s] Level 5:colcon.colcon_core.verb:set package 'dexter_remote' build argument 'cmake_target_skip_unavailable' from command line to 'False'
[0.183s] Level 5:colcon.colcon_core.verb:set package 'dexter_remote' build argument 'cmake_clean_cache' from command line to 'False'
[0.183s] Level 5:colcon.colcon_core.verb:set package 'dexter_remote' build argument 'cmake_clean_first' from command line to 'False'
[0.183s] Level 5:colcon.colcon_core.verb:set package 'dexter_remote' build argument 'cmake_force_configure' from command line to 'False'
[0.183s] Level 5:colcon.colcon_core.verb:set package 'dexter_remote' build argument 'ament_cmake_args' from command line to 'None'
[0.183s] Level 5:colcon.colcon_core.verb:set package 'dexter_remote' build argument 'catkin_cmake_args' from command line to 'None'
[0.183s] Level 5:colcon.colcon_core.verb:set package 'dexter_remote' build argument 'catkin_skip_building_tests' from command line to 'False'
[0.183s] DEBUG:colcon.colcon_core.verb:Building package 'dexter_remote' with the following arguments: {'ament_cmake_args': None, 'build_base': '/home/aditya/Cpps/Dexter/build/dexter_remote', 'catkin_cmake_args': None, 'catkin_skip_building_tests': False, 'cmake_args': None, 'cmake_clean_cache': False, 'cmake_clean_first': False, 'cmake_force_configure': False, 'cmake_target': None, 'cmake_target_skip_unavailable': False, 'install_base': '/home/aditya/Cpps/Dexter/install/dexter_remote', 'merge_install': False, 'path': '/home/aditya/Cpps/Dexter/dexter_remote', 'symlink_install': False, 'test_result_base': None}
[0.183s] Level 5:colcon.colcon_core.verb:set package 'dexter_bringup' build argument 'cmake_args' from command line to 'None'
[0.183s] Level 5:colcon.colcon_core.verb:set package 'dexter_bringup' build argument 'cmake_target' from command line to 'None'
[0.183s] Level 5:colcon.colcon_core.verb:set package 'dexter_bringup' build argument 'cmake_target_skip_unavailable' from command line to 'False'
[0.183s] Level 5:colcon.colcon_core.verb:set package 'dexter_bringup' build argument 'cmake_clean_cache' from command line to 'False'
[0.183s] Level 5:colcon.colcon_core.verb:set package 'dexter_bringup' build argument 'cmake_clean_first' from command line to 'False'
[0.183s] Level 5:colcon.colcon_core.verb:set package 'dexter_bringup' build argument 'cmake_force_configure' from command line to 'False'
[0.183s] Level 5:colcon.colcon_core.verb:set package 'dexter_bringup' build argument 'ament_cmake_args' from command line to 'None'
[0.183s] Level 5:colcon.colcon_core.verb:set package 'dexter_bringup' build argument 'catkin_cmake_args' from command line to 'None'
[0.183s] Level 5:colcon.colcon_core.verb:set package 'dexter_bringup' build argument 'catkin_skip_building_tests' from command line to 'False'
[0.183s] DEBUG:colcon.colcon_core.verb:Building package 'dexter_bringup' with the following arguments: {'ament_cmake_args': None, 'build_base': '/home/aditya/Cpps/Dexter/build/dexter_bringup', 'catkin_cmake_args': None, 'catkin_skip_building_tests': False, 'cmake_args': None, 'cmake_clean_cache': False, 'cmake_clean_first': False, 'cmake_force_configure': False, 'cmake_target': None, 'cmake_target_skip_unavailable': False, 'install_base': '/home/aditya/Cpps/Dexter/install/dexter_bringup', 'merge_install': False, 'path': '/home/aditya/Cpps/Dexter/dexter_bringup', 'symlink_install': False, 'test_result_base': None}
[0.183s] INFO:colcon.colcon_core.executor:Executing jobs using 'parallel' executor
[0.184s] DEBUG:colcon.colcon_parallel_executor.executor.parallel:run_until_complete
[0.185s] INFO:colcon.colcon_ros.task.ament_cmake.build:Building ROS package in '/home/aditya/Cpps/Dexter/dexter_description' with build type 'ament_cmake'
[0.185s] INFO:colcon.colcon_cmake.task.cmake.build:Building CMake package in '/home/aditya/Cpps/Dexter/dexter_description'
[0.188s] INFO:colcon.colcon_core.plugin_system:Skipping extension 'colcon_core.shell.bat': Not used on non-Windows systems
[0.188s] DEBUG:colcon.colcon_core.shell:Skip shell extension 'dsv' for command environment
[0.194s] INFO:colcon.colcon_ros.task.ament_cmake.build:Building ROS package in '/home/aditya/Cpps/Dexter/dexter_msgs' with build type 'ament_cmake'
[0.194s] INFO:colcon.colcon_cmake.task.cmake.build:Building CMake package in '/home/aditya/Cpps/Dexter/dexter_msgs'
[0.194s] DEBUG:colcon.colcon_core.shell:Skip shell extension 'dsv' for command environment
[0.203s] DEBUG:colcon.colcon_core.event_handler.log_command:Invoking command in '/home/aditya/Cpps/Dexter/build/dexter_description': CMAKE_PREFIX_PATH=${CMAKE_PREFIX_PATH}:/home/aditya/Cpps/Dexter/install/dexter_inventory:/home/aditya/ros2_ws/install/my_py_pkg:/opt/ros/jazzy DEBUGINFOD_URLS=https://debuginfod.ubuntu.com PS1=\[\e]0;\u@\h: \w\a\]${debian_chroot:+($debian_chroot)}\[\033[01;32m\]\u@\h\[\033[00m\]:\[\033[01;34m\]\w\[\033[00m\]\$ VIRTUAL_ENV_PROMPT=(venv-ardupilot) /usr/bin/cmake --build /home/aditya/Cpps/Dexter/build/dexter_description -- -j28 -l28
[0.207s] DEBUG:colcon.colcon_core.event_handler.log_command:Invoking command in '/home/aditya/Cpps/Dexter/build/dexter_msgs': CMAKE_PREFIX_PATH=${CMAKE_PREFIX_PATH}:/home/aditya/Cpps/Dexter/install/dexter_inventory:/home/aditya/ros2_ws/install/my_py_pkg:/opt/ros/jazzy DEBUGINFOD_URLS=https://debuginfod.ubuntu.com PS1=\[\e]0;\u@\h: \w\a\]${debian_chroot:+($debian_chroot)}\[\033[01;32m\]\u@\h\[\033[00m\]:\[\033[01;34m\]\w\[\033[00m\]\$ VIRTUAL_ENV_PROMPT=(venv-ardupilot) /usr/bin/cmake --build /home/aditya/Cpps/Dexter/build/dexter_msgs -- -j28 -l28
[0.256s] DEBUG:colcon.colcon_core.event_handler.log_command:Invoked command in '/home/aditya/Cpps/Dexter/build/dexter_description' returned '0': CMAKE_PREFIX_PATH=${CMAKE_PREFIX_PATH}:/home/aditya/Cpps/Dexter/install/dexter_inventory:/home/aditya/ros2_ws/install/my_py_pkg:/opt/ros/jazzy DEBUGINFOD_URLS=https://debuginfod.ubuntu.com PS1=\[\e]0;\u@\h: \w\a\]${debian_chroot:+($debian_chroot)}\[\033[01;32m\]\u@\h\[\033[00m\]:\[\033[01;34m\]\w\[\033[00m\]\$ VIRTUAL_ENV_PROMPT=(venv-ardupilot) /usr/bin/cmake --build /home/aditya/Cpps/Dexter/build/dexter_description -- -j28 -l28
[0.269s] DEBUG:colcon.colcon_core.event_handler.log_command:Invoking command in '/home/aditya/Cpps/Dexter/build/dexter_description': CMAKE_PREFIX_PATH=${CMAKE_PREFIX_PATH}:/home/aditya/Cpps/Dexter/install/dexter_inventory:/home/aditya/ros2_ws/install/my_py_pkg:/opt/ros/jazzy DEBUGINFOD_URLS=https://debuginfod.ubuntu.com PS1=\[\e]0;\u@\h: \w\a\]${debian_chroot:+($debian_chroot)}\[\033[01;32m\]\u@\h\[\033[00m\]:\[\033[01;34m\]\w\[\033[00m\]\$ VIRTUAL_ENV_PROMPT=(venv-ardupilot) /usr/bin/cmake --install /home/aditya/Cpps/Dexter/build/dexter_description
[0.288s] Level 1:colcon.colcon_core.environment:create_environment_scripts_only(dexter_description)
[0.288s] DEBUG:colcon.colcon_core.event_handler.log_command:Invoked command in '/home/aditya/Cpps/Dexter/build/dexter_description' returned '0': CMAKE_PREFIX_PATH=${CMAKE_PREFIX_PATH}:/home/aditya/Cpps/Dexter/install/dexter_inventory:/home/aditya/ros2_ws/install/my_py_pkg:/opt/ros/jazzy DEBUGINFOD_URLS=https://debuginfod.ubuntu.com PS1=\[\e]0;\u@\h: \w\a\]${debian_chroot:+($debian_chroot)}\[\033[01;32m\]\u@\h\[\033[00m\]:\[\033[01;34m\]\w\[\033[00m\]\$ VIRTUAL_ENV_PROMPT=(venv-ardupilot) /usr/bin/cmake --install /home/aditya/Cpps/Dexter/build/dexter_description
[0.291s] Level 1:colcon.colcon_core.environment:checking '/home/aditya/Cpps/Dexter/install/dexter_description' for CMake module files
[0.292s] Level 1:colcon.colcon_core.environment:checking '/home/aditya/Cpps/Dexter/install/dexter_description' for CMake config files
[0.292s] Level 1:colcon.colcon_core.shell:create_environment_hook('dexter_description', 'cmake_prefix_path')
[0.293s] INFO:colcon.colcon_core.shell:Creating environment descriptor '/home/aditya/Cpps/Dexter/install/dexter_description/share/dexter_description/hook/cmake_prefix_path.dsv'
[0.294s] INFO:colcon.colcon_core.shell:Creating environment hook '/home/aditya/Cpps/Dexter/install/dexter_description/share/dexter_description/hook/cmake_prefix_path.sh'
[0.295s] Level 1:colcon.colcon_core.environment:checking '/home/aditya/Cpps/Dexter/install/dexter_description/bin'
[0.295s] Level 1:colcon.colcon_core.environment:checking '/home/aditya/Cpps/Dexter/install/dexter_description/lib/pkgconfig/dexter_description.pc'
[0.298s] Level 1:colcon.colcon_core.environment:checking '/home/aditya/Cpps/Dexter/install/dexter_description/lib/python3.12/site-packages'
[0.298s] Level 1:colcon.colcon_core.environment:checking '/home/aditya/Cpps/Dexter/install/dexter_description/bin'
[0.299s] INFO:colcon.colcon_core.shell:Creating package descriptor '/home/aditya/Cpps/Dexter/install/dexter_description/share/dexter_description/package.dsv'
[0.299s] INFO:colcon.colcon_core.shell:Creating package script '/home/aditya/Cpps/Dexter/install/dexter_description/share/dexter_description/package.sh'
[0.300s] INFO:colcon.colcon_core.shell:Creating package script '/home/aditya/Cpps/Dexter/install/dexter_description/share/dexter_description/package.bash'
[0.300s] INFO:colcon.colcon_core.shell:Creating package script '/home/aditya/Cpps/Dexter/install/dexter_description/share/dexter_description/package.zsh'
[0.301s] Level 1:colcon.colcon_core.environment:create_file_with_runtime_dependencies(/home/aditya/Cpps/Dexter/install/dexter_description/share/colcon-core/packages/dexter_description)
[0.302s] Level 1:colcon.colcon_core.environment:create_environment_scripts_only(dexter_description)
[0.302s] Level 1:colcon.colcon_core.environment:checking '/home/aditya/Cpps/Dexter/install/dexter_description' for CMake module files
[0.302s] Level 1:colcon.colcon_core.environment:checking '/home/aditya/Cpps/Dexter/install/dexter_description' for CMake config files
[0.302s] Level 1:colcon.colcon_core.shell:create_environment_hook('dexter_description', 'cmake_prefix_path')
[0.302s] INFO:colcon.colcon_core.shell:Creating environment descriptor '/home/aditya/Cpps/Dexter/install/dexter_description/share/dexter_description/hook/cmake_prefix_path.dsv'
[0.303s] INFO:colcon.colcon_core.shell:Creating environment hook '/home/aditya/Cpps/Dexter/install/dexter_description/share/dexter_description/hook/cmake_prefix_path.sh'
[0.303s] Level 1:colcon.colcon_core.environment:checking '/home/aditya/Cpps/Dexter/install/dexter_description/bin'
[0.303s] Level 1:colcon.colcon_core.environment:checking '/home/aditya/Cpps/Dexter/install/dexter_description/lib/pkgconfig/dexter_description.pc'
[0.304s] Level 1:colcon.colcon_core.environment:checking '/home/aditya/Cpps/Dexter/install/dexter_description/lib/python3.12/site-packages'
[0.304s] Level 1:colcon.colcon_core.environment:checking '/home/aditya/Cpps/Dexter/install/dexter_description/bin'
[0.304s] INFO:colcon.colcon_core.shell:Creating package descriptor '/home/aditya/Cpps/Dexter/install/dexter_description/share/dexter_description/package.dsv'
[0.305s] INFO:colcon.colcon_core.shell:Creating package script '/home/aditya/Cpps/Dexter/install/dexter_description/share/dexter_description/package.sh'
[0.305s] INFO:colcon.colcon_core.shell:Creating package script '/home/aditya/Cpps/Dexter/install/dexter_description/share/dexter_description/package.bash'
[0.306s] INFO:colcon.colcon_core.shell:Creating package script '/home/aditya/Cpps/Dexter/install/dexter_description/share/dexter_description/package.zsh'
[0.306s] Level 1:colcon.colcon_core.environment:create_file_with_runtime_dependencies(/home/aditya/Cpps/Dexter/install/dexter_description/share/colcon-core/packages/dexter_description)
[0.306s] INFO:colcon.colcon_ros.task.ament_cmake.build:Building ROS package in '/home/aditya/Cpps/Dexter/dexter_moveit' with build type 'ament_cmake'
[0.307s] INFO:colcon.colcon_cmake.task.cmake.build:Building CMake package in '/home/aditya/Cpps/Dexter/dexter_moveit'
[0.307s] DEBUG:colcon.colcon_core.shell:Skip shell extension 'dsv' for command environment
[0.311s] INFO:colcon.colcon_ros.task.ament_cmake.build:Building ROS package in '/home/aditya/Cpps/Dexter/dexter_controller' with build type 'ament_cmake'
[0.312s] INFO:colcon.colcon_cmake.task.cmake.build:Building CMake package in '/home/aditya/Cpps/Dexter/dexter_controller'
[0.312s] DEBUG:colcon.colcon_core.shell:Skip shell extension 'dsv' for command environment
[0.322s] DEBUG:colcon.colcon_core.event_handler.log_command:Invoking command in '/home/aditya/Cpps/Dexter/build/dexter_moveit': CMAKE_PREFIX_PATH=/home/aditya/Cpps/Dexter/install/dexter_description:/home/aditya/Cpps/Dexter/install/dexter_utils:/home/aditya/Cpps/Dexter/install/dexter_bringup:/home/aditya/Cpps/Dexter/install/dexter_remote:/home/aditya/Cpps/Dexter/install/dexter_msgs:/home/aditya/Cpps/Dexter/install/dexter_moveit:/home/aditya/Cpps/Dexter/install/dexter_controller:/home/aditya/ros2_ws/install/my_robot_bringup:/home/aditya/ros2_ws/install/my_cpp_pkg:/home/aditya/ros2_ws/install/my_robot_interfaces:/opt/ros/jazzy/opt/gz_sim_vendor:/opt/ros/jazzy/opt/gz_sensors_vendor:/opt/ros/jazzy/opt/gz_physics_vendor:/opt/ros/jazzy/opt/sdformat_vendor:/opt/ros/jazzy/opt/gz_gui_vendor:/opt/ros/jazzy/opt/gz_transport_vendor:/opt/ros/jazzy/opt/gz_rendering_vendor:/opt/ros/jazzy/opt/gz_plugin_vendor:/opt/ros/jazzy/opt/gz_fuel_tools_vendor:/opt/ros/jazzy/opt/gz_msgs_vendor:/opt/ros/jazzy/opt/gz_common_vendor:/opt/ros/jazzy/opt/gz_math_vendor:/opt/ros/jazzy/opt/gz_utils_vendor:/opt/ros/jazzy/opt/gz_tools_vendor:/opt/ros/jazzy/opt/gz_ogre_next_vendor:/opt/ros/jazzy/opt/gz_dartsim_vendor:/opt/ros/jazzy/opt/gz_cmake_vendor:/home/aditya/Cpps/Dexter/install/dexter_inventory:/home/aditya/ros2_ws/install/my_py_pkg:/opt/ros/jazzy DEBUGINFOD_URLS=https://debuginfod.ubuntu.com PS1=\[\e]0;\u@\h: \w\a\]${debian_chroot:+($debian_chroot)}\[\033[01;32m\]\u@\h\[\033[00m\]:\[\033[01;34m\]\w\[\033[00m\]\$ VIRTUAL_ENV_PROMPT=(venv-ardupilot) /usr/bin/cmake --build /home/aditya/Cpps/Dexter/build/dexter_moveit -- -j28 -l28
[0.326s] DEBUG:colcon.colcon_core.event_handler.log_command:Invoking command in '/home/aditya/Cpps/Dexter/build/dexter_controller': CMAKE_PREFIX_PATH=/home/aditya/Cpps/Dexter/install/dexter_description:/home/aditya/Cpps/Dexter/install/dexter_utils:/home/aditya/Cpps/Dexter/install/dexter_bringup:/home/aditya/Cpps/Dexter/install/dexter_remote:/home/aditya/Cpps/Dexter/install/dexter_msgs:/home/aditya/Cpps/Dexter/install/dexter_moveit:/home/aditya/Cpps/Dexter/install/dexter_controller:/home/aditya/ros2_ws/install/my_robot_bringup:/home/aditya/ros2_ws/install/my_cpp_pkg:/home/aditya/ros2_ws/install/my_robot_interfaces:/opt/ros/jazzy/opt/gz_sim_vendor:/opt/ros/jazzy/opt/gz_sensors_vendor:/opt/ros/jazzy/opt/gz_physics_vendor:/opt/ros/jazzy/opt/sdformat_vendor:/opt/ros/jazzy/opt/gz_gui_vendor:/opt/ros/jazzy/opt/gz_transport_vendor:/opt/ros/jazzy/opt/gz_rendering_vendor:/opt/ros/jazzy/opt/gz_plugin_vendor:/opt/ros/jazzy/opt/gz_fuel_tools_vendor:/opt/ros/jazzy/opt/gz_msgs_vendor:/opt/ros/jazzy/opt/gz_common_vendor:/opt/ros/jazzy/opt/gz_math_vendor:/opt/ros/jazzy/opt/gz_utils_vendor:/opt/ros/jazzy/opt/gz_tools_vendor:/opt/ros/jazzy/opt/gz_ogre_next_vendor:/opt/ros/jazzy/opt/gz_dartsim_vendor:/opt/ros/jazzy/opt/gz_cmake_vendor:/home/aditya/Cpps/Dexter/install/dexter_inventory:/home/aditya/ros2_ws/install/my_py_pkg:/opt/ros/jazzy DEBUGINFOD_URLS=https://debuginfod.ubuntu.com PS1=\[\e]0;\u@\h: \w\a\]${debian_chroot:+($debian_chroot)}\[\033[01;32m\]\u@\h\[\033[00m\]:\[\033[01;34m\]\w\[\033[00m\]\$ VIRTUAL_ENV_PROMPT=(venv-ardupilot) /usr/bin/cmake --build /home/aditya/Cpps/Dexter/build/dexter_controller -- -j28 -l28
[0.367s] DEBUG:colcon.colcon_core.event_handler.log_command:Invoked command in '/home/aditya/Cpps/Dexter/build/dexter_moveit' returned '0': CMAKE_PREFIX_PATH=/home/aditya/Cpps/Dexter/install/dexter_description:/home/aditya/Cpps/Dexter/install/dexter_utils:/home/aditya/Cpps/Dexter/install/dexter_bringup:/home/aditya/Cpps/Dexter/install/dexter_remote:/home/aditya/Cpps/Dexter/install/dexter_msgs:/home/aditya/Cpps/Dexter/install/dexter_moveit:/home/aditya/Cpps/Dexter/install/dexter_controller:/home/aditya/ros2_ws/install/my_robot_bringup:/home/aditya/ros2_ws/install/my_cpp_pkg:/home/aditya/ros2_ws/install/my_robot_interfaces:/opt/ros/jazzy/opt/gz_sim_vendor:/opt/ros/jazzy/opt/gz_sensors_vendor:/opt/ros/jazzy/opt/gz_physics_vendor:/opt/ros/jazzy/opt/sdformat_vendor:/opt/ros/jazzy/opt/gz_gui_vendor:/opt/ros/jazzy/opt/gz_transport_vendor:/opt/ros/jazzy/opt/gz_rendering_vendor:/opt/ros/jazzy/opt/gz_plugin_vendor:/opt/ros/jazzy/opt/gz_fuel_tools_vendor:/opt/ros/jazzy/opt/gz_msgs_vendor:/opt/ros/jazzy/opt/gz_common_vendor:/opt/ros/jazzy/opt/gz_math_vendor:/opt/ros/jazzy/opt/gz_utils_vendor:/opt/ros/jazzy/opt/gz_tools_vendor:/opt/ros/jazzy/opt/gz_ogre_next_vendor:/opt/ros/jazzy/opt/gz_dartsim_vendor:/opt/ros/jazzy/opt/gz_cmake_vendor:/home/aditya/Cpps/Dexter/install/dexter_inventory:/home/aditya/ros2_ws/install/my_py_pkg:/opt/ros/jazzy DEBUGINFOD_URLS=https://debuginfod.ubuntu.com PS1=\[\e]0;\u@\h: \w\a\]${debian_chroot:+($debian_chroot)}\[\033[01;32m\]\u@\h\[\033[00m\]:\[\033[01;34m\]\w\[\033[00m\]\$ VIRTUAL_ENV_PROMPT=(venv-ardupilot) /usr/bin/cmake --build /home/aditya/Cpps/Dexter/build/dexter_moveit -- -j28 -l28
[0.369s] DEBUG:colcon.colcon_core.event_handler.log_command:Invoking command in '/home/aditya/Cpps/Dexter/build/dexter_moveit': CMAKE_PREFIX_PATH=/home/aditya/Cpps/Dexter/install/dexter_description:/home/aditya/Cpps/Dexter/install/dexter_utils:/home/aditya/Cpps/Dexter/install/dexter_bringup:/home/aditya/Cpps/Dexter/install/dexter_remote:/home/aditya/Cpps/Dexter/install/dexter_msgs:/home/aditya/Cpps/Dexter/install/dexter_moveit:/home/aditya/Cpps/Dexter/install/dexter_controller:/home/aditya/ros2_ws/install/my_robot_bringup:/home/aditya/ros2_ws/install/my_cpp_pkg:/home/aditya/ros2_ws/install/my_robot_interfaces:/opt/ros/jazzy/opt/gz_sim_vendor:/opt/ros/jazzy/opt/gz_sensors_vendor:/opt/ros/jazzy/opt/gz_physics_vendor:/opt/ros/jazzy/opt/sdformat_vendor:/opt/ros/jazzy/opt/gz_gui_vendor:/opt/ros/jazzy/opt/gz_transport_vendor:/opt/ros/jazzy/opt/gz_rendering_vendor:/opt/ros/jazzy/opt/gz_plugin_vendor:/opt/ros/jazzy/opt/gz_fuel_tools_vendor:/opt/ros/jazzy/opt/gz_msgs_vendor:/opt/ros/jazzy/opt/gz_common_vendor:/opt/ros/jazzy/opt/gz_math_vendor:/opt/ros/jazzy/opt/gz_utils_vendor:/opt/ros/jazzy/opt/gz_tools_vendor:/opt/ros/jazzy/opt/gz_ogre_next_vendor:/opt/ros/jazzy/opt/gz_dartsim_vendor:/opt/ros/jazzy/opt/gz_cmake_vendor:/home/aditya/Cpps/Dexter/install/dexter_inventory:/home/aditya/ros2_ws/install/my_py_pkg:/opt/ros/jazzy DEBUGINFOD_URLS=https://debuginfod.ubuntu.com PS1=\[\e]0;\u@\h: \w\a\]${debian_chroot:+($debian_chroot)}\[\033[01;32m\]\u@\h\[\033[00m\]:\[\033[01;34m\]\w\[\033[00m\]\$ VIRTUAL_ENV_PROMPT=(venv-ardupilot) /usr/bin/cmake --install /home/aditya/Cpps/Dexter/build/dexter_moveit
[0.387s] Level 1:colcon.colcon_core.environment:create_environment_scripts_only(dexter_moveit)
[0.387s] Level 1:colcon.colcon_core.environment:checking '/home/aditya/Cpps/Dexter/install/dexter_moveit' for CMake module files
[0.388s] DEBUG:colcon.colcon_core.event_handler.log_command:Invoked command in '/home/aditya/Cpps/Dexter/build/dexter_moveit' returned '0': CMAKE_PREFIX_PATH=/home/aditya/Cpps/Dexter/install/dexter_description:/home/aditya/Cpps/Dexter/install/dexter_utils:/home/aditya/Cpps/Dexter/install/dexter_bringup:/home/aditya/Cpps/Dexter/install/dexter_remote:/home/aditya/Cpps/Dexter/install/dexter_msgs:/home/aditya/Cpps/Dexter/install/dexter_moveit:/home/aditya/Cpps/Dexter/install/dexter_controller:/home/aditya/ros2_ws/install/my_robot_bringup:/home/aditya/ros2_ws/install/my_cpp_pkg:/home/aditya/ros2_ws/install/my_robot_interfaces:/opt/ros/jazzy/opt/gz_sim_vendor:/opt/ros/jazzy/opt/gz_sensors_vendor:/opt/ros/jazzy/opt/gz_physics_vendor:/opt/ros/jazzy/opt/sdformat_vendor:/opt/ros/jazzy/opt/gz_gui_vendor:/opt/ros/jazzy/opt/gz_transport_vendor:/opt/ros/jazzy/opt/gz_rendering_vendor:/opt/ros/jazzy/opt/gz_plugin_vendor:/opt/ros/jazzy/opt/gz_fuel_tools_vendor:/opt/ros/jazzy/opt/gz_msgs_vendor:/opt/ros/jazzy/opt/gz_common_vendor:/opt/ros/jazzy/opt/gz_math_vendor:/opt/ros/jazzy/opt/gz_utils_vendor:/opt/ros/jazzy/opt/gz_tools_vendor:/opt/ros/jazzy/opt/gz_ogre_next_vendor:/opt/ros/jazzy/opt/gz_dartsim_vendor:/opt/ros/jazzy/opt/gz_cmake_vendor:/home/aditya/Cpps/Dexter/install/dexter_inventory:/home/aditya/ros2_ws/install/my_py_pkg:/opt/ros/jazzy DEBUGINFOD_URLS=https://debuginfod.ubuntu.com PS1=\[\e]0;\u@\h: \w\a\]${debian_chroot:+($debian_chroot)}\[\033[01;32m\]\u@\h\[\033[00m\]:\[\033[01;34m\]\w\[\033[00m\]\$ VIRTUAL_ENV_PROMPT=(venv-ardupilot) /usr/bin/cmake --install /home/aditya/Cpps/Dexter/build/dexter_moveit
[0.388s] Level 1:colcon.colcon_core.environment:checking '/home/aditya/Cpps/Dexter/install/dexter_moveit' for CMake config files
[0.388s] Level 1:colcon.colcon_core.shell:create_environment_hook('dexter_moveit', 'cmake_prefix_path')
[0.389s] INFO:colcon.colcon_core.shell:Creating environment descriptor '/home/aditya/Cpps/Dexter/install/dexter_moveit/share/dexter_moveit/hook/cmake_prefix_path.dsv'
[0.389s] INFO:colcon.colcon_core.shell:Creating environment hook '/home/aditya/Cpps/Dexter/install/dexter_moveit/share/dexter_moveit/hook/cmake_prefix_path.sh'
[0.390s] Level 1:colcon.colcon_core.environment:checking '/home/aditya/Cpps/Dexter/install/dexter_moveit/bin'
[0.390s] Level 1:colcon.colcon_core.environment:checking '/home/aditya/Cpps/Dexter/install/dexter_moveit/lib/pkgconfig/dexter_moveit.pc'
[0.390s] Level 1:colcon.colcon_core.environment:checking '/home/aditya/Cpps/Dexter/install/dexter_moveit/lib/python3.12/site-packages'
[0.391s] Level 1:colcon.colcon_core.environment:checking '/home/aditya/Cpps/Dexter/install/dexter_moveit/bin'
[0.391s] INFO:colcon.colcon_core.shell:Creating package descriptor '/home/aditya/Cpps/Dexter/install/dexter_moveit/share/dexter_moveit/package.dsv'
[0.391s] INFO:colcon.colcon_core.shell:Creating package script '/home/aditya/Cpps/Dexter/install/dexter_moveit/share/dexter_moveit/package.sh'
[0.392s] INFO:colcon.colcon_core.shell:Creating package script '/home/aditya/Cpps/Dexter/install/dexter_moveit/share/dexter_moveit/package.bash'
[0.392s] INFO:colcon.colcon_core.shell:Creating package script '/home/aditya/Cpps/Dexter/install/dexter_moveit/share/dexter_moveit/package.zsh'
[0.392s] Level 1:colcon.colcon_core.environment:create_file_with_runtime_dependencies(/home/aditya/Cpps/Dexter/install/dexter_moveit/share/colcon-core/packages/dexter_moveit)
[0.393s] Level 1:colcon.colcon_core.environment:create_environment_scripts_only(dexter_moveit)
[0.393s] Level 1:colcon.colcon_core.environment:checking '/home/aditya/Cpps/Dexter/install/dexter_moveit' for CMake module files
[0.393s] Level 1:colcon.colcon_core.environment:checking '/home/aditya/Cpps/Dexter/install/dexter_moveit' for CMake config files
[0.394s] Level 1:colcon.colcon_core.shell:create_environment_hook('dexter_moveit', 'cmake_prefix_path')
[0.394s] INFO:colcon.colcon_core.shell:Creating environment descriptor '/home/aditya/Cpps/Dexter/install/dexter_moveit/share/dexter_moveit/hook/cmake_prefix_path.dsv'
[0.394s] INFO:colcon.colcon_core.shell:Creating environment hook '/home/aditya/Cpps/Dexter/install/dexter_moveit/share/dexter_moveit/hook/cmake_prefix_path.sh'
[0.395s] Level 1:colcon.colcon_core.environment:checking '/home/aditya/Cpps/Dexter/install/dexter_moveit/bin'
[0.395s] Level 1:colcon.colcon_core.environment:checking '/home/aditya/Cpps/Dexter/install/dexter_moveit/lib/pkgconfig/dexter_moveit.pc'
[0.395s] Level 1:colcon.colcon_core.environment:checking '/home/aditya/Cpps/Dexter/install/dexter_moveit/lib/python3.12/site-packages'
[0.396s] Level 1:colcon.colcon_core.environment:checking '/home/aditya/Cpps/Dexter/install/dexter_moveit/bin'
[0.396s] INFO:colcon.colcon_core.shell:Creating package descriptor '/home/aditya/Cpps/Dexter/install/dexter_moveit/share/dexter_moveit/package.dsv'
[0.396s] INFO:colcon.colcon_core.shell:Creating package script '/home/aditya/Cpps/Dexter/install/dexter_moveit/share/dexter_moveit/package.sh'
[0.397s] INFO:colcon.colcon_core.shell:Creating package script '/home/aditya/Cpps/Dexter/install/dexter_moveit/share/dexter_moveit/package.bash'
[0.397s] INFO:colcon.colcon_core.shell:Creating package script '/home/aditya/Cpps/Dexter/install/dexter_moveit/share/dexter_moveit/package.zsh'
[0.397s] Level 1:colcon.colcon_core.environment:create_file_with_runtime_dependencies(/home/aditya/Cpps/Dexter/install/dexter_moveit/share/colcon-core/packages/dexter_moveit)
[0.759s] DEBUG:colcon.colcon_core.event_handler.log_command:Invoked command in '/home/aditya/Cpps/Dexter/build/dexter_msgs' returned '0': CMAKE_PREFIX_PATH=${CMAKE_PREFIX_PATH}:/home/aditya/Cpps/Dexter/install/dexter_inventory:/home/aditya/ros2_ws/install/my_py_pkg:/opt/ros/jazzy DEBUGINFOD_URLS=https://debuginfod.ubuntu.com PS1=\[\e]0;\u@\h: \w\a\]${debian_chroot:+($debian_chroot)}\[\033[01;32m\]\u@\h\[\033[00m\]:\[\033[01;34m\]\w\[\033[00m\]\$ VIRTUAL_ENV_PROMPT=(venv-ardupilot) /usr/bin/cmake --build /home/aditya/Cpps/Dexter/build/dexter_msgs -- -j28 -l28
[0.761s] DEBUG:colcon.colcon_core.event_handler.log_command:Invoking command in '/home/aditya/Cpps/Dexter/build/dexter_msgs': CMAKE_PREFIX_PATH=${CMAKE_PREFIX_PATH}:/home/aditya/Cpps/Dexter/install/dexter_inventory:/home/aditya/ros2_ws/install/my_py_pkg:/opt/ros/jazzy DEBUGINFOD_URLS=https://debuginfod.ubuntu.com PS1=\[\e]0;\u@\h: \w\a\]${debian_chroot:+($debian_chroot)}\[\033[01;32m\]\u@\h\[\033[00m\]:\[\033[01;34m\]\w\[\033[00m\]\$ VIRTUAL_ENV_PROMPT=(venv-ardupilot) /usr/bin/cmake --install /home/aditya/Cpps/Dexter/build/dexter_msgs
[0.849s] Level 1:colcon.colcon_core.environment:create_environment_scripts_only(dexter_msgs)
[0.850s] DEBUG:colcon.colcon_core.event_handler.log_command:Invoked command in '/home/aditya/Cpps/Dexter/build/dexter_msgs' returned '0': CMAKE_PREFIX_PATH=${CMAKE_PREFIX_PATH}:/home/aditya/Cpps/Dexter/install/dexter_inventory:/home/aditya/ros2_ws/install/my_py_pkg:/opt/ros/jazzy DEBUGINFOD_URLS=https://debuginfod.ubuntu.com PS1=\[\e]0;\u@\h: \w\a\]${debian_chroot:+($debian_chroot)}\[\033[01;32m\]\u@\h\[\033[00m\]:\[\033[01;34m\]\w\[\033[00m\]\$ VIRTUAL_ENV_PROMPT=(venv-ardupilot) /usr/bin/cmake --install /home/aditya/Cpps/Dexter/build/dexter_msgs
[0.850s] Level 1:colcon.colcon_core.environment:checking '/home/aditya/Cpps/Dexter/install/dexter_msgs' for CMake module files
[0.851s] Level 1:colcon.colcon_core.environment:checking '/home/aditya/Cpps/Dexter/install/dexter_msgs' for CMake config files
[0.852s] Level 1:colcon.colcon_core.shell:create_environment_hook('dexter_msgs', 'cmake_prefix_path')
[0.852s] INFO:colcon.colcon_core.shell:Creating environment descriptor '/home/aditya/Cpps/Dexter/install/dexter_msgs/share/dexter_msgs/hook/cmake_prefix_path.dsv'
[0.853s] INFO:colcon.colcon_core.shell:Creating environment hook '/home/aditya/Cpps/Dexter/install/dexter_msgs/share/dexter_msgs/hook/cmake_prefix_path.sh'
[0.854s] Level 1:colcon.colcon_core.environment:checking '/home/aditya/Cpps/Dexter/install/dexter_msgs/lib'
[0.854s] Level 1:colcon.colcon_core.shell:create_environment_hook('dexter_msgs', 'ld_library_path_lib')
[0.854s] INFO:colcon.colcon_core.shell:Creating environment descriptor '/home/aditya/Cpps/Dexter/install/dexter_msgs/share/dexter_msgs/hook/ld_library_path_lib.dsv'
[0.855s] INFO:colcon.colcon_core.shell:Creating environment hook '/home/aditya/Cpps/Dexter/install/dexter_msgs/share/dexter_msgs/hook/ld_library_path_lib.sh'
[0.855s] Level 1:colcon.colcon_core.environment:checking '/home/aditya/Cpps/Dexter/install/dexter_msgs/bin'
[0.855s] Level 1:colcon.colcon_core.environment:checking '/home/aditya/Cpps/Dexter/install/dexter_msgs/lib/pkgconfig/dexter_msgs.pc'
[0.856s] Level 1:colcon.colcon_core.environment:checking '/home/aditya/Cpps/Dexter/install/dexter_msgs/lib/python3.12/site-packages'
[0.856s] Level 1:colcon.colcon_core.shell:create_environment_hook('dexter_msgs', 'pythonpath')
[0.856s] INFO:colcon.colcon_core.shell:Creating environment descriptor '/home/aditya/Cpps/Dexter/install/dexter_msgs/share/dexter_msgs/hook/pythonpath.dsv'
[0.857s] INFO:colcon.colcon_core.shell:Creating environment hook '/home/aditya/Cpps/Dexter/install/dexter_msgs/share/dexter_msgs/hook/pythonpath.sh'
[0.858s] Level 1:colcon.colcon_core.environment:checking '/home/aditya/Cpps/Dexter/install/dexter_msgs/bin'
[0.858s] INFO:colcon.colcon_core.shell:Creating package descriptor '/home/aditya/Cpps/Dexter/install/dexter_msgs/share/dexter_msgs/package.dsv'
[0.859s] INFO:colcon.colcon_core.shell:Creating package script '/home/aditya/Cpps/Dexter/install/dexter_msgs/share/dexter_msgs/package.sh'
[0.859s] INFO:colcon.colcon_core.shell:Creating package script '/home/aditya/Cpps/Dexter/install/dexter_msgs/share/dexter_msgs/package.bash'
[0.860s] INFO:colcon.colcon_core.shell:Creating package script '/home/aditya/Cpps/Dexter/install/dexter_msgs/share/dexter_msgs/package.zsh'
[0.860s] Level 1:colcon.colcon_core.environment:create_file_with_runtime_dependencies(/home/aditya/Cpps/Dexter/install/dexter_msgs/share/colcon-core/packages/dexter_msgs)
[0.861s] Level 1:colcon.colcon_core.environment:create_environment_scripts_only(dexter_msgs)
[0.861s] Level 1:colcon.colcon_core.environment:checking '/home/aditya/Cpps/Dexter/install/dexter_msgs' for CMake module files
[0.862s] Level 1:colcon.colcon_core.environment:checking '/home/aditya/Cpps/Dexter/install/dexter_msgs' for CMake config files
[0.863s] Level 1:colcon.colcon_core.shell:create_environment_hook('dexter_msgs', 'cmake_prefix_path')
[0.863s] INFO:colcon.colcon_core.shell:Creating environment descriptor '/home/aditya/Cpps/Dexter/install/dexter_msgs/share/dexter_msgs/hook/cmake_prefix_path.dsv'
[0.863s] INFO:colcon.colcon_core.shell:Creating environment hook '/home/aditya/Cpps/Dexter/install/dexter_msgs/share/dexter_msgs/hook/cmake_prefix_path.sh'
[0.864s] Level 1:colcon.colcon_core.environment:checking '/home/aditya/Cpps/Dexter/install/dexter_msgs/lib'
[0.864s] Level 1:colcon.colcon_core.shell:create_environment_hook('dexter_msgs', 'ld_library_path_lib')
[0.864s] INFO:colcon.colcon_core.shell:Creating environment descriptor '/home/aditya/Cpps/Dexter/install/dexter_msgs/share/dexter_msgs/hook/ld_library_path_lib.dsv'
[0.864s] INFO:colcon.colcon_core.shell:Creating environment hook '/home/aditya/Cpps/Dexter/install/dexter_msgs/share/dexter_msgs/hook/ld_library_path_lib.sh'
[0.865s] Level 1:colcon.colcon_core.environment:checking '/home/aditya/Cpps/Dexter/install/dexter_msgs/bin'
[0.865s] Level 1:colcon.colcon_core.environment:checking '/home/aditya/Cpps/Dexter/install/dexter_msgs/lib/pkgconfig/dexter_msgs.pc'
[0.865s] Level 1:colcon.colcon_core.environment:checking '/home/aditya/Cpps/Dexter/install/dexter_msgs/lib/python3.12/site-packages'
[0.865s] Level 1:colcon.colcon_core.shell:create_environment_hook('dexter_msgs', 'pythonpath')
[0.865s] INFO:colcon.colcon_core.shell:Creating environment descriptor '/home/aditya/Cpps/Dexter/install/dexter_msgs/share/dexter_msgs/hook/pythonpath.dsv'
[0.866s] INFO:colcon.colcon_core.shell:Creating environment hook '/home/aditya/Cpps/Dexter/install/dexter_msgs/share/dexter_msgs/hook/pythonpath.sh'
[0.866s] Level 1:colcon.colcon_core.environment:checking '/home/aditya/Cpps/Dexter/install/dexter_msgs/bin'
[0.866s] INFO:colcon.colcon_core.shell:Creating package descriptor '/home/aditya/Cpps/Dexter/install/dexter_msgs/share/dexter_msgs/package.dsv'
[0.867s] INFO:colcon.colcon_core.shell:Creating package script '/home/aditya/Cpps/Dexter/install/dexter_msgs/share/dexter_msgs/package.sh'
[0.867s] INFO:colcon.colcon_core.shell:Creating package script '/home/aditya/Cpps/Dexter/install/dexter_msgs/share/dexter_msgs/package.bash'
[0.868s] INFO:colcon.colcon_core.shell:Creating package script '/home/aditya/Cpps/Dexter/install/dexter_msgs/share/dexter_msgs/package.zsh'
[0.868s] Level 1:colcon.colcon_core.environment:create_file_with_runtime_dependencies(/home/aditya/Cpps/Dexter/install/dexter_msgs/share/colcon-core/packages/dexter_msgs)
[0.868s] INFO:colcon.colcon_ros.task.ament_python.build:Building ROS package in '/home/aditya/Cpps/Dexter/dexter_inventory' with build type 'ament_python'
[0.868s] Level 1:colcon.colcon_core.shell:create_environment_hook('dexter_inventory', 'ament_prefix_path')
[0.869s] INFO:colcon.colcon_core.shell:Creating environment descriptor '/home/aditya/Cpps/Dexter/install/dexter_inventory/share/dexter_inventory/hook/ament_prefix_path.dsv'
[0.870s] INFO:colcon.colcon_core.shell:Creating environment hook '/home/aditya/Cpps/Dexter/install/dexter_inventory/share/dexter_inventory/hook/ament_prefix_path.sh'
[0.870s] DEBUG:colcon.colcon_core.shell:Skip shell extension 'dsv' for command environment
[0.874s] INFO:colcon.colcon_ros.task.ament_cmake.build:Building ROS package in '/home/aditya/Cpps/Dexter/dexter_utils' with build type 'ament_cmake'
[0.875s] INFO:colcon.colcon_cmake.task.cmake.build:Building CMake package in '/home/aditya/Cpps/Dexter/dexter_utils'
[0.875s] DEBUG:colcon.colcon_core.shell:Skip shell extension 'dsv' for command environment
[1.109s] INFO:colcon.colcon_core.task.python.build:Building Python package in '/home/aditya/Cpps/Dexter/dexter_inventory'
[1.109s] DEBUG:colcon.colcon_core.shell:Skip shell extension 'dsv' for command environment
[1.123s] DEBUG:colcon.colcon_core.event_handler.log_command:Invoking command in '/home/aditya/Cpps/Dexter/build/dexter_utils': CMAKE_PREFIX_PATH=/home/aditya/Cpps/Dexter/install/dexter_msgs:/home/aditya/Cpps/Dexter/install/dexter_utils:/home/aditya/Cpps/Dexter/install/dexter_bringup:/home/aditya/Cpps/Dexter/install/dexter_remote:/home/aditya/Cpps/Dexter/install/dexter_moveit:/home/aditya/Cpps/Dexter/install/dexter_controller:/home/aditya/Cpps/Dexter/install/dexter_description:/home/aditya/ros2_ws/install/my_robot_bringup:/home/aditya/ros2_ws/install/my_cpp_pkg:/home/aditya/ros2_ws/install/my_robot_interfaces:/opt/ros/jazzy/opt/gz_sim_vendor:/opt/ros/jazzy/opt/gz_sensors_vendor:/opt/ros/jazzy/opt/gz_physics_vendor:/opt/ros/jazzy/opt/sdformat_vendor:/opt/ros/jazzy/opt/gz_gui_vendor:/opt/ros/jazzy/opt/gz_transport_vendor:/opt/ros/jazzy/opt/gz_rendering_vendor:/opt/ros/jazzy/opt/gz_plugin_vendor:/opt/ros/jazzy/opt/gz_fuel_tools_vendor:/opt/ros/jazzy/opt/gz_msgs_vendor:/opt/ros/jazzy/opt/gz_common_vendor:/opt/ros/jazzy/opt/gz_math_vendor:/opt/ros/jazzy/opt/gz_utils_vendor:/opt/ros/jazzy/opt/gz_tools_vendor:/opt/ros/jazzy/opt/gz_ogre_next_vendor:/opt/ros/jazzy/opt/gz_dartsim_vendor:/opt/ros/jazzy/opt/gz_cmake_vendor:/home/aditya/Cpps/Dexter/install/dexter_inventory:/home/aditya/ros2_ws/install/my_py_pkg:/opt/ros/jazzy DEBUGINFOD_URLS=https://debuginfod.ubuntu.com LD_LIBRARY_PATH=/home/aditya/Cpps/Dexter/install/dexter_msgs/lib:/home/aditya/Cpps/Dexter/install/dexter_remote/lib:/home/aditya/Cpps/Dexter/install/dexter_controller/lib:/home/aditya/ros2_ws/install/my_robot_interfaces/lib:/opt/ros/jazzy/opt/gz_sim_vendor/lib:/opt/ros/jazzy/opt/gz_sensors_vendor/lib:/opt/ros/jazzy/opt/gz_physics_vendor/lib:/opt/ros/jazzy/opt/sdformat_vendor/lib:/opt/ros/jazzy/opt/rviz_ogre_vendor/lib:/opt/ros/jazzy/lib/x86_64-linux-gnu:/opt/ros/jazzy/opt/gz_gui_vendor/lib:/opt/ros/jazzy/opt/gz_transport_vendor/lib:/opt/ros/jazzy/opt/gz_rendering_vendor/lib:/opt/ros/jazzy/opt/gz_plugin_vendor/lib:/opt/ros/jazzy/opt/gz_fuel_tools_vendor/lib:/opt/ros/jazzy/opt/gz_msgs_vendor/lib:/opt/ros/jazzy/opt/gz_common_vendor/lib:/opt/ros/jazzy/opt/gz_math_vendor/lib:/opt/ros/jazzy/opt/gz_utils_vendor/lib:/opt/ros/jazzy/opt/gz_tools_vendor/lib:/opt/ros/jazzy/opt/gz_ogre_next_vendor/lib:/opt/ros/jazzy/opt/gz_dartsim_vendor/lib:/opt/ros/jazzy/opt/gz_cmake_vendor/lib:/opt/ros/jazzy/lib PS1=\[\e]0;\u@\h: \w\a\]${debian_chroot:+($debian_chroot)}\[\033[01;32m\]\u@\h\[\033[00m\]:\[\033[01;34m\]\w\[\033[00m\]\$ PYTHONPATH=/home/aditya/Cpps/Dexter/install/dexter_msgs/lib/python3.12/site-packages:/home/aditya/Cpps/Dexter/build/dexter_inventory:/home/aditya/Cpps/Dexter/install/dexter_utils/lib/python3.12/site-packages:/home/aditya/Cpps/Dexter/install/dexter_remote/lib/python3.12/site-packages:/home/aditya/Cpps/Dexter/install/dexter_inventory/lib/python3.12/site-packages:/home/aditya/Cpps/Dexter/install/dexter_controller/lib/python3.12/site-packages:/home/aditya/ros2_ws/install/my_py_pkg/lib/python3.12/site-packages:/home/aditya/ros2_ws/install/my_robot_interfaces/lib/python3.12/site-packages:/opt/ros/jazzy/lib/python3.12/site-packages VIRTUAL_ENV_PROMPT=(venv-ardupilot) /usr/bin/cmake --build /home/aditya/Cpps/Dexter/build/dexter_utils -- -j28 -l28
[1.124s] DEBUG:colcon.colcon_core.event_handler.log_command:Invoked command in '/home/aditya/Cpps/Dexter/build/dexter_controller' returned '0': CMAKE_PREFIX_PATH=/home/aditya/Cpps/Dexter/install/dexter_description:/home/aditya/Cpps/Dexter/install/dexter_utils:/home/aditya/Cpps/Dexter/install/dexter_bringup:/home/aditya/Cpps/Dexter/install/dexter_remote:/home/aditya/Cpps/Dexter/install/dexter_msgs:/home/aditya/Cpps/Dexter/install/dexter_moveit:/home/aditya/Cpps/Dexter/install/dexter_controller:/home/aditya/ros2_ws/install/my_robot_bringup:/home/aditya/ros2_ws/install/my_cpp_pkg:/home/aditya/ros2_ws/install/my_robot_interfaces:/opt/ros/jazzy/opt/gz_sim_vendor:/opt/ros/jazzy/opt/gz_sensors_vendor:/opt/ros/jazzy/opt/gz_physics_vendor:/opt/ros/jazzy/opt/sdformat_vendor:/opt/ros/jazzy/opt/gz_gui_vendor:/opt/ros/jazzy/opt/gz_transport_vendor:/opt/ros/jazzy/opt/gz_rendering_vendor:/opt/ros/jazzy/opt/gz_plugin_vendor:/opt/ros/jazzy/opt/gz_fuel_tools_vendor:/opt/ros/jazzy/opt/gz_msgs_vendor:/opt/ros/jazzy/opt/gz_common_vendor:/opt/ros/jazzy/opt/gz_math_vendor:/opt/ros/jazzy/opt/gz_utils_vendor:/opt/ros/jazzy/opt/gz_tools_vendor:/opt/ros/jazzy/opt/gz_ogre_next_vendor:/opt/ros/jazzy/opt/gz_dartsim_vendor:/opt/ros/jazzy/opt/gz_cmake_vendor:/home/aditya/Cpps/Dexter/install/dexter_inventory:/home/aditya/ros2_ws/install/my_py_pkg:/opt/ros/jazzy DEBUGINFOD_URLS=https://debuginfod.ubuntu.com PS1=\[\e]0;\u@\h: \w\a\]${debian_chroot:+($debian_chroot)}\[\033[01;32m\]\u@\h\[\033[00m\]:\[\033[01;34m\]\w\[\033[00m\]\$ VIRTUAL_ENV_PROMPT=(venv-ardupilot) /usr/bin/cmake --build /home/aditya/Cpps/Dexter/build/dexter_controller -- -j28 -l28
[1.126s] DEBUG:colcon.colcon_core.event_handler.log_command:Invoking command in '/home/aditya/Cpps/Dexter/build/dexter_controller': CMAKE_PREFIX_PATH=/home/aditya/Cpps/Dexter/install/dexter_description:/home/aditya/Cpps/Dexter/install/dexter_utils:/home/aditya/Cpps/Dexter/install/dexter_bringup:/home/aditya/Cpps/Dexter/install/dexter_remote:/home/aditya/Cpps/Dexter/install/dexter_msgs:/home/aditya/Cpps/Dexter/install/dexter_moveit:/home/aditya/Cpps/Dexter/install/dexter_controller:/home/aditya/ros2_ws/install/my_robot_bringup:/home/aditya/ros2_ws/install/my_cpp_pkg:/home/aditya/ros2_ws/install/my_robot_interfaces:/opt/ros/jazzy/opt/gz_sim_vendor:/opt/ros/jazzy/opt/gz_sensors_vendor:/opt/ros/jazzy/opt/gz_physics_vendor:/opt/ros/jazzy/opt/sdformat_vendor:/opt/ros/jazzy/opt/gz_gui_vendor:/opt/ros/jazzy/opt/gz_transport_vendor:/opt/ros/jazzy/opt/gz_rendering_vendor:/opt/ros/jazzy/opt/gz_plugin_vendor:/opt/ros/jazzy/opt/gz_fuel_tools_vendor:/opt/ros/jazzy/opt/gz_msgs_vendor:/opt/ros/jazzy/opt/gz_common_vendor:/opt/ros/jazzy/opt/gz_math_vendor:/opt/ros/jazzy/opt/gz_utils_vendor:/opt/ros/jazzy/opt/gz_tools_vendor:/opt/ros/jazzy/opt/gz_ogre_next_vendor:/opt/ros/jazzy/opt/gz_dartsim_vendor:/opt/ros/jazzy/opt/gz_cmake_vendor:/home/aditya/Cpps/Dexter/install/dexter_inventory:/home/aditya/ros2_ws/install/my_py_pkg:/opt/ros/jazzy DEBUGINFOD_URLS=https://debuginfod.ubuntu.com PS1=\[\e]0;\u@\h: \w\a\]${debian_chroot:+($debian_chroot)}\[\033[01;32m\]\u@\h\[\033[00m\]:\[\033[01;34m\]\w\[\033[00m\]\$ VIRTUAL_ENV_PROMPT=(venv-ardupilot) /usr/bin/cmake --install /home/aditya/Cpps/Dexter/build/dexter_controller
[1.207s] Level 1:colcon.colcon_core.environment:create_environment_scripts_only(dexter_controller)
[1.208s] Level 1:colcon.colcon_core.environment:checking '/home/aditya/Cpps/Dexter/install/dexter_controller' for CMake module files
[1.209s] DEBUG:colcon.colcon_core.event_handler.log_command:Invoked command in '/home/aditya/Cpps/Dexter/build/dexter_controller' returned '0': CMAKE_PREFIX_PATH=/home/aditya/Cpps/Dexter/install/dexter_description:/home/aditya/Cpps/Dexter/install/dexter_utils:/home/aditya/Cpps/Dexter/install/dexter_bringup:/home/aditya/Cpps/Dexter/install/dexter_remote:/home/aditya/Cpps/Dexter/install/dexter_msgs:/home/aditya/Cpps/Dexter/install/dexter_moveit:/home/aditya/Cpps/Dexter/install/dexter_controller:/home/aditya/ros2_ws/install/my_robot_bringup:/home/aditya/ros2_ws/install/my_cpp_pkg:/home/aditya/ros2_ws/install/my_robot_interfaces:/opt/ros/jazzy/opt/gz_sim_vendor:/opt/ros/jazzy/opt/gz_sensors_vendor:/opt/ros/jazzy/opt/gz_physics_vendor:/opt/ros/jazzy/opt/sdformat_vendor:/opt/ros/jazzy/opt/gz_gui_vendor:/opt/ros/jazzy/opt/gz_transport_vendor:/opt/ros/jazzy/opt/gz_rendering_vendor:/opt/ros/jazzy/opt/gz_plugin_vendor:/opt/ros/jazzy/opt/gz_fuel_tools_vendor:/opt/ros/jazzy/opt/gz_msgs_vendor:/opt/ros/jazzy/opt/gz_common_vendor:/opt/ros/jazzy/opt/gz_math_vendor:/opt/ros/jazzy/opt/gz_utils_vendor:/opt/ros/jazzy/opt/gz_tools_vendor:/opt/ros/jazzy/opt/gz_ogre_next_vendor:/opt/ros/jazzy/opt/gz_dartsim_vendor:/opt/ros/jazzy/opt/gz_cmake_vendor:/home/aditya/Cpps/Dexter/install/dexter_inventory:/home/aditya/ros2_ws/install/my_py_pkg:/opt/ros/jazzy DEBUGINFOD_URLS=https://debuginfod.ubuntu.com PS1=\[\e]0;\u@\h: \w\a\]${debian_chroot:+($debian_chroot)}\[\033[01;32m\]\u@\h\[\033[00m\]:\[\033[01;34m\]\w\[\033[00m\]\$ VIRTUAL_ENV_PROMPT=(venv-ardupilot) /usr/bin/cmake --install /home/aditya/Cpps/Dexter/build/dexter_controller
[1.209s] Level 1:colcon.colcon_core.environment:checking '/home/aditya/Cpps/Dexter/install/dexter_controller' for CMake config files
[1.210s] Level 1:colcon.colcon_core.shell:create_environment_hook('dexter_controller', 'cmake_prefix_path')
[1.210s] INFO:colcon.colcon_core.shell:Creating environment descriptor '/home/aditya/Cpps/Dexter/install/dexter_controller/share/dexter_controller/hook/cmake_prefix_path.dsv'
[1.211s] INFO:colcon.colcon_core.shell:Creating environment hook '/home/aditya/Cpps/Dexter/install/dexter_controller/share/dexter_controller/hook/cmake_prefix_path.sh'
[1.212s] Level 1:colcon.colcon_core.environment:checking '/home/aditya/Cpps/Dexter/install/dexter_controller/lib'
[1.212s] Level 1:colcon.colcon_core.shell:create_environment_hook('dexter_controller', 'ld_library_path_lib')
[1.213s] INFO:colcon.colcon_core.shell:Creating environment descriptor '/home/aditya/Cpps/Dexter/install/dexter_controller/share/dexter_controller/hook/ld_library_path_lib.dsv'
[1.213s] INFO:colcon.colcon_core.shell:Creating environment hook '/home/aditya/Cpps/Dexter/install/dexter_controller/share/dexter_controller/hook/ld_library_path_lib.sh'
[1.214s] Level 1:colcon.colcon_core.environment:checking '/home/aditya/Cpps/Dexter/install/dexter_controller/bin'
[1.214s] Level 1:colcon.colcon_core.environment:checking '/home/aditya/Cpps/Dexter/install/dexter_controller/lib/pkgconfig/dexter_controller.pc'
[1.214s] Level 1:colcon.colcon_core.environment:checking '/home/aditya/Cpps/Dexter/install/dexter_controller/lib/python3.12/site-packages'
[1.215s] Level 1:colcon.colcon_core.shell:create_environment_hook('dexter_controller', 'pythonpath')
[1.215s] INFO:colcon.colcon_core.shell:Creating environment descriptor '/home/aditya/Cpps/Dexter/install/dexter_controller/share/dexter_controller/hook/pythonpath.dsv'
[1.216s] INFO:colcon.colcon_core.shell:Creating environment hook '/home/aditya/Cpps/Dexter/install/dexter_controller/share/dexter_controller/hook/pythonpath.sh'
[1.217s] Level 1:colcon.colcon_core.environment:checking '/home/aditya/Cpps/Dexter/install/dexter_controller/bin'
[1.217s] INFO:colcon.colcon_core.shell:Creating package descriptor '/home/aditya/Cpps/Dexter/install/dexter_controller/share/dexter_controller/package.dsv'
[1.218s] INFO:colcon.colcon_core.shell:Creating package script '/home/aditya/Cpps/Dexter/install/dexter_controller/share/dexter_controller/package.sh'
[1.219s] INFO:colcon.colcon_core.shell:Creating package script '/home/aditya/Cpps/Dexter/install/dexter_controller/share/dexter_controller/package.bash'
[1.220s] INFO:colcon.colcon_core.shell:Creating package script '/home/aditya/Cpps/Dexter/install/dexter_controller/share/dexter_controller/package.zsh'
[1.220s] Level 1:colcon.colcon_core.environment:create_file_with_runtime_dependencies(/home/aditya/Cpps/Dexter/install/dexter_controller/share/colcon-core/packages/dexter_controller)
[1.221s] Level 1:colcon.colcon_core.environment:create_environment_scripts_only(dexter_controller)
[1.221s] Level 1:colcon.colcon_core.environment:checking '/home/aditya/Cpps/Dexter/install/dexter_controller' for CMake module files
[1.222s] Level 1:colcon.colcon_core.environment:checking '/home/aditya/Cpps/Dexter/install/dexter_controller' for CMake config files
[1.223s] Level 1:colcon.colcon_core.shell:create_environment_hook('dexter_controller', 'cmake_prefix_path')
[1.223s] INFO:colcon.colcon_core.shell:Creating environment descriptor '/home/aditya/Cpps/Dexter/install/dexter_controller/share/dexter_controller/hook/cmake_prefix_path.dsv'
[1.224s] INFO:colcon.colcon_core.shell:Creating environment hook '/home/aditya/Cpps/Dexter/install/dexter_controller/share/dexter_controller/hook/cmake_prefix_path.sh'
[1.225s] Level 1:colcon.colcon_core.environment:checking '/home/aditya/Cpps/Dexter/install/dexter_controller/lib'
[1.225s] Level 1:colcon.colcon_core.shell:create_environment_hook('dexter_controller', 'ld_library_path_lib')
[1.225s] INFO:colcon.colcon_core.shell:Creating environment descriptor '/home/aditya/Cpps/Dexter/install/dexter_controller/share/dexter_controller/hook/ld_library_path_lib.dsv'
[1.226s] INFO:colcon.colcon_core.shell:Creating environment hook '/home/aditya/Cpps/Dexter/install/dexter_controller/share/dexter_controller/hook/ld_library_path_lib.sh'
[1.226s] Level 1:colcon.colcon_core.environment:checking '/home/aditya/Cpps/Dexter/install/dexter_controller/bin'
[1.226s] Level 1:colcon.colcon_core.environment:checking '/home/aditya/Cpps/Dexter/install/dexter_controller/lib/pkgconfig/dexter_controller.pc'
[1.227s] Level 1:colcon.colcon_core.environment:checking '/home/aditya/Cpps/Dexter/install/dexter_controller/lib/python3.12/site-packages'
[1.227s] Level 1:colcon.colcon_core.shell:create_environment_hook('dexter_controller', 'pythonpath')
[1.227s] INFO:colcon.colcon_core.shell:Creating environment descriptor '/home/aditya/Cpps/Dexter/install/dexter_controller/share/dexter_controller/hook/pythonpath.dsv'
[1.227s] INFO:colcon.colcon_core.shell:Creating environment hook '/home/aditya/Cpps/Dexter/install/dexter_controller/share/dexter_controller/hook/pythonpath.sh'
[1.228s] Level 1:colcon.colcon_core.environment:checking '/home/aditya/Cpps/Dexter/install/dexter_controller/bin'
[1.228s] INFO:colcon.colcon_core.shell:Creating package descriptor '/home/aditya/Cpps/Dexter/install/dexter_controller/share/dexter_controller/package.dsv'
[1.229s] INFO:colcon.colcon_core.shell:Creating package script '/home/aditya/Cpps/Dexter/install/dexter_controller/share/dexter_controller/package.sh'
[1.229s] INFO:colcon.colcon_core.shell:Creating package script '/home/aditya/Cpps/Dexter/install/dexter_controller/share/dexter_controller/package.bash'
[1.230s] INFO:colcon.colcon_core.shell:Creating package script '/home/aditya/Cpps/Dexter/install/dexter_controller/share/dexter_controller/package.zsh'
[1.230s] Level 1:colcon.colcon_core.environment:create_file_with_runtime_dependencies(/home/aditya/Cpps/Dexter/install/dexter_controller/share/colcon-core/packages/dexter_controller)
[1.682s] DEBUG:colcon.colcon_core.event_handler.log_command:Invoked command in '/home/aditya/Cpps/Dexter/build/dexter_utils' returned '0': CMAKE_PREFIX_PATH=/home/aditya/Cpps/Dexter/install/dexter_msgs:/home/aditya/Cpps/Dexter/install/dexter_utils:/home/aditya/Cpps/Dexter/install/dexter_bringup:/home/aditya/Cpps/Dexter/install/dexter_remote:/home/aditya/Cpps/Dexter/install/dexter_moveit:/home/aditya/Cpps/Dexter/install/dexter_controller:/home/aditya/Cpps/Dexter/install/dexter_description:/home/aditya/ros2_ws/install/my_robot_bringup:/home/aditya/ros2_ws/install/my_cpp_pkg:/home/aditya/ros2_ws/install/my_robot_interfaces:/opt/ros/jazzy/opt/gz_sim_vendor:/opt/ros/jazzy/opt/gz_sensors_vendor:/opt/ros/jazzy/opt/gz_physics_vendor:/opt/ros/jazzy/opt/sdformat_vendor:/opt/ros/jazzy/opt/gz_gui_vendor:/opt/ros/jazzy/opt/gz_transport_vendor:/opt/ros/jazzy/opt/gz_rendering_vendor:/opt/ros/jazzy/opt/gz_plugin_vendor:/opt/ros/jazzy/opt/gz_fuel_tools_vendor:/opt/ros/jazzy/opt/gz_msgs_vendor:/opt/ros/jazzy/opt/gz_common_vendor:/opt/ros/jazzy/opt/gz_math_vendor:/opt/ros/jazzy/opt/gz_utils_vendor:/opt/ros/jazzy/opt/gz_tools_vendor:/opt/ros/jazzy/opt/gz_ogre_next_vendor:/opt/ros/jazzy/opt/gz_dartsim_vendor:/opt/ros/jazzy/opt/gz_cmake_vendor:/home/aditya/Cpps/Dexter/install/dexter_inventory:/home/aditya/ros2_ws/install/my_py_pkg:/opt/ros/jazzy DEBUGINFOD_URLS=https://debuginfod.ubuntu.com LD_LIBRARY_PATH=/home/aditya/Cpps/Dexter/install/dexter_msgs/lib:/home/aditya/Cpps/Dexter/install/dexter_remote/lib:/home/aditya/Cpps/Dexter/install/dexter_controller/lib:/home/aditya/ros2_ws/install/my_robot_interfaces/lib:/opt/ros/jazzy/opt/gz_sim_vendor/lib:/opt/ros/jazzy/opt/gz_sensors_vendor/lib:/opt/ros/jazzy/opt/gz_physics_vendor/lib:/opt/ros/jazzy/opt/sdformat_vendor/lib:/opt/ros/jazzy/opt/rviz_ogre_vendor/lib:/opt/ros/jazzy/lib/x86_64-linux-gnu:/opt/ros/jazzy/opt/gz_gui_vendor/lib:/opt/ros/jazzy/opt/gz_transport_vendor/lib:/opt/ros/jazzy/opt/gz_rendering_vendor/lib:/opt/ros/jazzy/opt/gz_plugin_vendor/lib:/opt/ros/jazzy/opt/gz_fuel_tools_vendor/lib:/opt/ros/jazzy/opt/gz_msgs_vendor/lib:/opt/ros/jazzy/opt/gz_common_vendor/lib:/opt/ros/jazzy/opt/gz_math_vendor/lib:/opt/ros/jazzy/opt/gz_utils_vendor/lib:/opt/ros/jazzy/opt/gz_tools_vendor/lib:/opt/ros/jazzy/opt/gz_ogre_next_vendor/lib:/opt/ros/jazzy/opt/gz_dartsim_vendor/lib:/opt/ros/jazzy/opt/gz_cmake_vendor/lib:/opt/ros/jazzy/lib PS1=\[\e]0;\u@\h: \w\a\]${debian_chroot:+($debian_chroot)}\[\033[01;32m\]\u@\h\[\033[00m\]:\[\033[01;34m\]\w\[\033[00m\]\$ PYTHONPATH=/home/aditya/Cpps/Dexter/install/dexter_msgs/lib/python3.12/site-packages:/home/aditya/Cpps/Dexter/build/dexter_inventory:/home/aditya/Cpps/Dexter/install/dexter_utils/lib/python3.12/site-packages:/home/aditya/Cpps/Dexter/install/dexter_remote/lib/python3.12/site-packages:/home/aditya/Cpps/Dexter/install/dexter_inventory/lib/python3.12/site-packages:/home/aditya/Cpps/Dexter/install/dexter_controller/lib/python3.12/site-packages:/home/aditya/ros2_ws/install/my_py_pkg/lib/python3.12/site-packages:/home/aditya/ros2_ws/install/my_robot_interfaces/lib/python3.12/site-packages:/opt/ros/jazzy/lib/python3.12/site-packages VIRTUAL_ENV_PROMPT=(venv-ardupilot) /usr/bin/cmake --build /home/aditya/Cpps/Dexter/build/dexter_utils -- -j28 -l28
[1.683s] DEBUG:colcon.colcon_core.event_handler.log_command:Invoking command in '/home/aditya/Cpps/Dexter/build/dexter_utils': CMAKE_PREFIX_PATH=/home/aditya/Cpps/Dexter/install/dexter_msgs:/home/aditya/Cpps/Dexter/install/dexter_utils:/home/aditya/Cpps/Dexter/install/dexter_bringup:/home/aditya/Cpps/Dexter/install/dexter_remote:/home/aditya/Cpps/Dexter/install/dexter_moveit:/home/aditya/Cpps/Dexter/install/dexter_controller:/home/aditya/Cpps/Dexter/install/dexter_description:/home/aditya/ros2_ws/install/my_robot_bringup:/home/aditya/ros2_ws/install/my_cpp_pkg:/home/aditya/ros2_ws/install/my_robot_interfaces:/opt/ros/jazzy/opt/gz_sim_vendor:/opt/ros/jazzy/opt/gz_sensors_vendor:/opt/ros/jazzy/opt/gz_physics_vendor:/opt/ros/jazzy/opt/sdformat_vendor:/opt/ros/jazzy/opt/gz_gui_vendor:/opt/ros/jazzy/opt/gz_transport_vendor:/opt/ros/jazzy/opt/gz_rendering_vendor:/opt/ros/jazzy/opt/gz_plugin_vendor:/opt/ros/jazzy/opt/gz_fuel_tools_vendor:/opt/ros/jazzy/opt/gz_msgs_vendor:/opt/ros/jazzy/opt/gz_common_vendor:/opt/ros/jazzy/opt/gz_math_vendor:/opt/ros/jazzy/opt/gz_utils_vendor:/opt/ros/jazzy/opt/gz_tools_vendor:/opt/ros/jazzy/opt/gz_ogre_next_vendor:/opt/ros/jazzy/opt/gz_dartsim_vendor:/opt/ros/jazzy/opt/gz_cmake_vendor:/home/aditya/Cpps/Dexter/install/dexter_inventory:/home/aditya/ros2_ws/install/my_py_pkg:/opt/ros/jazzy DEBUGINFOD_URLS=https://debuginfod.ubuntu.com LD_LIBRARY_PATH=/home/aditya/Cpps/Dexter/install/dexter_msgs/lib:/home/aditya/Cpps/Dexter/install/dexter_remote/lib:/home/aditya/Cpps/Dexter/install/dexter_controller/lib:/home/aditya/ros2_ws/install/my_robot_interfaces/lib:/opt/ros/jazzy/opt/gz_sim_vendor/lib:/opt/ros/jazzy/opt/gz_sensors_vendor/lib:/opt/ros/jazzy/opt/gz_physics_vendor/lib:/opt/ros/jazzy/opt/sdformat_vendor/lib:/opt/ros/jazzy/opt/rviz_ogre_vendor/lib:/opt/ros/jazzy/lib/x86_64-linux-gnu:/opt/ros/jazzy/opt/gz_gui_vendor/lib:/opt/ros/jazzy/opt/gz_transport_vendor/lib:/opt/ros/jazzy/opt/gz_rendering_vendor/lib:/opt/ros/jazzy/opt/gz_plugin_vendor/lib:/opt/ros/jazzy/opt/gz_fuel_tools_vendor/lib:/opt/ros/jazzy/opt/gz_msgs_vendor/lib:/opt/ros/jazzy/opt/gz_common_vendor/lib:/opt/ros/jazzy/opt/gz_math_vendor/lib:/opt/ros/jazzy/opt/gz_utils_vendor/lib:/opt/ros/jazzy/opt/gz_tools_vendor/lib:/opt/ros/jazzy/opt/gz_ogre_next_vendor/lib:/opt/ros/jazzy/opt/gz_dartsim_vendor/lib:/opt/ros/jazzy/opt/gz_cmake_vendor/lib:/opt/ros/jazzy/lib PS1=\[\e]0;\u@\h: \w\a\]${debian_chroot:+($debian_chroot)}\[\033[01;32m\]\u@\h\[\033[00m\]:\[\033[01;34m\]\w\[\033[00m\]\$ PYTHONPATH=/home/aditya/Cpps/Dexter/install/dexter_msgs/lib/python3.12/site-packages:/home/aditya/Cpps/Dexter/build/dexter_inventory:/home/aditya/Cpps/Dexter/install/dexter_utils/lib/python3.12/site-packages:/home/aditya/Cpps/Dexter/install/dexter_remote/lib/python3.12/site-packages:/home/aditya/Cpps/Dexter/install/dexter_inventory/lib/python3.12/site-packages:/home/aditya/Cpps/Dexter/install/dexter_controller/lib/python3.12/site-packages:/home/aditya/ros2_ws/install/my_py_pkg/lib/python3.12/site-packages:/home/aditya/ros2_ws/install/my_robot_interfaces/lib/python3.12/site-packages:/opt/ros/jazzy/lib/python3.12/site-packages VIRTUAL_ENV_PROMPT=(venv-ardupilot) /usr/bin/cmake --install /home/aditya/Cpps/Dexter/build/dexter_utils
[1.758s] Level 1:colcon.colcon_core.environment:create_environment_scripts_only(dexter_utils)
[1.758s] Level 1:colcon.colcon_core.environment:checking '/home/aditya/Cpps/Dexter/install/dexter_utils' for CMake module files
[1.758s] DEBUG:colcon.colcon_core.event_handler.log_command:Invoked command in '/home/aditya/Cpps/Dexter/build/dexter_utils' returned '0': CMAKE_PREFIX_PATH=/home/aditya/Cpps/Dexter/install/dexter_msgs:/home/aditya/Cpps/Dexter/install/dexter_utils:/home/aditya/Cpps/Dexter/install/dexter_bringup:/home/aditya/Cpps/Dexter/install/dexter_remote:/home/aditya/Cpps/Dexter/install/dexter_moveit:/home/aditya/Cpps/Dexter/install/dexter_controller:/home/aditya/Cpps/Dexter/install/dexter_description:/home/aditya/ros2_ws/install/my_robot_bringup:/home/aditya/ros2_ws/install/my_cpp_pkg:/home/aditya/ros2_ws/install/my_robot_interfaces:/opt/ros/jazzy/opt/gz_sim_vendor:/opt/ros/jazzy/opt/gz_sensors_vendor:/opt/ros/jazzy/opt/gz_physics_vendor:/opt/ros/jazzy/opt/sdformat_vendor:/opt/ros/jazzy/opt/gz_gui_vendor:/opt/ros/jazzy/opt/gz_transport_vendor:/opt/ros/jazzy/opt/gz_rendering_vendor:/opt/ros/jazzy/opt/gz_plugin_vendor:/opt/ros/jazzy/opt/gz_fuel_tools_vendor:/opt/ros/jazzy/opt/gz_msgs_vendor:/opt/ros/jazzy/opt/gz_common_vendor:/opt/ros/jazzy/opt/gz_math_vendor:/opt/ros/jazzy/opt/gz_utils_vendor:/opt/ros/jazzy/opt/gz_tools_vendor:/opt/ros/jazzy/opt/gz_ogre_next_vendor:/opt/ros/jazzy/opt/gz_dartsim_vendor:/opt/ros/jazzy/opt/gz_cmake_vendor:/home/aditya/Cpps/Dexter/install/dexter_inventory:/home/aditya/ros2_ws/install/my_py_pkg:/opt/ros/jazzy DEBUGINFOD_URLS=https://debuginfod.ubuntu.com LD_LIBRARY_PATH=/home/aditya/Cpps/Dexter/install/dexter_msgs/lib:/home/aditya/Cpps/Dexter/install/dexter_remote/lib:/home/aditya/Cpps/Dexter/install/dexter_controller/lib:/home/aditya/ros2_ws/install/my_robot_interfaces/lib:/opt/ros/jazzy/opt/gz_sim_vendor/lib:/opt/ros/jazzy/opt/gz_sensors_vendor/lib:/opt/ros/jazzy/opt/gz_physics_vendor/lib:/opt/ros/jazzy/opt/sdformat_vendor/lib:/opt/ros/jazzy/opt/rviz_ogre_vendor/lib:/opt/ros/jazzy/lib/x86_64-linux-gnu:/opt/ros/jazzy/opt/gz_gui_vendor/lib:/opt/ros/jazzy/opt/gz_transport_vendor/lib:/opt/ros/jazzy/opt/gz_rendering_vendor/lib:/opt/ros/jazzy/opt/gz_plugin_vendor/lib:/opt/ros/jazzy/opt/gz_fuel_tools_vendor/lib:/opt/ros/jazzy/opt/gz_msgs_vendor/lib:/opt/ros/jazzy/opt/gz_common_vendor/lib:/opt/ros/jazzy/opt/gz_math_vendor/lib:/opt/ros/jazzy/opt/gz_utils_vendor/lib:/opt/ros/jazzy/opt/gz_tools_vendor/lib:/opt/ros/jazzy/opt/gz_ogre_next_vendor/lib:/opt/ros/jazzy/opt/gz_dartsim_vendor/lib:/opt/ros/jazzy/opt/gz_cmake_vendor/lib:/opt/ros/jazzy/lib PS1=\[\e]0;\u@\h: \w\a\]${debian_chroot:+($debian_chroot)}\[\033[01;32m\]\u@\h\[\033[00m\]:\[\033[01;34m\]\w\[\033[00m\]\$ PYTHONPATH=/home/aditya/Cpps/Dexter/install/dexter_msgs/lib/python3.12/site-packages:/home/aditya/Cpps/Dexter/build/dexter_inventory:/home/aditya/Cpps/Dexter/install/dexter_utils/lib/python3.12/site-packages:/home/aditya/Cpps/Dexter/install/dexter_remote/lib/python3.12/site-packages:/home/aditya/Cpps/Dexter/install/dexter_inventory/lib/python3.12/site-packages:/home/aditya/Cpps/Dexter/install/dexter_controller/lib/python3.12/site-packages:/home/aditya/ros2_ws/install/my_py_pkg/lib/python3.12/site-packages:/home/aditya/ros2_ws/install/my_robot_interfaces/lib/python3.12/site-packages:/opt/ros/jazzy/lib/python3.12/site-packages VIRTUAL_ENV_PROMPT=(venv-ardupilot) /usr/bin/cmake --install /home/aditya/Cpps/Dexter/build/dexter_utils
[1.759s] Level 1:colcon.colcon_core.environment:checking '/home/aditya/Cpps/Dexter/install/dexter_utils' for CMake config files
[1.759s] Level 1:colcon.colcon_core.shell:create_environment_hook('dexter_utils', 'cmake_prefix_path')
[1.759s] INFO:colcon.colcon_core.shell:Creating environment descriptor '/home/aditya/Cpps/Dexter/install/dexter_utils/share/dexter_utils/hook/cmake_prefix_path.dsv'
[1.760s] INFO:colcon.colcon_core.shell:Creating environment hook '/home/aditya/Cpps/Dexter/install/dexter_utils/share/dexter_utils/hook/cmake_prefix_path.sh'
[1.760s] Level 1:colcon.colcon_core.environment:checking '/home/aditya/Cpps/Dexter/install/dexter_utils/lib'
[1.761s] Level 1:colcon.colcon_core.environment:checking '/home/aditya/Cpps/Dexter/install/dexter_utils/bin'
[1.761s] Level 1:colcon.colcon_core.environment:checking '/home/aditya/Cpps/Dexter/install/dexter_utils/lib/pkgconfig/dexter_utils.pc'
[1.761s] Level 1:colcon.colcon_core.environment:checking '/home/aditya/Cpps/Dexter/install/dexter_utils/lib/python3.12/site-packages'
[1.761s] Level 1:colcon.colcon_core.shell:create_environment_hook('dexter_utils', 'pythonpath')
[1.761s] INFO:colcon.colcon_core.shell:Creating environment descriptor '/home/aditya/Cpps/Dexter/install/dexter_utils/share/dexter_utils/hook/pythonpath.dsv'
[1.762s] INFO:colcon.colcon_core.shell:Creating environment hook '/home/aditya/Cpps/Dexter/install/dexter_utils/share/dexter_utils/hook/pythonpath.sh'
[1.762s] Level 1:colcon.colcon_core.environment:checking '/home/aditya/Cpps/Dexter/install/dexter_utils/bin'
[1.762s] INFO:colcon.colcon_core.shell:Creating package descriptor '/home/aditya/Cpps/Dexter/install/dexter_utils/share/dexter_utils/package.dsv'
[1.763s] INFO:colcon.colcon_core.shell:Creating package script '/home/aditya/Cpps/Dexter/install/dexter_utils/share/dexter_utils/package.sh'
[1.763s] INFO:colcon.colcon_core.shell:Creating package script '/home/aditya/Cpps/Dexter/install/dexter_utils/share/dexter_utils/package.bash'
[1.763s] INFO:colcon.colcon_core.shell:Creating package script '/home/aditya/Cpps/Dexter/install/dexter_utils/share/dexter_utils/package.zsh'
[1.764s] Level 1:colcon.colcon_core.environment:create_file_with_runtime_dependencies(/home/aditya/Cpps/Dexter/install/dexter_utils/share/colcon-core/packages/dexter_utils)
[1.764s] Level 1:colcon.colcon_core.environment:create_environment_scripts_only(dexter_utils)
[1.764s] Level 1:colcon.colcon_core.environment:checking '/home/aditya/Cpps/Dexter/install/dexter_utils' for CMake module files
[1.765s] Level 1:colcon.colcon_core.environment:checking '/home/aditya/Cpps/Dexter/install/dexter_utils' for CMake config files
[1.765s] Level 1:colcon.colcon_core.shell:create_environment_hook('dexter_utils', 'cmake_prefix_path')
[1.765s] INFO:colcon.colcon_core.shell:Creating environment descriptor '/home/aditya/Cpps/Dexter/install/dexter_utils/share/dexter_utils/hook/cmake_prefix_path.dsv'
[1.765s] INFO:colcon.colcon_core.shell:Creating environment hook '/home/aditya/Cpps/Dexter/install/dexter_utils/share/dexter_utils/hook/cmake_prefix_path.sh'
[1.766s] Level 1:colcon.colcon_core.environment:checking '/home/aditya/Cpps/Dexter/install/dexter_utils/lib'
[1.766s] Level 1:colcon.colcon_core.environment:checking '/home/aditya/Cpps/Dexter/install/dexter_utils/bin'
[1.766s] Level 1:colcon.colcon_core.environment:checking '/home/aditya/Cpps/Dexter/install/dexter_utils/lib/pkgconfig/dexter_utils.pc'
[1.766s] Level 1:colcon.colcon_core.environment:checking '/home/aditya/Cpps/Dexter/install/dexter_utils/lib/python3.12/site-packages'
[1.766s] Level 1:colcon.colcon_core.shell:create_environment_hook('dexter_utils', 'pythonpath')
[1.766s] INFO:colcon.colcon_core.shell:Creating environment descriptor '/home/aditya/Cpps/Dexter/install/dexter_utils/share/dexter_utils/hook/pythonpath.dsv'
[1.767s] INFO:colcon.colcon_core.shell:Creating environment hook '/home/aditya/Cpps/Dexter/install/dexter_utils/share/dexter_utils/hook/pythonpath.sh'
[1.767s] Level 1:colcon.colcon_core.environment:checking '/home/aditya/Cpps/Dexter/install/dexter_utils/bin'
[1.768s] INFO:colcon.colcon_core.shell:Creating package descriptor '/home/aditya/Cpps/Dexter/install/dexter_utils/share/dexter_utils/package.dsv'
[1.768s] INFO:colcon.colcon_core.shell:Creating package script '/home/aditya/Cpps/Dexter/install/dexter_utils/share/dexter_utils/package.sh'
[1.768s] INFO:colcon.colcon_core.shell:Creating package script '/home/aditya/Cpps/Dexter/install/dexter_utils/share/dexter_utils/package.bash'
[1.769s] INFO:colcon.colcon_core.shell:Creating package script '/home/aditya/Cpps/Dexter/install/dexter_utils/share/dexter_utils/package.zsh'
[1.769s] Level 1:colcon.colcon_core.environment:create_file_with_runtime_dependencies(/home/aditya/Cpps/Dexter/install/dexter_utils/share/colcon-core/packages/dexter_utils)
[1.837s] DEBUG:colcon.colcon_core.event_handler.log_command:Invoking command in '/home/aditya/Cpps/Dexter/build/dexter_inventory': CMAKE_PREFIX_PATH=/home/aditya/Cpps/Dexter/install/dexter_moveit:/home/aditya/Cpps/Dexter/install/dexter_msgs:/home/aditya/Cpps/Dexter/install/dexter_description:/home/aditya/Cpps/Dexter/install/dexter_utils:/home/aditya/Cpps/Dexter/install/dexter_bringup:/home/aditya/Cpps/Dexter/install/dexter_remote:/home/aditya/Cpps/Dexter/install/dexter_controller:/home/aditya/ros2_ws/install/my_robot_bringup:/home/aditya/ros2_ws/install/my_cpp_pkg:/home/aditya/ros2_ws/install/my_robot_interfaces:/opt/ros/jazzy/opt/gz_sim_vendor:/opt/ros/jazzy/opt/gz_sensors_vendor:/opt/ros/jazzy/opt/gz_physics_vendor:/opt/ros/jazzy/opt/sdformat_vendor:/opt/ros/jazzy/opt/gz_gui_vendor:/opt/ros/jazzy/opt/gz_transport_vendor:/opt/ros/jazzy/opt/gz_rendering_vendor:/opt/ros/jazzy/opt/gz_plugin_vendor:/opt/ros/jazzy/opt/gz_fuel_tools_vendor:/opt/ros/jazzy/opt/gz_msgs_vendor:/opt/ros/jazzy/opt/gz_common_vendor:/opt/ros/jazzy/opt/gz_math_vendor:/opt/ros/jazzy/opt/gz_utils_vendor:/opt/ros/jazzy/opt/gz_tools_vendor:/opt/ros/jazzy/opt/gz_ogre_next_vendor:/opt/ros/jazzy/opt/gz_dartsim_vendor:/opt/ros/jazzy/opt/gz_cmake_vendor DEBUGINFOD_URLS=https://debuginfod.ubuntu.com LD_LIBRARY_PATH=/home/aditya/Cpps/Dexter/install/dexter_msgs/lib:/home/aditya/Cpps/Dexter/install/dexter_remote/lib:/home/aditya/Cpps/Dexter/install/dexter_controller/lib:/home/aditya/ros2_ws/install/my_robot_interfaces/lib:/opt/ros/jazzy/opt/gz_sim_vendor/lib:/opt/ros/jazzy/opt/gz_sensors_vendor/lib:/opt/ros/jazzy/opt/gz_physics_vendor/lib:/opt/ros/jazzy/opt/sdformat_vendor/lib:/opt/ros/jazzy/opt/rviz_ogre_vendor/lib:/opt/ros/jazzy/lib/x86_64-linux-gnu:/opt/ros/jazzy/opt/gz_gui_vendor/lib:/opt/ros/jazzy/opt/gz_transport_vendor/lib:/opt/ros/jazzy/opt/gz_rendering_vendor/lib:/opt/ros/jazzy/opt/gz_plugin_vendor/lib:/opt/ros/jazzy/opt/gz_fuel_tools_vendor/lib:/opt/ros/jazzy/opt/gz_msgs_vendor/lib:/opt/ros/jazzy/opt/gz_common_vendor/lib:/opt/ros/jazzy/opt/gz_math_vendor/lib:/opt/ros/jazzy/opt/gz_utils_vendor/lib:/opt/ros/jazzy/opt/gz_tools_vendor/lib:/opt/ros/jazzy/opt/gz_ogre_next_vendor/lib:/opt/ros/jazzy/opt/gz_dartsim_vendor/lib:/opt/ros/jazzy/opt/gz_cmake_vendor/lib:/opt/ros/jazzy/lib PS1=\[\e]0;\u@\h: \w\a\]${debian_chroot:+($debian_chroot)}\[\033[01;32m\]\u@\h\[\033[00m\]:\[\033[01;34m\]\w\[\033[00m\]\$ PYTHONPATH=/home/aditya/Cpps/Dexter/build/dexter_inventory/prefix_override:/usr/lib/python3/dist-packages/colcon_core/task/python/colcon_distutils_commands:/home/aditya/Cpps/Dexter/install/dexter_inventory/lib/python3.12/site-packages:/home/aditya/Cpps/Dexter/install/dexter_msgs/lib/python3.12/site-packages:/home/aditya/Cpps/Dexter/build/dexter_inventory:/home/aditya/Cpps/Dexter/install/dexter_utils/lib/python3.12/site-packages:/home/aditya/Cpps/Dexter/install/dexter_remote/lib/python3.12/site-packages:/home/aditya/Cpps/Dexter/install/dexter_inventory/lib/python3.12/site-packages:/home/aditya/Cpps/Dexter/install/dexter_controller/lib/python3.12/site-packages:/home/aditya/ros2_ws/install/my_py_pkg/lib/python3.12/site-packages:/home/aditya/ros2_ws/install/my_robot_interfaces/lib/python3.12/site-packages:/opt/ros/jazzy/lib/python3.12/site-packages VIRTUAL_ENV_PROMPT=(venv-ardupilot) /usr/bin/python3 -W ignore:setup.py install is deprecated -W ignore:easy_install command is deprecated setup.py develop --uninstall --editable --build-directory /home/aditya/Cpps/Dexter/build/dexter_inventory/build
[2.465s] DEBUG:colcon.colcon_core.event_handler.log_command:Invoked command in '/home/aditya/Cpps/Dexter/build/dexter_inventory' returned '0': CMAKE_PREFIX_PATH=/home/aditya/Cpps/Dexter/install/dexter_moveit:/home/aditya/Cpps/Dexter/install/dexter_msgs:/home/aditya/Cpps/Dexter/install/dexter_description:/home/aditya/Cpps/Dexter/install/dexter_utils:/home/aditya/Cpps/Dexter/install/dexter_bringup:/home/aditya/Cpps/Dexter/install/dexter_remote:/home/aditya/Cpps/Dexter/install/dexter_controller:/home/aditya/ros2_ws/install/my_robot_bringup:/home/aditya/ros2_ws/install/my_cpp_pkg:/home/aditya/ros2_ws/install/my_robot_interfaces:/opt/ros/jazzy/opt/gz_sim_vendor:/opt/ros/jazzy/opt/gz_sensors_vendor:/opt/ros/jazzy/opt/gz_physics_vendor:/opt/ros/jazzy/opt/sdformat_vendor:/opt/ros/jazzy/opt/gz_gui_vendor:/opt/ros/jazzy/opt/gz_transport_vendor:/opt/ros/jazzy/opt/gz_rendering_vendor:/opt/ros/jazzy/opt/gz_plugin_vendor:/opt/ros/jazzy/opt/gz_fuel_tools_vendor:/opt/ros/jazzy/opt/gz_msgs_vendor:/opt/ros/jazzy/opt/gz_common_vendor:/opt/ros/jazzy/opt/gz_math_vendor:/opt/ros/jazzy/opt/gz_utils_vendor:/opt/ros/jazzy/opt/gz_tools_vendor:/opt/ros/jazzy/opt/gz_ogre_next_vendor:/opt/ros/jazzy/opt/gz_dartsim_vendor:/opt/ros/jazzy/opt/gz_cmake_vendor DEBUGINFOD_URLS=https://debuginfod.ubuntu.com LD_LIBRARY_PATH=/home/aditya/Cpps/Dexter/install/dexter_msgs/lib:/home/aditya/Cpps/Dexter/install/dexter_remote/lib:/home/aditya/Cpps/Dexter/install/dexter_controller/lib:/home/aditya/ros2_ws/install/my_robot_interfaces/lib:/opt/ros/jazzy/opt/gz_sim_vendor/lib:/opt/ros/jazzy/opt/gz_sensors_vendor/lib:/opt/ros/jazzy/opt/gz_physics_vendor/lib:/opt/ros/jazzy/opt/sdformat_vendor/lib:/opt/ros/jazzy/opt/rviz_ogre_vendor/lib:/opt/ros/jazzy/lib/x86_64-linux-gnu:/opt/ros/jazzy/opt/gz_gui_vendor/lib:/opt/ros/jazzy/opt/gz_transport_vendor/lib:/opt/ros/jazzy/opt/gz_rendering_vendor/lib:/opt/ros/jazzy/opt/gz_plugin_vendor/lib:/opt/ros/jazzy/opt/gz_fuel_tools_vendor/lib:/opt/ros/jazzy/opt/gz_msgs_vendor/lib:/opt/ros/jazzy/opt/gz_common_vendor/lib:/opt/ros/jazzy/opt/gz_math_vendor/lib:/opt/ros/jazzy/opt/gz_utils_vendor/lib:/opt/ros/jazzy/opt/gz_tools_vendor/lib:/opt/ros/jazzy/opt/gz_ogre_next_vendor/lib:/opt/ros/jazzy/opt/gz_dartsim_vendor/lib:/opt/ros/jazzy/opt/gz_cmake_vendor/lib:/opt/ros/jazzy/lib PS1=\[\e]0;\u@\h: \w\a\]${debian_chroot:+($debian_chroot)}\[\033[01;32m\]\u@\h\[\033[00m\]:\[\033[01;34m\]\w\[\033[00m\]\$ PYTHONPATH=/home/aditya/Cpps/Dexter/build/dexter_inventory/prefix_override:/usr/lib/python3/dist-packages/colcon_core/task/python/colcon_distutils_commands:/home/aditya/Cpps/Dexter/install/dexter_inventory/lib/python3.12/site-packages:/home/aditya/Cpps/Dexter/install/dexter_msgs/lib/python3.12/site-packages:/home/aditya/Cpps/Dexter/build/dexter_inventory:/home/aditya/Cpps/Dexter/install/dexter_utils/lib/python3.12/site-packages:/home/aditya/Cpps/Dexter/install/dexter_remote/lib/python3.12/site-packages:/home/aditya/Cpps/Dexter/install/dexter_inventory/lib/python3.12/site-packages:/home/aditya/Cpps/Dexter/install/dexter_controller/lib/python3.12/site-packages:/home/aditya/ros2_ws/install/my_py_pkg/lib/python3.12/site-packages:/home/aditya/ros2_ws/install/my_robot_interfaces/lib/python3.12/site-packages:/opt/ros/jazzy/lib/python3.12/site-packages VIRTUAL_ENV_PROMPT=(venv-ardupilot) /usr/bin/python3 -W ignore:setup.py install is deprecated -W ignore:easy_install command is deprecated setup.py develop --uninstall --editable --build-directory /home/aditya/Cpps/Dexter/build/dexter_inventory/build
[2.466s] DEBUG:colcon.colcon_core.event_handler.log_command:Invoking command in '/home/aditya/Cpps/Dexter/dexter_inventory': CMAKE_PREFIX_PATH=/home/aditya/Cpps/Dexter/install/dexter_moveit:/home/aditya/Cpps/Dexter/install/dexter_msgs:/home/aditya/Cpps/Dexter/install/dexter_description:/home/aditya/Cpps/Dexter/install/dexter_utils:/home/aditya/Cpps/Dexter/install/dexter_bringup:/home/aditya/Cpps/Dexter/install/dexter_remote:/home/aditya/Cpps/Dexter/install/dexter_controller:/home/aditya/ros2_ws/install/my_robot_bringup:/home/aditya/ros2_ws/install/my_cpp_pkg:/home/aditya/ros2_ws/install/my_robot_interfaces:/opt/ros/jazzy/opt/gz_sim_vendor:/opt/ros/jazzy/opt/gz_sensors_vendor:/opt/ros/jazzy/opt/gz_physics_vendor:/opt/ros/jazzy/opt/sdformat_vendor:/opt/ros/jazzy/opt/gz_gui_vendor:/opt/ros/jazzy/opt/gz_transport_vendor:/opt/ros/jazzy/opt/gz_rendering_vendor:/opt/ros/jazzy/opt/gz_plugin_vendor:/opt/ros/jazzy/opt/gz_fuel_tools_vendor:/opt/ros/jazzy/opt/gz_msgs_vendor:/opt/ros/jazzy/opt/gz_common_vendor:/opt/ros/jazzy/opt/gz_math_vendor:/opt/ros/jazzy/opt/gz_utils_vendor:/opt/ros/jazzy/opt/gz_tools_vendor:/opt/ros/jazzy/opt/gz_ogre_next_vendor:/opt/ros/jazzy/opt/gz_dartsim_vendor:/opt/ros/jazzy/opt/gz_cmake_vendor DEBUGINFOD_URLS=https://debuginfod.ubuntu.com LD_LIBRARY_PATH=/home/aditya/Cpps/Dexter/install/dexter_msgs/lib:/home/aditya/Cpps/Dexter/install/dexter_remote/lib:/home/aditya/Cpps/Dexter/install/dexter_controller/lib:/home/aditya/ros2_ws/install/my_robot_interfaces/lib:/opt/ros/jazzy/opt/gz_sim_vendor/lib:/opt/ros/jazzy/opt/gz_sensors_vendor/lib:/opt/ros/jazzy/opt/gz_physics_vendor/lib:/opt/ros/jazzy/opt/sdformat_vendor/lib:/opt/ros/jazzy/opt/rviz_ogre_vendor/lib:/opt/ros/jazzy/lib/x86_64-linux-gnu:/opt/ros/jazzy/opt/gz_gui_vendor/lib:/opt/ros/jazzy/opt/gz_transport_vendor/lib:/opt/ros/jazzy/opt/gz_rendering_vendor/lib:/opt/ros/jazzy/opt/gz_plugin_vendor/lib:/opt/ros/jazzy/opt/gz_fuel_tools_vendor/lib:/opt/ros/jazzy/opt/gz_msgs_vendor/lib:/opt/ros/jazzy/opt/gz_common_vendor/lib:/opt/ros/jazzy/opt/gz_math_vendor/lib:/opt/ros/jazzy/opt/gz_utils_vendor/lib:/opt/ros/jazzy/opt/gz_tools_vendor/lib:/opt/ros/jazzy/opt/gz_ogre_next_vendor/lib:/opt/ros/jazzy/opt/gz_dartsim_vendor/lib:/opt/ros/jazzy/opt/gz_cmake_vendor/lib:/opt/ros/jazzy/lib PS1=\[\e]0;\u@\h: \w\a\]${debian_chroot:+($debian_chroot)}\[\033[01;32m\]\u@\h\[\033[00m\]:\[\033[01;34m\]\w\[\033[00m\]\$ PYTHONPATH=/home/aditya/Cpps/Dexter/build/dexter_inventory/prefix_override:/usr/lib/python3/dist-packages/colcon_core/task/python/colcon_distutils_commands:/home/aditya/Cpps/Dexter/install/dexter_inventory/lib/python3.12/site-packages:/home/aditya/Cpps/Dexter/install/dexter_msgs/lib/python3.12/site-packages:/home/aditya/Cpps/Dexter/build/dexter_inventory:/home/aditya/Cpps/Dexter/install/dexter_utils/lib/python3.12/site-packages:/home/aditya/Cpps/Dexter/install/dexter_remote/lib/python3.12/site-packages:/home/aditya/Cpps/Dexter/install/dexter_inventory/lib/python3.12/site-packages:/home/aditya/Cpps/Dexter/install/dexter_controller/lib/python3.12/site-packages:/home/aditya/ros2_ws/install/my_py_pkg/lib/python3.12/site-packages:/home/aditya/ros2_ws/install/my_robot_interfaces/lib/python3.12/site-packages:/opt/ros/jazzy/lib/python3.12/site-packages VIRTUAL_ENV_PROMPT=(venv-ardupilot) /usr/bin/python3 -W ignore:setup.py install is deprecated -W ignore:easy_install command is deprecated setup.py egg_info --egg-base ../build/dexter_inventory build --build-base /home/aditya/Cpps/Dexter/build/dexter_inventory/build install --record /home/aditya/Cpps/Dexter/build/dexter_inventory/install.log --single-version-externally-managed install_data --force
[3.070s] Level 1:colcon.colcon_core.environment:checking '/home/aditya/Cpps/Dexter/install/dexter_inventory' for CMake module files
[3.071s] DEBUG:colcon.colcon_core.event_handler.log_command:Invoked command in '/home/aditya/Cpps/Dexter/dexter_inventory' returned '0': CMAKE_PREFIX_PATH=/home/aditya/Cpps/Dexter/install/dexter_moveit:/home/aditya/Cpps/Dexter/install/dexter_msgs:/home/aditya/Cpps/Dexter/install/dexter_description:/home/aditya/Cpps/Dexter/install/dexter_utils:/home/aditya/Cpps/Dexter/install/dexter_bringup:/home/aditya/Cpps/Dexter/install/dexter_remote:/home/aditya/Cpps/Dexter/install/dexter_controller:/home/aditya/ros2_ws/install/my_robot_bringup:/home/aditya/ros2_ws/install/my_cpp_pkg:/home/aditya/ros2_ws/install/my_robot_interfaces:/opt/ros/jazzy/opt/gz_sim_vendor:/opt/ros/jazzy/opt/gz_sensors_vendor:/opt/ros/jazzy/opt/gz_physics_vendor:/opt/ros/jazzy/opt/sdformat_vendor:/opt/ros/jazzy/opt/gz_gui_vendor:/opt/ros/jazzy/opt/gz_transport_vendor:/opt/ros/jazzy/opt/gz_rendering_vendor:/opt/ros/jazzy/opt/gz_plugin_vendor:/opt/ros/jazzy/opt/gz_fuel_tools_vendor:/opt/ros/jazzy/opt/gz_msgs_vendor:/opt/ros/jazzy/opt/gz_common_vendor:/opt/ros/jazzy/opt/gz_math_vendor:/opt/ros/jazzy/opt/gz_utils_vendor:/opt/ros/jazzy/opt/gz_tools_vendor:/opt/ros/jazzy/opt/gz_ogre_next_vendor:/opt/ros/jazzy/opt/gz_dartsim_vendor:/opt/ros/jazzy/opt/gz_cmake_vendor DEBUGINFOD_URLS=https://debuginfod.ubuntu.com LD_LIBRARY_PATH=/home/aditya/Cpps/Dexter/install/dexter_msgs/lib:/home/aditya/Cpps/Dexter/install/dexter_remote/lib:/home/aditya/Cpps/Dexter/install/dexter_controller/lib:/home/aditya/ros2_ws/install/my_robot_interfaces/lib:/opt/ros/jazzy/opt/gz_sim_vendor/lib:/opt/ros/jazzy/opt/gz_sensors_vendor/lib:/opt/ros/jazzy/opt/gz_physics_vendor/lib:/opt/ros/jazzy/opt/sdformat_vendor/lib:/opt/ros/jazzy/opt/rviz_ogre_vendor/lib:/opt/ros/jazzy/lib/x86_64-linux-gnu:/opt/ros/jazzy/opt/gz_gui_vendor/lib:/opt/ros/jazzy/opt/gz_transport_vendor/lib:/opt/ros/jazzy/opt/gz_rendering_vendor/lib:/opt/ros/jazzy/opt/gz_plugin_vendor/lib:/opt/ros/jazzy/opt/gz_fuel_tools_vendor/lib:/opt/ros/jazzy/opt/gz_msgs_vendor/lib:/opt/ros/jazzy/opt/gz_common_vendor/lib:/opt/ros/jazzy/opt/gz_math_vendor/lib:/opt/ros/jazzy/opt/gz_utils_vendor/lib:/opt/ros/jazzy/opt/gz_tools_vendor/lib:/opt/ros/jazzy/opt/gz_ogre_next_vendor/lib:/opt/ros/jazzy/opt/gz_dartsim_vendor/lib:/opt/ros/jazzy/opt/gz_cmake_vendor/lib:/opt/ros/jazzy/lib PS1=\[\e]0;\u@\h: \w\a\]${debian_chroot:+($debian_chroot)}\[\033[01;32m\]\u@\h\[\033[00m\]:\[\033[01;34m\]\w\[\033[00m\]\$ PYTHONPATH=/home/aditya/Cpps/Dexter/build/dexter_inventory/prefix_override:/usr/lib/python3/dist-packages/colcon_core/task/python/colcon_distutils_commands:/home/aditya/Cpps/Dexter/install/dexter_inventory/lib/python3.12/site-packages:/home/aditya/Cpps/Dexter/install/dexter_msgs/lib/python3.12/site-packages:/home/aditya/Cpps/Dexter/build/dexter_inventory:/home/aditya/Cpps/Dexter/install/dexter_utils/lib/python3.12/site-packages:/home/aditya/Cpps/Dexter/install/dexter_remote/lib/python3.12/site-packages:/home/aditya/Cpps/Dexter/install/dexter_inventory/lib/python3.12/site-packages:/home/aditya/Cpps/Dexter/install/dexter_controller/lib/python3.12/site-packages:/home/aditya/ros2_ws/install/my_py_pkg/lib/python3.12/site-packages:/home/aditya/ros2_ws/install/my_robot_interfaces/lib/python3.12/site-packages:/opt/ros/jazzy/lib/python3.12/site-packages VIRTUAL_ENV_PROMPT=(venv-ardupilot) /usr/bin/python3 -W ignore:setup.py install is deprecated -W ignore:easy_install command is deprecated setup.py egg_info --egg-base ../build/dexter_inventory build --build-base /home/aditya/Cpps/Dexter/build/dexter_inventory/build install --record /home/aditya/Cpps/Dexter/build/dexter_inventory/install.log --single-version-externally-managed install_data --force
[3.072s] Level 1:colcon.colcon_core.environment:checking '/home/aditya/Cpps/Dexter/install/dexter_inventory' for CMake config files
[3.072s] Level 1:colcon.colcon_core.environment:checking '/home/aditya/Cpps/Dexter/install/dexter_inventory/lib'
[3.072s] Level 1:colcon.colcon_core.environment:checking '/home/aditya/Cpps/Dexter/install/dexter_inventory/bin'
[3.072s] Level 1:colcon.colcon_core.environment:checking '/home/aditya/Cpps/Dexter/install/dexter_inventory/lib/pkgconfig/dexter_inventory.pc'
[3.073s] Level 1:colcon.colcon_core.environment:checking '/home/aditya/Cpps/Dexter/install/dexter_inventory/lib/python3.12/site-packages'
[3.073s] Level 1:colcon.colcon_core.shell:create_environment_hook('dexter_inventory', 'pythonpath')
[3.073s] INFO:colcon.colcon_core.shell:Creating environment descriptor '/home/aditya/Cpps/Dexter/install/dexter_inventory/share/dexter_inventory/hook/pythonpath.dsv'
[3.073s] INFO:colcon.colcon_core.shell:Creating environment hook '/home/aditya/Cpps/Dexter/install/dexter_inventory/share/dexter_inventory/hook/pythonpath.sh'
[3.074s] Level 1:colcon.colcon_core.environment:checking '/home/aditya/Cpps/Dexter/install/dexter_inventory/bin'
[3.074s] Level 1:colcon.colcon_core.environment:create_environment_scripts_only(dexter_inventory)
[3.074s] INFO:colcon.colcon_core.shell:Creating package descriptor '/home/aditya/Cpps/Dexter/install/dexter_inventory/share/dexter_inventory/package.dsv'
[3.075s] INFO:colcon.colcon_core.shell:Creating package script '/home/aditya/Cpps/Dexter/install/dexter_inventory/share/dexter_inventory/package.sh'
[3.075s] INFO:colcon.colcon_core.shell:Creating package script '/home/aditya/Cpps/Dexter/install/dexter_inventory/share/dexter_inventory/package.bash'
[3.075s] INFO:colcon.colcon_core.shell:Creating package script '/home/aditya/Cpps/Dexter/install/dexter_inventory/share/dexter_inventory/package.zsh'
[3.076s] Level 1:colcon.colcon_core.environment:create_file_with_runtime_dependencies(/home/aditya/Cpps/Dexter/install/dexter_inventory/share/colcon-core/packages/dexter_inventory)
[3.076s] INFO:colcon.colcon_ros.task.ament_cmake.build:Building ROS package in '/home/aditya/Cpps/Dexter/dexter_remote' with build type 'ament_cmake'
[3.076s] INFO:colcon.colcon_cmake.task.cmake.build:Building CMake package in '/home/aditya/Cpps/Dexter/dexter_remote'
[3.076s] DEBUG:colcon.colcon_core.shell:Skip shell extension 'dsv' for command environment
[3.094s] DEBUG:colcon.colcon_core.event_handler.log_command:Invoking command in '/home/aditya/Cpps/Dexter/build/dexter_remote': AMENT_PREFIX_PATH=/home/aditya/Cpps/Dexter/install/dexter_inventory:/home/aditya/Cpps/Dexter/install/dexter_utils:/home/aditya/Cpps/Dexter/install/dexter_bringup:/home/aditya/Cpps/Dexter/install/dexter_remote:/home/aditya/Cpps/Dexter/install/dexter_msgs:/home/aditya/Cpps/Dexter/install/dexter_moveit:/home/aditya/Cpps/Dexter/install/dexter_controller:/home/aditya/Cpps/Dexter/install/dexter_description:/home/aditya/ros2_ws/install/my_robot_bringup:/home/aditya/ros2_ws/install/my_py_pkg:/home/aditya/ros2_ws/install/my_cpp_pkg:/home/aditya/ros2_ws/install/my_robot_interfaces:/opt/ros/jazzy CMAKE_PREFIX_PATH=/home/aditya/Cpps/Dexter/install/dexter_moveit:/home/aditya/Cpps/Dexter/install/dexter_msgs:/home/aditya/Cpps/Dexter/install/dexter_description:/home/aditya/Cpps/Dexter/install/dexter_utils:/home/aditya/Cpps/Dexter/install/dexter_bringup:/home/aditya/Cpps/Dexter/install/dexter_remote:/home/aditya/Cpps/Dexter/install/dexter_controller:/home/aditya/ros2_ws/install/my_robot_bringup:/home/aditya/ros2_ws/install/my_cpp_pkg:/home/aditya/ros2_ws/install/my_robot_interfaces:/opt/ros/jazzy/opt/gz_sim_vendor:/opt/ros/jazzy/opt/gz_sensors_vendor:/opt/ros/jazzy/opt/gz_physics_vendor:/opt/ros/jazzy/opt/sdformat_vendor:/opt/ros/jazzy/opt/gz_gui_vendor:/opt/ros/jazzy/opt/gz_transport_vendor:/opt/ros/jazzy/opt/gz_rendering_vendor:/opt/ros/jazzy/opt/gz_plugin_vendor:/opt/ros/jazzy/opt/gz_fuel_tools_vendor:/opt/ros/jazzy/opt/gz_msgs_vendor:/opt/ros/jazzy/opt/gz_common_vendor:/opt/ros/jazzy/opt/gz_math_vendor:/opt/ros/jazzy/opt/gz_utils_vendor:/opt/ros/jazzy/opt/gz_tools_vendor:/opt/ros/jazzy/opt/gz_ogre_next_vendor:/opt/ros/jazzy/opt/gz_dartsim_vendor:/opt/ros/jazzy/opt/gz_cmake_vendor:/home/aditya/Cpps/Dexter/install/dexter_inventory:/home/aditya/ros2_ws/install/my_py_pkg:/opt/ros/jazzy DEBUGINFOD_URLS=https://debuginfod.ubuntu.com LD_LIBRARY_PATH=/home/aditya/Cpps/Dexter/install/dexter_msgs/lib:/home/aditya/Cpps/Dexter/install/dexter_remote/lib:/home/aditya/Cpps/Dexter/install/dexter_controller/lib:/home/aditya/ros2_ws/install/my_robot_interfaces/lib:/opt/ros/jazzy/opt/gz_sim_vendor/lib:/opt/ros/jazzy/opt/gz_sensors_vendor/lib:/opt/ros/jazzy/opt/gz_physics_vendor/lib:/opt/ros/jazzy/opt/sdformat_vendor/lib:/opt/ros/jazzy/opt/rviz_ogre_vendor/lib:/opt/ros/jazzy/lib/x86_64-linux-gnu:/opt/ros/jazzy/opt/gz_gui_vendor/lib:/opt/ros/jazzy/opt/gz_transport_vendor/lib:/opt/ros/jazzy/opt/gz_rendering_vendor/lib:/opt/ros/jazzy/opt/gz_plugin_vendor/lib:/opt/ros/jazzy/opt/gz_fuel_tools_vendor/lib:/opt/ros/jazzy/opt/gz_msgs_vendor/lib:/opt/ros/jazzy/opt/gz_common_vendor/lib:/opt/ros/jazzy/opt/gz_math_vendor/lib:/opt/ros/jazzy/opt/gz_utils_vendor/lib:/opt/ros/jazzy/opt/gz_tools_vendor/lib:/opt/ros/jazzy/opt/gz_ogre_next_vendor/lib:/opt/ros/jazzy/opt/gz_dartsim_vendor/lib:/opt/ros/jazzy/opt/gz_cmake_vendor/lib:/opt/ros/jazzy/lib PS1=\[\e]0;\u@\h: \w\a\]${debian_chroot:+($debian_chroot)}\[\033[01;32m\]\u@\h\[\033[00m\]:\[\033[01;34m\]\w\[\033[00m\]\$ PYTHONPATH=/home/aditya/Cpps/Dexter/install/dexter_inventory/lib/python3.12/site-packages:/home/aditya/Cpps/Dexter/install/dexter_msgs/lib/python3.12/site-packages:/home/aditya/Cpps/Dexter/build/dexter_inventory:/home/aditya/Cpps/Dexter/install/dexter_utils/lib/python3.12/site-packages:/home/aditya/Cpps/Dexter/install/dexter_remote/lib/python3.12/site-packages:/home/aditya/Cpps/Dexter/install/dexter_controller/lib/python3.12/site-packages:/home/aditya/ros2_ws/install/my_py_pkg/lib/python3.12/site-packages:/home/aditya/ros2_ws/install/my_robot_interfaces/lib/python3.12/site-packages:/opt/ros/jazzy/lib/python3.12/site-packages VIRTUAL_ENV_PROMPT=(venv-ardupilot) /usr/bin/cmake /home/aditya/Cpps/Dexter/dexter_remote -DCMAKE_INSTALL_PREFIX=/home/aditya/Cpps/Dexter/install/dexter_remote
[4.656s] DEBUG:colcon.colcon_core.event_handler.log_command:Invoked command in '/home/aditya/Cpps/Dexter/build/dexter_remote' returned '0': AMENT_PREFIX_PATH=/home/aditya/Cpps/Dexter/install/dexter_inventory:/home/aditya/Cpps/Dexter/install/dexter_utils:/home/aditya/Cpps/Dexter/install/dexter_bringup:/home/aditya/Cpps/Dexter/install/dexter_remote:/home/aditya/Cpps/Dexter/install/dexter_msgs:/home/aditya/Cpps/Dexter/install/dexter_moveit:/home/aditya/Cpps/Dexter/install/dexter_controller:/home/aditya/Cpps/Dexter/install/dexter_description:/home/aditya/ros2_ws/install/my_robot_bringup:/home/aditya/ros2_ws/install/my_py_pkg:/home/aditya/ros2_ws/install/my_cpp_pkg:/home/aditya/ros2_ws/install/my_robot_interfaces:/opt/ros/jazzy CMAKE_PREFIX_PATH=/home/aditya/Cpps/Dexter/install/dexter_moveit:/home/aditya/Cpps/Dexter/install/dexter_msgs:/home/aditya/Cpps/Dexter/install/dexter_description:/home/aditya/Cpps/Dexter/install/dexter_utils:/home/aditya/Cpps/Dexter/install/dexter_bringup:/home/aditya/Cpps/Dexter/install/dexter_remote:/home/aditya/Cpps/Dexter/install/dexter_controller:/home/aditya/ros2_ws/install/my_robot_bringup:/home/aditya/ros2_ws/install/my_cpp_pkg:/home/aditya/ros2_ws/install/my_robot_interfaces:/opt/ros/jazzy/opt/gz_sim_vendor:/opt/ros/jazzy/opt/gz_sensors_vendor:/opt/ros/jazzy/opt/gz_physics_vendor:/opt/ros/jazzy/opt/sdformat_vendor:/opt/ros/jazzy/opt/gz_gui_vendor:/opt/ros/jazzy/opt/gz_transport_vendor:/opt/ros/jazzy/opt/gz_rendering_vendor:/opt/ros/jazzy/opt/gz_plugin_vendor:/opt/ros/jazzy/opt/gz_fuel_tools_vendor:/opt/ros/jazzy/opt/gz_msgs_vendor:/opt/ros/jazzy/opt/gz_common_vendor:/opt/ros/jazzy/opt/gz_math_vendor:/opt/ros/jazzy/opt/gz_utils_vendor:/opt/ros/jazzy/opt/gz_tools_vendor:/opt/ros/jazzy/opt/gz_ogre_next_vendor:/opt/ros/jazzy/opt/gz_dartsim_vendor:/opt/ros/jazzy/opt/gz_cmake_vendor:/home/aditya/Cpps/Dexter/install/dexter_inventory:/home/aditya/ros2_ws/install/my_py_pkg:/opt/ros/jazzy DEBUGINFOD_URLS=https://debuginfod.ubuntu.com LD_LIBRARY_PATH=/home/aditya/Cpps/Dexter/install/dexter_msgs/lib:/home/aditya/Cpps/Dexter/install/dexter_remote/lib:/home/aditya/Cpps/Dexter/install/dexter_controller/lib:/home/aditya/ros2_ws/install/my_robot_interfaces/lib:/opt/ros/jazzy/opt/gz_sim_vendor/lib:/opt/ros/jazzy/opt/gz_sensors_vendor/lib:/opt/ros/jazzy/opt/gz_physics_vendor/lib:/opt/ros/jazzy/opt/sdformat_vendor/lib:/opt/ros/jazzy/opt/rviz_ogre_vendor/lib:/opt/ros/jazzy/lib/x86_64-linux-gnu:/opt/ros/jazzy/opt/gz_gui_vendor/lib:/opt/ros/jazzy/opt/gz_transport_vendor/lib:/opt/ros/jazzy/opt/gz_rendering_vendor/lib:/opt/ros/jazzy/opt/gz_plugin_vendor/lib:/opt/ros/jazzy/opt/gz_fuel_tools_vendor/lib:/opt/ros/jazzy/opt/gz_msgs_vendor/lib:/opt/ros/jazzy/opt/gz_common_vendor/lib:/opt/ros/jazzy/opt/gz_math_vendor/lib:/opt/ros/jazzy/opt/gz_utils_vendor/lib:/opt/ros/jazzy/opt/gz_tools_vendor/lib:/opt/ros/jazzy/opt/gz_ogre_next_vendor/lib:/opt/ros/jazzy/opt/gz_dartsim_vendor/lib:/opt/ros/jazzy/opt/gz_cmake_vendor/lib:/opt/ros/jazzy/lib PS1=\[\e]0;\u@\h: \w\a\]${debian_chroot:+($debian_chroot)}\[\033[01;32m\]\u@\h\[\033[00m\]:\[\033[01;34m\]\w\[\033[00m\]\$ PYTHONPATH=/home/aditya/Cpps/Dexter/install/dexter_inventory/lib/python3.12/site-packages:/home/aditya/Cpps/Dexter/install/dexter_msgs/lib/python3.12/site-packages:/home/aditya/Cpps/Dexter/build/dexter_inventory:/home/aditya/Cpps/Dexter/install/dexter_utils/lib/python3.12/site-packages:/home/aditya/Cpps/Dexter/install/dexter_remote/lib/python3.12/site-packages:/home/aditya/Cpps/Dexter/install/dexter_controller/lib/python3.12/site-packages:/home/aditya/ros2_ws/install/my_py_pkg/lib/python3.12/site-packages:/home/aditya/ros2_ws/install/my_robot_interfaces/lib/python3.12/site-packages:/opt/ros/jazzy/lib/python3.12/site-packages VIRTUAL_ENV_PROMPT=(venv-ardupilot) /usr/bin/cmake /home/aditya/Cpps/Dexter/dexter_remote -DCMAKE_INSTALL_PREFIX=/home/aditya/Cpps/Dexter/install/dexter_remote
[4.657s] DEBUG:colcon.colcon_core.event_handler.log_command:Invoking command in '/home/aditya/Cpps/Dexter/build/dexter_remote': AMENT_PREFIX_PATH=/home/aditya/Cpps/Dexter/install/dexter_inventory:/home/aditya/Cpps/Dexter/install/dexter_utils:/home/aditya/Cpps/Dexter/install/dexter_bringup:/home/aditya/Cpps/Dexter/install/dexter_remote:/home/aditya/Cpps/Dexter/install/dexter_msgs:/home/aditya/Cpps/Dexter/install/dexter_moveit:/home/aditya/Cpps/Dexter/install/dexter_controller:/home/aditya/Cpps/Dexter/install/dexter_description:/home/aditya/ros2_ws/install/my_robot_bringup:/home/aditya/ros2_ws/install/my_py_pkg:/home/aditya/ros2_ws/install/my_cpp_pkg:/home/aditya/ros2_ws/install/my_robot_interfaces:/opt/ros/jazzy CMAKE_PREFIX_PATH=/home/aditya/Cpps/Dexter/install/dexter_moveit:/home/aditya/Cpps/Dexter/install/dexter_msgs:/home/aditya/Cpps/Dexter/install/dexter_description:/home/aditya/Cpps/Dexter/install/dexter_utils:/home/aditya/Cpps/Dexter/install/dexter_bringup:/home/aditya/Cpps/Dexter/install/dexter_remote:/home/aditya/Cpps/Dexter/install/dexter_controller:/home/aditya/ros2_ws/install/my_robot_bringup:/home/aditya/ros2_ws/install/my_cpp_pkg:/home/aditya/ros2_ws/install/my_robot_interfaces:/opt/ros/jazzy/opt/gz_sim_vendor:/opt/ros/jazzy/opt/gz_sensors_vendor:/opt/ros/jazzy/opt/gz_physics_vendor:/opt/ros/jazzy/opt/sdformat_vendor:/opt/ros/jazzy/opt/gz_gui_vendor:/opt/ros/jazzy/opt/gz_transport_vendor:/opt/ros/jazzy/opt/gz_rendering_vendor:/opt/ros/jazzy/opt/gz_plugin_vendor:/opt/ros/jazzy/opt/gz_fuel_tools_vendor:/opt/ros/jazzy/opt/gz_msgs_vendor:/opt/ros/jazzy/opt/gz_common_vendor:/opt/ros/jazzy/opt/gz_math_vendor:/opt/ros/jazzy/opt/gz_utils_vendor:/opt/ros/jazzy/opt/gz_tools_vendor:/opt/ros/jazzy/opt/gz_ogre_next_vendor:/opt/ros/jazzy/opt/gz_dartsim_vendor:/opt/ros/jazzy/opt/gz_cmake_vendor:/home/aditya/Cpps/Dexter/install/dexter_inventory:/home/aditya/ros2_ws/install/my_py_pkg:/opt/ros/jazzy DEBUGINFOD_URLS=https://debuginfod.ubuntu.com LD_LIBRARY_PATH=/home/aditya/Cpps/Dexter/install/dexter_msgs/lib:/home/aditya/Cpps/Dexter/install/dexter_remote/lib:/home/aditya/Cpps/Dexter/install/dexter_controller/lib:/home/aditya/ros2_ws/install/my_robot_interfaces/lib:/opt/ros/jazzy/opt/gz_sim_vendor/lib:/opt/ros/jazzy/opt/gz_sensors_vendor/lib:/opt/ros/jazzy/opt/gz_physics_vendor/lib:/opt/ros/jazzy/opt/sdformat_vendor/lib:/opt/ros/jazzy/opt/rviz_ogre_vendor/lib:/opt/ros/jazzy/lib/x86_64-linux-gnu:/opt/ros/jazzy/opt/gz_gui_vendor/lib:/opt/ros/jazzy/opt/gz_transport_vendor/lib:/opt/ros/jazzy/opt/gz_rendering_vendor/lib:/opt/ros/jazzy/opt/gz_plugin_vendor/lib:/opt/ros/jazzy/opt/gz_fuel_tools_vendor/lib:/opt/ros/jazzy/opt/gz_msgs_vendor/lib:/opt/ros/jazzy/opt/gz_common_vendor/lib:/opt/ros/jazzy/opt/gz_math_vendor/lib:/opt/ros/jazzy/opt/gz_utils_vendor/lib:/opt/ros/jazzy/opt/gz_tools_vendor/lib:/opt/ros/jazzy/opt/gz_ogre_next_vendor/lib:/opt/ros/jazzy/opt/gz_dartsim_vendor/lib:/opt/ros/jazzy/opt/gz_cmake_vendor/lib:/opt/ros/jazzy/lib PS1=\[\e]0;\u@\h: \w\a\]${debian_chroot:+($debian_chroot)}\[\033[01;32m\]\u@\h\[\033[00m\]:\[\033[01;34m\]\w\[\033[00m\]\$ PYTHONPATH=/home/aditya/Cpps/Dexter/install/dexter_inventory/lib/python3.12/site-packages:/home/aditya/Cpps/Dexter/install/dexter_msgs/lib/python3.12/site-packages:/home/aditya/Cpps/Dexter/build/dexter_inventory:/home/aditya/Cpps/Dexter/install/dexter_utils/lib/python3.12/site-packages:/home/aditya/Cpps/Dexter/install/dexter_remote/lib/python3.12/site-packages:/home/aditya/Cpps/Dexter/install/dexter_controller/lib/python3.12/site-packages:/home/aditya/ros2_ws/install/my_py_pkg/lib/python3.12/site-packages:/home/aditya/ros2_ws/install/my_robot_interfaces/lib/python3.12/site-packages:/opt/ros/jazzy/lib/python3.12/site-packages VIRTUAL_ENV_PROMPT=(venv-ardupilot) /usr/bin/cmake --build /home/aditya/Cpps/Dexter/build/dexter_remote -- -j28 -l28
[5.134s] DEBUG:colcon.colcon_core.event_handler.log_command:Invoked command in '/home/aditya/Cpps/Dexter/build/dexter_remote' returned '0': AMENT_PREFIX_PATH=/home/aditya/Cpps/Dexter/install/dexter_inventory:/home/aditya/Cpps/Dexter/install/dexter_utils:/home/aditya/Cpps/Dexter/install/dexter_bringup:/home/aditya/Cpps/Dexter/install/dexter_remote:/home/aditya/Cpps/Dexter/install/dexter_msgs:/home/aditya/Cpps/Dexter/install/dexter_moveit:/home/aditya/Cpps/Dexter/install/dexter_controller:/home/aditya/Cpps/Dexter/install/dexter_description:/home/aditya/ros2_ws/install/my_robot_bringup:/home/aditya/ros2_ws/install/my_py_pkg:/home/aditya/ros2_ws/install/my_cpp_pkg:/home/aditya/ros2_ws/install/my_robot_interfaces:/opt/ros/jazzy CMAKE_PREFIX_PATH=/home/aditya/Cpps/Dexter/install/dexter_moveit:/home/aditya/Cpps/Dexter/install/dexter_msgs:/home/aditya/Cpps/Dexter/install/dexter_description:/home/aditya/Cpps/Dexter/install/dexter_utils:/home/aditya/Cpps/Dexter/install/dexter_bringup:/home/aditya/Cpps/Dexter/install/dexter_remote:/home/aditya/Cpps/Dexter/install/dexter_controller:/home/aditya/ros2_ws/install/my_robot_bringup:/home/aditya/ros2_ws/install/my_cpp_pkg:/home/aditya/ros2_ws/install/my_robot_interfaces:/opt/ros/jazzy/opt/gz_sim_vendor:/opt/ros/jazzy/opt/gz_sensors_vendor:/opt/ros/jazzy/opt/gz_physics_vendor:/opt/ros/jazzy/opt/sdformat_vendor:/opt/ros/jazzy/opt/gz_gui_vendor:/opt/ros/jazzy/opt/gz_transport_vendor:/opt/ros/jazzy/opt/gz_rendering_vendor:/opt/ros/jazzy/opt/gz_plugin_vendor:/opt/ros/jazzy/opt/gz_fuel_tools_vendor:/opt/ros/jazzy/opt/gz_msgs_vendor:/opt/ros/jazzy/opt/gz_common_vendor:/opt/ros/jazzy/opt/gz_math_vendor:/opt/ros/jazzy/opt/gz_utils_vendor:/opt/ros/jazzy/opt/gz_tools_vendor:/opt/ros/jazzy/opt/gz_ogre_next_vendor:/opt/ros/jazzy/opt/gz_dartsim_vendor:/opt/ros/jazzy/opt/gz_cmake_vendor:/home/aditya/Cpps/Dexter/install/dexter_inventory:/home/aditya/ros2_ws/install/my_py_pkg:/opt/ros/jazzy DEBUGINFOD_URLS=https://debuginfod.ubuntu.com LD_LIBRARY_PATH=/home/aditya/Cpps/Dexter/install/dexter_msgs/lib:/home/aditya/Cpps/Dexter/install/dexter_remote/lib:/home/aditya/Cpps/Dexter/install/dexter_controller/lib:/home/aditya/ros2_ws/install/my_robot_interfaces/lib:/opt/ros/jazzy/opt/gz_sim_vendor/lib:/opt/ros/jazzy/opt/gz_sensors_vendor/lib:/opt/ros/jazzy/opt/gz_physics_vendor/lib:/opt/ros/jazzy/opt/sdformat_vendor/lib:/opt/ros/jazzy/opt/rviz_ogre_vendor/lib:/opt/ros/jazzy/lib/x86_64-linux-gnu:/opt/ros/jazzy/opt/gz_gui_vendor/lib:/opt/ros/jazzy/opt/gz_transport_vendor/lib:/opt/ros/jazzy/opt/gz_rendering_vendor/lib:/opt/ros/jazzy/opt/gz_plugin_vendor/lib:/opt/ros/jazzy/opt/gz_fuel_tools_vendor/lib:/opt/ros/jazzy/opt/gz_msgs_vendor/lib:/opt/ros/jazzy/opt/gz_common_vendor/lib:/opt/ros/jazzy/opt/gz_math_vendor/lib:/opt/ros/jazzy/opt/gz_utils_vendor/lib:/opt/ros/jazzy/opt/gz_tools_vendor/lib:/opt/ros/jazzy/opt/gz_ogre_next_vendor/lib:/opt/ros/jazzy/opt/gz_dartsim_vendor/lib:/opt/ros/jazzy/opt/gz_cmake_vendor/lib:/opt/ros/jazzy/lib PS1=\[\e]0;\u@\h: \w\a\]${debian_chroot:+($debian_chroot)}\[\033[01;32m\]\u@\h\[\033[00m\]:\[\033[01;34m\]\w\[\033[00m\]\$ PYTHONPATH=/home/aditya/Cpps/Dexter/install/dexter_inventory/lib/python3.12/site-packages:/home/aditya/Cpps/Dexter/install/dexter_msgs/lib/python3.12/site-packages:/home/aditya/Cpps/Dexter/build/dexter_inventory:/home/aditya/Cpps/Dexter/install/dexter_utils/lib/python3.12/site-packages:/home/aditya/Cpps/Dexter/install/dexter_remote/lib/python3.12/site-packages:/home/aditya/Cpps/Dexter/install/dexter_controller/lib/python3.12/site-packages:/home/aditya/ros2_ws/install/my_py_pkg/lib/python3.12/site-packages:/home/aditya/ros2_ws/install/my_robot_interfaces/lib/python3.12/site-packages:/opt/ros/jazzy/lib/python3.12/site-packages VIRTUAL_ENV_PROMPT=(venv-ardupilot) /usr/bin/cmake --build /home/aditya/Cpps/Dexter/build/dexter_remote -- -j28 -l28
[5.135s] DEBUG:colcon.colcon_core.event_handler.log_command:Invoking command in '/home/aditya/Cpps/Dexter/build/dexter_remote': AMENT_PREFIX_PATH=/home/aditya/Cpps/Dexter/install/dexter_inventory:/home/aditya/Cpps/Dexter/install/dexter_utils:/home/aditya/Cpps/Dexter/install/dexter_bringup:/home/aditya/Cpps/Dexter/install/dexter_remote:/home/aditya/Cpps/Dexter/install/dexter_msgs:/home/aditya/Cpps/Dexter/install/dexter_moveit:/home/aditya/Cpps/Dexter/install/dexter_controller:/home/aditya/Cpps/Dexter/install/dexter_description:/home/aditya/ros2_ws/install/my_robot_bringup:/home/aditya/ros2_ws/install/my_py_pkg:/home/aditya/ros2_ws/install/my_cpp_pkg:/home/aditya/ros2_ws/install/my_robot_interfaces:/opt/ros/jazzy CMAKE_PREFIX_PATH=/home/aditya/Cpps/Dexter/install/dexter_moveit:/home/aditya/Cpps/Dexter/install/dexter_msgs:/home/aditya/Cpps/Dexter/install/dexter_description:/home/aditya/Cpps/Dexter/install/dexter_utils:/home/aditya/Cpps/Dexter/install/dexter_bringup:/home/aditya/Cpps/Dexter/install/dexter_remote:/home/aditya/Cpps/Dexter/install/dexter_controller:/home/aditya/ros2_ws/install/my_robot_bringup:/home/aditya/ros2_ws/install/my_cpp_pkg:/home/aditya/ros2_ws/install/my_robot_interfaces:/opt/ros/jazzy/opt/gz_sim_vendor:/opt/ros/jazzy/opt/gz_sensors_vendor:/opt/ros/jazzy/opt/gz_physics_vendor:/opt/ros/jazzy/opt/sdformat_vendor:/opt/ros/jazzy/opt/gz_gui_vendor:/opt/ros/jazzy/opt/gz_transport_vendor:/opt/ros/jazzy/opt/gz_rendering_vendor:/opt/ros/jazzy/opt/gz_plugin_vendor:/opt/ros/jazzy/opt/gz_fuel_tools_vendor:/opt/ros/jazzy/opt/gz_msgs_vendor:/opt/ros/jazzy/opt/gz_common_vendor:/opt/ros/jazzy/opt/gz_math_vendor:/opt/ros/jazzy/opt/gz_utils_vendor:/opt/ros/jazzy/opt/gz_tools_vendor:/opt/ros/jazzy/opt/gz_ogre_next_vendor:/opt/ros/jazzy/opt/gz_dartsim_vendor:/opt/ros/jazzy/opt/gz_cmake_vendor:/home/aditya/Cpps/Dexter/install/dexter_inventory:/home/aditya/ros2_ws/install/my_py_pkg:/opt/ros/jazzy DEBUGINFOD_URLS=https://debuginfod.ubuntu.com LD_LIBRARY_PATH=/home/aditya/Cpps/Dexter/install/dexter_msgs/lib:/home/aditya/Cpps/Dexter/install/dexter_remote/lib:/home/aditya/Cpps/Dexter/install/dexter_controller/lib:/home/aditya/ros2_ws/install/my_robot_interfaces/lib:/opt/ros/jazzy/opt/gz_sim_vendor/lib:/opt/ros/jazzy/opt/gz_sensors_vendor/lib:/opt/ros/jazzy/opt/gz_physics_vendor/lib:/opt/ros/jazzy/opt/sdformat_vendor/lib:/opt/ros/jazzy/opt/rviz_ogre_vendor/lib:/opt/ros/jazzy/lib/x86_64-linux-gnu:/opt/ros/jazzy/opt/gz_gui_vendor/lib:/opt/ros/jazzy/opt/gz_transport_vendor/lib:/opt/ros/jazzy/opt/gz_rendering_vendor/lib:/opt/ros/jazzy/opt/gz_plugin_vendor/lib:/opt/ros/jazzy/opt/gz_fuel_tools_vendor/lib:/opt/ros/jazzy/opt/gz_msgs_vendor/lib:/opt/ros/jazzy/opt/gz_common_vendor/lib:/opt/ros/jazzy/opt/gz_math_vendor/lib:/opt/ros/jazzy/opt/gz_utils_vendor/lib:/opt/ros/jazzy/opt/gz_tools_vendor/lib:/opt/ros/jazzy/opt/gz_ogre_next_vendor/lib:/opt/ros/jazzy/opt/gz_dartsim_vendor/lib:/opt/ros/jazzy/opt/gz_cmake_vendor/lib:/opt/ros/jazzy/lib PS1=\[\e]0;\u@\h: \w\a\]${debian_chroot:+($debian_chroot)}\[\033[01;32m\]\u@\h\[\033[00m\]:\[\033[01;34m\]\w\[\033[00m\]\$ PYTHONPATH=/home/aditya/Cpps/Dexter/install/dexter_inventory/lib/python3.12/site-packages:/home/aditya/Cpps/Dexter/install/dexter_msgs/lib/python3.12/site-packages:/home/aditya/Cpps/Dexter/build/dexter_inventory:/home/aditya/Cpps/Dexter/install/dexter_utils/lib/python3.12/site-packages:/home/aditya/Cpps/Dexter/install/dexter_remote/lib/python3.12/site-packages:/home/aditya/Cpps/Dexter/install/dexter_controller/lib/python3.12/site-packages:/home/aditya/ros2_ws/install/my_py_pkg/lib/python3.12/site-packages:/home/aditya/ros2_ws/install/my_robot_interfaces/lib/python3.12/site-packages:/opt/ros/jazzy/lib/python3.12/site-packages VIRTUAL_ENV_PROMPT=(venv-ardupilot) /usr/bin/cmake --install /home/aditya/Cpps/Dexter/build/dexter_remote
[5.209s] Level 1:colcon.colcon_core.environment:create_environment_scripts_only(dexter_remote)
[5.210s] Level 1:colcon.colcon_core.environment:checking '/home/aditya/Cpps/Dexter/install/dexter_remote' for CMake module files
[5.210s] DEBUG:colcon.colcon_core.event_handler.log_command:Invoked command in '/home/aditya/Cpps/Dexter/build/dexter_remote' returned '0': AMENT_PREFIX_PATH=/home/aditya/Cpps/Dexter/install/dexter_inventory:/home/aditya/Cpps/Dexter/install/dexter_utils:/home/aditya/Cpps/Dexter/install/dexter_bringup:/home/aditya/Cpps/Dexter/install/dexter_remote:/home/aditya/Cpps/Dexter/install/dexter_msgs:/home/aditya/Cpps/Dexter/install/dexter_moveit:/home/aditya/Cpps/Dexter/install/dexter_controller:/home/aditya/Cpps/Dexter/install/dexter_description:/home/aditya/ros2_ws/install/my_robot_bringup:/home/aditya/ros2_ws/install/my_py_pkg:/home/aditya/ros2_ws/install/my_cpp_pkg:/home/aditya/ros2_ws/install/my_robot_interfaces:/opt/ros/jazzy CMAKE_PREFIX_PATH=/home/aditya/Cpps/Dexter/install/dexter_moveit:/home/aditya/Cpps/Dexter/install/dexter_msgs:/home/aditya/Cpps/Dexter/install/dexter_description:/home/aditya/Cpps/Dexter/install/dexter_utils:/home/aditya/Cpps/Dexter/install/dexter_bringup:/home/aditya/Cpps/Dexter/install/dexter_remote:/home/aditya/Cpps/Dexter/install/dexter_controller:/home/aditya/ros2_ws/install/my_robot_bringup:/home/aditya/ros2_ws/install/my_cpp_pkg:/home/aditya/ros2_ws/install/my_robot_interfaces:/opt/ros/jazzy/opt/gz_sim_vendor:/opt/ros/jazzy/opt/gz_sensors_vendor:/opt/ros/jazzy/opt/gz_physics_vendor:/opt/ros/jazzy/opt/sdformat_vendor:/opt/ros/jazzy/opt/gz_gui_vendor:/opt/ros/jazzy/opt/gz_transport_vendor:/opt/ros/jazzy/opt/gz_rendering_vendor:/opt/ros/jazzy/opt/gz_plugin_vendor:/opt/ros/jazzy/opt/gz_fuel_tools_vendor:/opt/ros/jazzy/opt/gz_msgs_vendor:/opt/ros/jazzy/opt/gz_common_vendor:/opt/ros/jazzy/opt/gz_math_vendor:/opt/ros/jazzy/opt/gz_utils_vendor:/opt/ros/jazzy/opt/gz_tools_vendor:/opt/ros/jazzy/opt/gz_ogre_next_vendor:/opt/ros/jazzy/opt/gz_dartsim_vendor:/opt/ros/jazzy/opt/gz_cmake_vendor:/home/aditya/Cpps/Dexter/install/dexter_inventory:/home/aditya/ros2_ws/install/my_py_pkg:/opt/ros/jazzy DEBUGINFOD_URLS=https://debuginfod.ubuntu.com LD_LIBRARY_PATH=/home/aditya/Cpps/Dexter/install/dexter_msgs/lib:/home/aditya/Cpps/Dexter/install/dexter_remote/lib:/home/aditya/Cpps/Dexter/install/dexter_controller/lib:/home/aditya/ros2_ws/install/my_robot_interfaces/lib:/opt/ros/jazzy/opt/gz_sim_vendor/lib:/opt/ros/jazzy/opt/gz_sensors_vendor/lib:/opt/ros/jazzy/opt/gz_physics_vendor/lib:/opt/ros/jazzy/opt/sdformat_vendor/lib:/opt/ros/jazzy/opt/rviz_ogre_vendor/lib:/opt/ros/jazzy/lib/x86_64-linux-gnu:/opt/ros/jazzy/opt/gz_gui_vendor/lib:/opt/ros/jazzy/opt/gz_transport_vendor/lib:/opt/ros/jazzy/opt/gz_rendering_vendor/lib:/opt/ros/jazzy/opt/gz_plugin_vendor/lib:/opt/ros/jazzy/opt/gz_fuel_tools_vendor/lib:/opt/ros/jazzy/opt/gz_msgs_vendor/lib:/opt/ros/jazzy/opt/gz_common_vendor/lib:/opt/ros/jazzy/opt/gz_math_vendor/lib:/opt/ros/jazzy/opt/gz_utils_vendor/lib:/opt/ros/jazzy/opt/gz_tools_vendor/lib:/opt/ros/jazzy/opt/gz_ogre_next_vendor/lib:/opt/ros/jazzy/opt/gz_dartsim_vendor/lib:/opt/ros/jazzy/opt/gz_cmake_vendor/lib:/opt/ros/jazzy/lib PS1=\[\e]0;\u@\h: \w\a\]${debian_chroot:+($debian_chroot)}\[\033[01;32m\]\u@\h\[\033[00m\]:\[\033[01;34m\]\w\[\033[00m\]\$ PYTHONPATH=/home/aditya/Cpps/Dexter/install/dexter_inventory/lib/python3.12/site-packages:/home/aditya/Cpps/Dexter/install/dexter_msgs/lib/python3.12/site-packages:/home/aditya/Cpps/Dexter/build/dexter_inventory:/home/aditya/Cpps/Dexter/install/dexter_utils/lib/python3.12/site-packages:/home/aditya/Cpps/Dexter/install/dexter_remote/lib/python3.12/site-packages:/home/aditya/Cpps/Dexter/install/dexter_controller/lib/python3.12/site-packages:/home/aditya/ros2_ws/install/my_py_pkg/lib/python3.12/site-packages:/home/aditya/ros2_ws/install/my_robot_interfaces/lib/python3.12/site-packages:/opt/ros/jazzy/lib/python3.12/site-packages VIRTUAL_ENV_PROMPT=(venv-ardupilot) /usr/bin/cmake --install /home/aditya/Cpps/Dexter/build/dexter_remote
[5.211s] Level 1:colcon.colcon_core.environment:checking '/home/aditya/Cpps/Dexter/install/dexter_remote' for CMake config files
[5.211s] Level 1:colcon.colcon_core.shell:create_environment_hook('dexter_remote', 'cmake_prefix_path')
[5.212s] INFO:colcon.colcon_core.shell:Creating environment descriptor '/home/aditya/Cpps/Dexter/install/dexter_remote/share/dexter_remote/hook/cmake_prefix_path.dsv'
[5.212s] INFO:colcon.colcon_core.shell:Creating environment hook '/home/aditya/Cpps/Dexter/install/dexter_remote/share/dexter_remote/hook/cmake_prefix_path.sh'
[5.213s] Level 1:colcon.colcon_core.environment:checking '/home/aditya/Cpps/Dexter/install/dexter_remote/lib'
[5.213s] Level 1:colcon.colcon_core.shell:create_environment_hook('dexter_remote', 'ld_library_path_lib')
[5.213s] INFO:colcon.colcon_core.shell:Creating environment descriptor '/home/aditya/Cpps/Dexter/install/dexter_remote/share/dexter_remote/hook/ld_library_path_lib.dsv'
[5.213s] INFO:colcon.colcon_core.shell:Creating environment hook '/home/aditya/Cpps/Dexter/install/dexter_remote/share/dexter_remote/hook/ld_library_path_lib.sh'
[5.214s] Level 1:colcon.colcon_core.environment:checking '/home/aditya/Cpps/Dexter/install/dexter_remote/bin'
[5.214s] Level 1:colcon.colcon_core.environment:checking '/home/aditya/Cpps/Dexter/install/dexter_remote/lib/pkgconfig/dexter_remote.pc'
[5.214s] Level 1:colcon.colcon_core.environment:checking '/home/aditya/Cpps/Dexter/install/dexter_remote/lib/python3.12/site-packages'
[5.214s] Level 1:colcon.colcon_core.shell:create_environment_hook('dexter_remote', 'pythonpath')
[5.215s] INFO:colcon.colcon_core.shell:Creating environment descriptor '/home/aditya/Cpps/Dexter/install/dexter_remote/share/dexter_remote/hook/pythonpath.dsv'
[5.215s] INFO:colcon.colcon_core.shell:Creating environment hook '/home/aditya/Cpps/Dexter/install/dexter_remote/share/dexter_remote/hook/pythonpath.sh'
[5.216s] Level 1:colcon.colcon_core.environment:checking '/home/aditya/Cpps/Dexter/install/dexter_remote/bin'
[5.216s] INFO:colcon.colcon_core.shell:Creating package descriptor '/home/aditya/Cpps/Dexter/install/dexter_remote/share/dexter_remote/package.dsv'
[5.216s] INFO:colcon.colcon_core.shell:Creating package script '/home/aditya/Cpps/Dexter/install/dexter_remote/share/dexter_remote/package.sh'
[5.217s] INFO:colcon.colcon_core.shell:Creating package script '/home/aditya/Cpps/Dexter/install/dexter_remote/share/dexter_remote/package.bash'
[5.217s] INFO:colcon.colcon_core.shell:Creating package script '/home/aditya/Cpps/Dexter/install/dexter_remote/share/dexter_remote/package.zsh'
[5.217s] Level 1:colcon.colcon_core.environment:create_file_with_runtime_dependencies(/home/aditya/Cpps/Dexter/install/dexter_remote/share/colcon-core/packages/dexter_remote)
[5.218s] Level 1:colcon.colcon_core.environment:create_environment_scripts_only(dexter_remote)
[5.218s] Level 1:colcon.colcon_core.environment:checking '/home/aditya/Cpps/Dexter/install/dexter_remote' for CMake module files
[5.218s] Level 1:colcon.colcon_core.environment:checking '/home/aditya/Cpps/Dexter/install/dexter_remote' for CMake config files
[5.219s] Level 1:colcon.colcon_core.shell:create_environment_hook('dexter_remote', 'cmake_prefix_path')
[5.219s] INFO:colcon.colcon_core.shell:Creating environment descriptor '/home/aditya/Cpps/Dexter/install/dexter_remote/share/dexter_remote/hook/cmake_prefix_path.dsv'
[5.220s] INFO:colcon.colcon_core.shell:Creating environment hook '/home/aditya/Cpps/Dexter/install/dexter_remote/share/dexter_remote/hook/cmake_prefix_path.sh'
[5.221s] Level 1:colcon.colcon_core.environment:checking '/home/aditya/Cpps/Dexter/install/dexter_remote/lib'
[5.221s] Level 1:colcon.colcon_core.shell:create_environment_hook('dexter_remote', 'ld_library_path_lib')
[5.222s] INFO:colcon.colcon_core.shell:Creating environment descriptor '/home/aditya/Cpps/Dexter/install/dexter_remote/share/dexter_remote/hook/ld_library_path_lib.dsv'
[5.222s] INFO:colcon.colcon_core.shell:Creating environment hook '/home/aditya/Cpps/Dexter/install/dexter_remote/share/dexter_remote/hook/ld_library_path_lib.sh'
[5.222s] Level 1:colcon.colcon_core.environment:checking '/home/aditya/Cpps/Dexter/install/dexter_remote/bin'
[5.222s] Level 1:colcon.colcon_core.environment:checking '/home/aditya/Cpps/Dexter/install/dexter_remote/lib/pkgconfig/dexter_remote.pc'
[5.222s] Level 1:colcon.colcon_core.environment:checking '/home/aditya/Cpps/Dexter/install/dexter_remote/lib/python3.12/site-packages'
[5.223s] Level 1:colcon.colcon_core.shell:create_environment_hook('dexter_remote', 'pythonpath')
[5.223s] INFO:colcon.colcon_core.shell:Creating environment descriptor '/home/aditya/Cpps/Dexter/install/dexter_remote/share/dexter_remote/hook/pythonpath.dsv'
[5.223s] INFO:colcon.colcon_core.shell:Creating environment hook '/home/aditya/Cpps/Dexter/install/dexter_remote/share/dexter_remote/hook/pythonpath.sh'
[5.224s] Level 1:colcon.colcon_core.environment:checking '/home/aditya/Cpps/Dexter/install/dexter_remote/bin'
[5.224s] INFO:colcon.colcon_core.shell:Creating package descriptor '/home/aditya/Cpps/Dexter/install/dexter_remote/share/dexter_remote/package.dsv'
[5.224s] INFO:colcon.colcon_core.shell:Creating package script '/home/aditya/Cpps/Dexter/install/dexter_remote/share/dexter_remote/package.sh'
[5.225s] INFO:colcon.colcon_core.shell:Creating package script '/home/aditya/Cpps/Dexter/install/dexter_remote/share/dexter_remote/package.bash'
[5.225s] INFO:colcon.colcon_core.shell:Creating package script '/home/aditya/Cpps/Dexter/install/dexter_remote/share/dexter_remote/package.zsh'
[5.225s] Level 1:colcon.colcon_core.environment:create_file_with_runtime_dependencies(/home/aditya/Cpps/Dexter/install/dexter_remote/share/colcon-core/packages/dexter_remote)
[5.226s] INFO:colcon.colcon_ros.task.ament_cmake.build:Building ROS package in '/home/aditya/Cpps/Dexter/dexter_bringup' with build type 'ament_cmake'
[5.226s] INFO:colcon.colcon_cmake.task.cmake.build:Building CMake package in '/home/aditya/Cpps/Dexter/dexter_bringup'
[5.226s] DEBUG:colcon.colcon_core.shell:Skip shell extension 'dsv' for command environment
[5.248s] DEBUG:colcon.colcon_core.event_handler.log_command:Invoking command in '/home/aditya/Cpps/Dexter/build/dexter_bringup': AMENT_PREFIX_PATH=/home/aditya/Cpps/Dexter/install/dexter_inventory:/home/aditya/Cpps/Dexter/install/dexter_utils:/home/aditya/Cpps/Dexter/install/dexter_bringup:/home/aditya/Cpps/Dexter/install/dexter_remote:/home/aditya/Cpps/Dexter/install/dexter_msgs:/home/aditya/Cpps/Dexter/install/dexter_moveit:/home/aditya/Cpps/Dexter/install/dexter_controller:/home/aditya/Cpps/Dexter/install/dexter_description:/home/aditya/ros2_ws/install/my_robot_bringup:/home/aditya/ros2_ws/install/my_py_pkg:/home/aditya/ros2_ws/install/my_cpp_pkg:/home/aditya/ros2_ws/install/my_robot_interfaces:/opt/ros/jazzy CMAKE_PREFIX_PATH=/home/aditya/Cpps/Dexter/install/dexter_remote:/home/aditya/Cpps/Dexter/install/dexter_moveit:/home/aditya/Cpps/Dexter/install/dexter_controller:/home/aditya/Cpps/Dexter/install/dexter_msgs:/home/aditya/Cpps/Dexter/install/dexter_description:/home/aditya/Cpps/Dexter/install/dexter_utils:/home/aditya/Cpps/Dexter/install/dexter_bringup:/home/aditya/ros2_ws/install/my_robot_bringup:/home/aditya/ros2_ws/install/my_cpp_pkg:/home/aditya/ros2_ws/install/my_robot_interfaces:/opt/ros/jazzy/opt/gz_sim_vendor:/opt/ros/jazzy/opt/gz_sensors_vendor:/opt/ros/jazzy/opt/gz_physics_vendor:/opt/ros/jazzy/opt/sdformat_vendor:/opt/ros/jazzy/opt/gz_gui_vendor:/opt/ros/jazzy/opt/gz_transport_vendor:/opt/ros/jazzy/opt/gz_rendering_vendor:/opt/ros/jazzy/opt/gz_plugin_vendor:/opt/ros/jazzy/opt/gz_fuel_tools_vendor:/opt/ros/jazzy/opt/gz_msgs_vendor:/opt/ros/jazzy/opt/gz_common_vendor:/opt/ros/jazzy/opt/gz_math_vendor:/opt/ros/jazzy/opt/gz_utils_vendor:/opt/ros/jazzy/opt/gz_tools_vendor:/opt/ros/jazzy/opt/gz_ogre_next_vendor:/opt/ros/jazzy/opt/gz_dartsim_vendor:/opt/ros/jazzy/opt/gz_cmake_vendor:/home/aditya/Cpps/Dexter/install/dexter_inventory:/home/aditya/ros2_ws/install/my_py_pkg:/opt/ros/jazzy DEBUGINFOD_URLS=https://debuginfod.ubuntu.com LD_LIBRARY_PATH=/home/aditya/Cpps/Dexter/install/dexter_remote/lib:/home/aditya/Cpps/Dexter/install/dexter_controller/lib:/home/aditya/Cpps/Dexter/install/dexter_msgs/lib:/home/aditya/ros2_ws/install/my_robot_interfaces/lib:/opt/ros/jazzy/opt/gz_sim_vendor/lib:/opt/ros/jazzy/opt/gz_sensors_vendor/lib:/opt/ros/jazzy/opt/gz_physics_vendor/lib:/opt/ros/jazzy/opt/sdformat_vendor/lib:/opt/ros/jazzy/opt/rviz_ogre_vendor/lib:/opt/ros/jazzy/lib/x86_64-linux-gnu:/opt/ros/jazzy/opt/gz_gui_vendor/lib:/opt/ros/jazzy/opt/gz_transport_vendor/lib:/opt/ros/jazzy/opt/gz_rendering_vendor/lib:/opt/ros/jazzy/opt/gz_plugin_vendor/lib:/opt/ros/jazzy/opt/gz_fuel_tools_vendor/lib:/opt/ros/jazzy/opt/gz_msgs_vendor/lib:/opt/ros/jazzy/opt/gz_common_vendor/lib:/opt/ros/jazzy/opt/gz_math_vendor/lib:/opt/ros/jazzy/opt/gz_utils_vendor/lib:/opt/ros/jazzy/opt/gz_tools_vendor/lib:/opt/ros/jazzy/opt/gz_ogre_next_vendor/lib:/opt/ros/jazzy/opt/gz_dartsim_vendor/lib:/opt/ros/jazzy/opt/gz_cmake_vendor/lib:/opt/ros/jazzy/lib PS1=\[\e]0;\u@\h: \w\a\]${debian_chroot:+($debian_chroot)}\[\033[01;32m\]\u@\h\[\033[00m\]:\[\033[01;34m\]\w\[\033[00m\]\$ PYTHONPATH=/home/aditya/Cpps/Dexter/install/dexter_remote/lib/python3.12/site-packages:/home/aditya/Cpps/Dexter/install/dexter_inventory/lib/python3.12/site-packages:/home/aditya/Cpps/Dexter/install/dexter_controller/lib/python3.12/site-packages:/home/aditya/Cpps/Dexter/install/dexter_msgs/lib/python3.12/site-packages:/home/aditya/Cpps/Dexter/build/dexter_inventory:/home/aditya/Cpps/Dexter/install/dexter_utils/lib/python3.12/site-packages:/home/aditya/ros2_ws/install/my_py_pkg/lib/python3.12/site-packages:/home/aditya/ros2_ws/install/my_robot_interfaces/lib/python3.12/site-packages:/opt/ros/jazzy/lib/python3.12/site-packages VIRTUAL_ENV_PROMPT=(venv-ardupilot) /usr/bin/cmake /home/aditya/Cpps/Dexter/dexter_bringup -DCMAKE_INSTALL_PREFIX=/home/aditya/Cpps/Dexter/install/dexter_bringup
[5.634s] DEBUG:colcon.colcon_core.event_handler.log_command:Invoked command in '/home/aditya/Cpps/Dexter/build/dexter_bringup' returned '0': AMENT_PREFIX_PATH=/home/aditya/Cpps/Dexter/install/dexter_inventory:/home/aditya/Cpps/Dexter/install/dexter_utils:/home/aditya/Cpps/Dexter/install/dexter_bringup:/home/aditya/Cpps/Dexter/install/dexter_remote:/home/aditya/Cpps/Dexter/install/dexter_msgs:/home/aditya/Cpps/Dexter/install/dexter_moveit:/home/aditya/Cpps/Dexter/install/dexter_controller:/home/aditya/Cpps/Dexter/install/dexter_description:/home/aditya/ros2_ws/install/my_robot_bringup:/home/aditya/ros2_ws/install/my_py_pkg:/home/aditya/ros2_ws/install/my_cpp_pkg:/home/aditya/ros2_ws/install/my_robot_interfaces:/opt/ros/jazzy CMAKE_PREFIX_PATH=/home/aditya/Cpps/Dexter/install/dexter_remote:/home/aditya/Cpps/Dexter/install/dexter_moveit:/home/aditya/Cpps/Dexter/install/dexter_controller:/home/aditya/Cpps/Dexter/install/dexter_msgs:/home/aditya/Cpps/Dexter/install/dexter_description:/home/aditya/Cpps/Dexter/install/dexter_utils:/home/aditya/Cpps/Dexter/install/dexter_bringup:/home/aditya/ros2_ws/install/my_robot_bringup:/home/aditya/ros2_ws/install/my_cpp_pkg:/home/aditya/ros2_ws/install/my_robot_interfaces:/opt/ros/jazzy/opt/gz_sim_vendor:/opt/ros/jazzy/opt/gz_sensors_vendor:/opt/ros/jazzy/opt/gz_physics_vendor:/opt/ros/jazzy/opt/sdformat_vendor:/opt/ros/jazzy/opt/gz_gui_vendor:/opt/ros/jazzy/opt/gz_transport_vendor:/opt/ros/jazzy/opt/gz_rendering_vendor:/opt/ros/jazzy/opt/gz_plugin_vendor:/opt/ros/jazzy/opt/gz_fuel_tools_vendor:/opt/ros/jazzy/opt/gz_msgs_vendor:/opt/ros/jazzy/opt/gz_common_vendor:/opt/ros/jazzy/opt/gz_math_vendor:/opt/ros/jazzy/opt/gz_utils_vendor:/opt/ros/jazzy/opt/gz_tools_vendor:/opt/ros/jazzy/opt/gz_ogre_next_vendor:/opt/ros/jazzy/opt/gz_dartsim_vendor:/opt/ros/jazzy/opt/gz_cmake_vendor:/home/aditya/Cpps/Dexter/install/dexter_inventory:/home/aditya/ros2_ws/install/my_py_pkg:/opt/ros/jazzy DEBUGINFOD_URLS=https://debuginfod.ubuntu.com LD_LIBRARY_PATH=/home/aditya/Cpps/Dexter/install/dexter_remote/lib:/home/aditya/Cpps/Dexter/install/dexter_controller/lib:/home/aditya/Cpps/Dexter/install/dexter_msgs/lib:/home/aditya/ros2_ws/install/my_robot_interfaces/lib:/opt/ros/jazzy/opt/gz_sim_vendor/lib:/opt/ros/jazzy/opt/gz_sensors_vendor/lib:/opt/ros/jazzy/opt/gz_physics_vendor/lib:/opt/ros/jazzy/opt/sdformat_vendor/lib:/opt/ros/jazzy/opt/rviz_ogre_vendor/lib:/opt/ros/jazzy/lib/x86_64-linux-gnu:/opt/ros/jazzy/opt/gz_gui_vendor/lib:/opt/ros/jazzy/opt/gz_transport_vendor/lib:/opt/ros/jazzy/opt/gz_rendering_vendor/lib:/opt/ros/jazzy/opt/gz_plugin_vendor/lib:/opt/ros/jazzy/opt/gz_fuel_tools_vendor/lib:/opt/ros/jazzy/opt/gz_msgs_vendor/lib:/opt/ros/jazzy/opt/gz_common_vendor/lib:/opt/ros/jazzy/opt/gz_math_vendor/lib:/opt/ros/jazzy/opt/gz_utils_vendor/lib:/opt/ros/jazzy/opt/gz_tools_vendor/lib:/opt/ros/jazzy/opt/gz_ogre_next_vendor/lib:/opt/ros/jazzy/opt/gz_dartsim_vendor/lib:/opt/ros/jazzy/opt/gz_cmake_vendor/lib:/opt/ros/jazzy/lib PS1=\[\e]0;\u@\h: \w\a\]${debian_chroot:+($debian_chroot)}\[\033[01;32m\]\u@\h\[\033[00m\]:\[\033[01;34m\]\w\[\033[00m\]\$ PYTHONPATH=/home/aditya/Cpps/Dexter/install/dexter_remote/lib/python3.12/site-packages:/home/aditya/Cpps/Dexter/install/dexter_inventory/lib/python3.12/site-packages:/home/aditya/Cpps/Dexter/install/dexter_controller/lib/python3.12/site-packages:/home/aditya/Cpps/Dexter/install/dexter_msgs/lib/python3.12/site-packages:/home/aditya/Cpps/Dexter/build/dexter_inventory:/home/aditya/Cpps/Dexter/install/dexter_utils/lib/python3.12/site-packages:/home/aditya/ros2_ws/install/my_py_pkg/lib/python3.12/site-packages:/home/aditya/ros2_ws/install/my_robot_interfaces/lib/python3.12/site-packages:/opt/ros/jazzy/lib/python3.12/site-packages VIRTUAL_ENV_PROMPT=(venv-ardupilot) /usr/bin/cmake /home/aditya/Cpps/Dexter/dexter_bringup -DCMAKE_INSTALL_PREFIX=/home/aditya/Cpps/Dexter/install/dexter_bringup
[5.635s] DEBUG:colcon.colcon_core.event_handler.log_command:Invoking command in '/home/aditya/Cpps/Dexter/build/dexter_bringup': AMENT_PREFIX_PATH=/home/aditya/Cpps/Dexter/install/dexter_inventory:/home/aditya/Cpps/Dexter/install/dexter_utils:/home/aditya/Cpps/Dexter/install/dexter_bringup:/home/aditya/Cpps/Dexter/install/dexter_remote:/home/aditya/Cpps/Dexter/install/dexter_msgs:/home/aditya/Cpps/Dexter/install/dexter_moveit:/home/aditya/Cpps/Dexter/install/dexter_controller:/home/aditya/Cpps/Dexter/install/dexter_description:/home/aditya/ros2_ws/install/my_robot_bringup:/home/aditya/ros2_ws/install/my_py_pkg:/home/aditya/ros2_ws/install/my_cpp_pkg:/home/aditya/ros2_ws/install/my_robot_interfaces:/opt/ros/jazzy CMAKE_PREFIX_PATH=/home/aditya/Cpps/Dexter/install/dexter_remote:/home/aditya/Cpps/Dexter/install/dexter_moveit:/home/aditya/Cpps/Dexter/install/dexter_controller:/home/aditya/Cpps/Dexter/install/dexter_msgs:/home/aditya/Cpps/Dexter/install/dexter_description:/home/aditya/Cpps/Dexter/install/dexter_utils:/home/aditya/Cpps/Dexter/install/dexter_bringup:/home/aditya/ros2_ws/install/my_robot_bringup:/home/aditya/ros2_ws/install/my_cpp_pkg:/home/aditya/ros2_ws/install/my_robot_interfaces:/opt/ros/jazzy/opt/gz_sim_vendor:/opt/ros/jazzy/opt/gz_sensors_vendor:/opt/ros/jazzy/opt/gz_physics_vendor:/opt/ros/jazzy/opt/sdformat_vendor:/opt/ros/jazzy/opt/gz_gui_vendor:/opt/ros/jazzy/opt/gz_transport_vendor:/opt/ros/jazzy/opt/gz_rendering_vendor:/opt/ros/jazzy/opt/gz_plugin_vendor:/opt/ros/jazzy/opt/gz_fuel_tools_vendor:/opt/ros/jazzy/opt/gz_msgs_vendor:/opt/ros/jazzy/opt/gz_common_vendor:/opt/ros/jazzy/opt/gz_math_vendor:/opt/ros/jazzy/opt/gz_utils_vendor:/opt/ros/jazzy/opt/gz_tools_vendor:/opt/ros/jazzy/opt/gz_ogre_next_vendor:/opt/ros/jazzy/opt/gz_dartsim_vendor:/opt/ros/jazzy/opt/gz_cmake_vendor:/home/aditya/Cpps/Dexter/install/dexter_inventory:/home/aditya/ros2_ws/install/my_py_pkg:/opt/ros/jazzy DEBUGINFOD_URLS=https://debuginfod.ubuntu.com LD_LIBRARY_PATH=/home/aditya/Cpps/Dexter/install/dexter_remote/lib:/home/aditya/Cpps/Dexter/install/dexter_controller/lib:/home/aditya/Cpps/Dexter/install/dexter_msgs/lib:/home/aditya/ros2_ws/install/my_robot_interfaces/lib:/opt/ros/jazzy/opt/gz_sim_vendor/lib:/opt/ros/jazzy/opt/gz_sensors_vendor/lib:/opt/ros/jazzy/opt/gz_physics_vendor/lib:/opt/ros/jazzy/opt/sdformat_vendor/lib:/opt/ros/jazzy/opt/rviz_ogre_vendor/lib:/opt/ros/jazzy/lib/x86_64-linux-gnu:/opt/ros/jazzy/opt/gz_gui_vendor/lib:/opt/ros/jazzy/opt/gz_transport_vendor/lib:/opt/ros/jazzy/opt/gz_rendering_vendor/lib:/opt/ros/jazzy/opt/gz_plugin_vendor/lib:/opt/ros/jazzy/opt/gz_fuel_tools_vendor/lib:/opt/ros/jazzy/opt/gz_msgs_vendor/lib:/opt/ros/jazzy/opt/gz_common_vendor/lib:/opt/ros/jazzy/opt/gz_math_vendor/lib:/opt/ros/jazzy/opt/gz_utils_vendor/lib:/opt/ros/jazzy/opt/gz_tools_vendor/lib:/opt/ros/jazzy/opt/gz_ogre_next_vendor/lib:/opt/ros/jazzy/opt/gz_dartsim_vendor/lib:/opt/ros/jazzy/opt/gz_cmake_vendor/lib:/opt/ros/jazzy/lib PS1=\[\e]0;\u@\h: \w\a\]${debian_chroot:+($debian_chroot)}\[\033[01;32m\]\u@\h\[\033[00m\]:\[\033[01;34m\]\w\[\033[00m\]\$ PYTHONPATH=/home/aditya/Cpps/Dexter/install/dexter_remote/lib/python3.12/site-packages:/home/aditya/Cpps/Dexter/install/dexter_inventory/lib/python3.12/site-packages:/home/aditya/Cpps/Dexter/install/dexter_controller/lib/python3.12/site-packages:/home/aditya/Cpps/Dexter/install/dexter_msgs/lib/python3.12/site-packages:/home/aditya/Cpps/Dexter/build/dexter_inventory:/home/aditya/Cpps/Dexter/install/dexter_utils/lib/python3.12/site-packages:/home/aditya/ros2_ws/install/my_py_pkg/lib/python3.12/site-packages:/home/aditya/ros2_ws/install/my_robot_interfaces/lib/python3.12/site-packages:/opt/ros/jazzy/lib/python3.12/site-packages VIRTUAL_ENV_PROMPT=(venv-ardupilot) /usr/bin/cmake --build /home/aditya/Cpps/Dexter/build/dexter_bringup -- -j28 -l28
[5.695s] DEBUG:colcon.colcon_core.event_handler.log_command:Invoked command in '/home/aditya/Cpps/Dexter/build/dexter_bringup' returned '0': AMENT_PREFIX_PATH=/home/aditya/Cpps/Dexter/install/dexter_inventory:/home/aditya/Cpps/Dexter/install/dexter_utils:/home/aditya/Cpps/Dexter/install/dexter_bringup:/home/aditya/Cpps/Dexter/install/dexter_remote:/home/aditya/Cpps/Dexter/install/dexter_msgs:/home/aditya/Cpps/Dexter/install/dexter_moveit:/home/aditya/Cpps/Dexter/install/dexter_controller:/home/aditya/Cpps/Dexter/install/dexter_description:/home/aditya/ros2_ws/install/my_robot_bringup:/home/aditya/ros2_ws/install/my_py_pkg:/home/aditya/ros2_ws/install/my_cpp_pkg:/home/aditya/ros2_ws/install/my_robot_interfaces:/opt/ros/jazzy CMAKE_PREFIX_PATH=/home/aditya/Cpps/Dexter/install/dexter_remote:/home/aditya/Cpps/Dexter/install/dexter_moveit:/home/aditya/Cpps/Dexter/install/dexter_controller:/home/aditya/Cpps/Dexter/install/dexter_msgs:/home/aditya/Cpps/Dexter/install/dexter_description:/home/aditya/Cpps/Dexter/install/dexter_utils:/home/aditya/Cpps/Dexter/install/dexter_bringup:/home/aditya/ros2_ws/install/my_robot_bringup:/home/aditya/ros2_ws/install/my_cpp_pkg:/home/aditya/ros2_ws/install/my_robot_interfaces:/opt/ros/jazzy/opt/gz_sim_vendor:/opt/ros/jazzy/opt/gz_sensors_vendor:/opt/ros/jazzy/opt/gz_physics_vendor:/opt/ros/jazzy/opt/sdformat_vendor:/opt/ros/jazzy/opt/gz_gui_vendor:/opt/ros/jazzy/opt/gz_transport_vendor:/opt/ros/jazzy/opt/gz_rendering_vendor:/opt/ros/jazzy/opt/gz_plugin_vendor:/opt/ros/jazzy/opt/gz_fuel_tools_vendor:/opt/ros/jazzy/opt/gz_msgs_vendor:/opt/ros/jazzy/opt/gz_common_vendor:/opt/ros/jazzy/opt/gz_math_vendor:/opt/ros/jazzy/opt/gz_utils_vendor:/opt/ros/jazzy/opt/gz_tools_vendor:/opt/ros/jazzy/opt/gz_ogre_next_vendor:/opt/ros/jazzy/opt/gz_dartsim_vendor:/opt/ros/jazzy/opt/gz_cmake_vendor:/home/aditya/Cpps/Dexter/install/dexter_inventory:/home/aditya/ros2_ws/install/my_py_pkg:/opt/ros/jazzy DEBUGINFOD_URLS=https://debuginfod.ubuntu.com LD_LIBRARY_PATH=/home/aditya/Cpps/Dexter/install/dexter_remote/lib:/home/aditya/Cpps/Dexter/install/dexter_controller/lib:/home/aditya/Cpps/Dexter/install/dexter_msgs/lib:/home/aditya/ros2_ws/install/my_robot_interfaces/lib:/opt/ros/jazzy/opt/gz_sim_vendor/lib:/opt/ros/jazzy/opt/gz_sensors_vendor/lib:/opt/ros/jazzy/opt/gz_physics_vendor/lib:/opt/ros/jazzy/opt/sdformat_vendor/lib:/opt/ros/jazzy/opt/rviz_ogre_vendor/lib:/opt/ros/jazzy/lib/x86_64-linux-gnu:/opt/ros/jazzy/opt/gz_gui_vendor/lib:/opt/ros/jazzy/opt/gz_transport_vendor/lib:/opt/ros/jazzy/opt/gz_rendering_vendor/lib:/opt/ros/jazzy/opt/gz_plugin_vendor/lib:/opt/ros/jazzy/opt/gz_fuel_tools_vendor/lib:/opt/ros/jazzy/opt/gz_msgs_vendor/lib:/opt/ros/jazzy/opt/gz_common_vendor/lib:/opt/ros/jazzy/opt/gz_math_vendor/lib:/opt/ros/jazzy/opt/gz_utils_vendor/lib:/opt/ros/jazzy/opt/gz_tools_vendor/lib:/opt/ros/jazzy/opt/gz_ogre_next_vendor/lib:/opt/ros/jazzy/opt/gz_dartsim_vendor/lib:/opt/ros/jazzy/opt/gz_cmake_vendor/lib:/opt/ros/jazzy/lib PS1=\[\e]0;\u@\h: \w\a\]${debian_chroot:+($debian_chroot)}\[\033[01;32m\]\u@\h\[\033[00m\]:\[\033[01;34m\]\w\[\033[00m\]\$ PYTHONPATH=/home/aditya/Cpps/Dexter/install/dexter_remote/lib/python3.12/site-packages:/home/aditya/Cpps/Dexter/install/dexter_inventory/lib/python3.12/site-packages:/home/aditya/Cpps/Dexter/install/dexter_controller/lib/python3.12/site-packages:/home/aditya/Cpps/Dexter/install/dexter_msgs/lib/python3.12/site-packages:/home/aditya/Cpps/Dexter/build/dexter_inventory:/home/aditya/Cpps/Dexter/install/dexter_utils/lib/python3.12/site-packages:/home/aditya/ros2_ws/install/my_py_pkg/lib/python3.12/site-packages:/home/aditya/ros2_ws/install/my_robot_interfaces/lib/python3.12/site-packages:/opt/ros/jazzy/lib/python3.12/site-packages VIRTUAL_ENV_PROMPT=(venv-ardupilot) /usr/bin/cmake --build /home/aditya/Cpps/Dexter/build/dexter_bringup -- -j28 -l28
[5.696s] DEBUG:colcon.colcon_core.event_handler.log_command:Invoking command in '/home/aditya/Cpps/Dexter/build/dexter_bringup': AMENT_PREFIX_PATH=/home/aditya/Cpps/Dexter/install/dexter_inventory:/home/aditya/Cpps/Dexter/install/dexter_utils:/home/aditya/Cpps/Dexter/install/dexter_bringup:/home/aditya/Cpps/Dexter/install/dexter_remote:/home/aditya/Cpps/Dexter/install/dexter_msgs:/home/aditya/Cpps/Dexter/install/dexter_moveit:/home/aditya/Cpps/Dexter/install/dexter_controller:/home/aditya/Cpps/Dexter/install/dexter_description:/home/aditya/ros2_ws/install/my_robot_bringup:/home/aditya/ros2_ws/install/my_py_pkg:/home/aditya/ros2_ws/install/my_cpp_pkg:/home/aditya/ros2_ws/install/my_robot_interfaces:/opt/ros/jazzy CMAKE_PREFIX_PATH=/home/aditya/Cpps/Dexter/install/dexter_remote:/home/aditya/Cpps/Dexter/install/dexter_moveit:/home/aditya/Cpps/Dexter/install/dexter_controller:/home/aditya/Cpps/Dexter/install/dexter_msgs:/home/aditya/Cpps/Dexter/install/dexter_description:/home/aditya/Cpps/Dexter/install/dexter_utils:/home/aditya/Cpps/Dexter/install/dexter_bringup:/home/aditya/ros2_ws/install/my_robot_bringup:/home/aditya/ros2_ws/install/my_cpp_pkg:/home/aditya/ros2_ws/install/my_robot_interfaces:/opt/ros/jazzy/opt/gz_sim_vendor:/opt/ros/jazzy/opt/gz_sensors_vendor:/opt/ros/jazzy/opt/gz_physics_vendor:/opt/ros/jazzy/opt/sdformat_vendor:/opt/ros/jazzy/opt/gz_gui_vendor:/opt/ros/jazzy/opt/gz_transport_vendor:/opt/ros/jazzy/opt/gz_rendering_vendor:/opt/ros/jazzy/opt/gz_plugin_vendor:/opt/ros/jazzy/opt/gz_fuel_tools_vendor:/opt/ros/jazzy/opt/gz_msgs_vendor:/opt/ros/jazzy/opt/gz_common_vendor:/opt/ros/jazzy/opt/gz_math_vendor:/opt/ros/jazzy/opt/gz_utils_vendor:/opt/ros/jazzy/opt/gz_tools_vendor:/opt/ros/jazzy/opt/gz_ogre_next_vendor:/opt/ros/jazzy/opt/gz_dartsim_vendor:/opt/ros/jazzy/opt/gz_cmake_vendor:/home/aditya/Cpps/Dexter/install/dexter_inventory:/home/aditya/ros2_ws/install/my_py_pkg:/opt/ros/jazzy DEBUGINFOD_URLS=https://debuginfod.ubuntu.com LD_LIBRARY_PATH=/home/aditya/Cpps/Dexter/install/dexter_remote/lib:/home/aditya/Cpps/Dexter/install/dexter_controller/lib:/home/aditya/Cpps/Dexter/install/dexter_msgs/lib:/home/aditya/ros2_ws/install/my_robot_interfaces/lib:/opt/ros/jazzy/opt/gz_sim_vendor/lib:/opt/ros/jazzy/opt/gz_sensors_vendor/lib:/opt/ros/jazzy/opt/gz_physics_vendor/lib:/opt/ros/jazzy/opt/sdformat_vendor/lib:/opt/ros/jazzy/opt/rviz_ogre_vendor/lib:/opt/ros/jazzy/lib/x86_64-linux-gnu:/opt/ros/jazzy/opt/gz_gui_vendor/lib:/opt/ros/jazzy/opt/gz_transport_vendor/lib:/opt/ros/jazzy/opt/gz_rendering_vendor/lib:/opt/ros/jazzy/opt/gz_plugin_vendor/lib:/opt/ros/jazzy/opt/gz_fuel_tools_vendor/lib:/opt/ros/jazzy/opt/gz_msgs_vendor/lib:/opt/ros/jazzy/opt/gz_common_vendor/lib:/opt/ros/jazzy/opt/gz_math_vendor/lib:/opt/ros/jazzy/opt/gz_utils_vendor/lib:/opt/ros/jazzy/opt/gz_tools_vendor/lib:/opt/ros/jazzy/opt/gz_ogre_next_vendor/lib:/opt/ros/jazzy/opt/gz_dartsim_vendor/lib:/opt/ros/jazzy/opt/gz_cmake_vendor/lib:/opt/ros/jazzy/lib PS1=\[\e]0;\u@\h: \w\a\]${debian_chroot:+($debian_chroot)}\[\033[01;32m\]\u@\h\[\033[00m\]:\[\033[01;34m\]\w\[\033[00m\]\$ PYTHONPATH=/home/aditya/Cpps/Dexter/install/dexter_remote/lib/python3.12/site-packages:/home/aditya/Cpps/Dexter/install/dexter_inventory/lib/python3.12/site-packages:/home/aditya/Cpps/Dexter/install/dexter_controller/lib/python3.12/site-packages:/home/aditya/Cpps/Dexter/install/dexter_msgs/lib/python3.12/site-packages:/home/aditya/Cpps/Dexter/build/dexter_inventory:/home/aditya/Cpps/Dexter/install/dexter_utils/lib/python3.12/site-packages:/home/aditya/ros2_ws/install/my_py_pkg/lib/python3.12/site-packages:/home/aditya/ros2_ws/install/my_robot_interfaces/lib/python3.12/site-packages:/opt/ros/jazzy/lib/python3.12/site-packages VIRTUAL_ENV_PROMPT=(venv-ardupilot) /usr/bin/cmake --install /home/aditya/Cpps/Dexter/build/dexter_bringup
[5.729s] Level 1:colcon.colcon_core.environment:create_environment_scripts_only(dexter_bringup)
[5.730s] Level 1:colcon.colcon_core.environment:checking '/home/aditya/Cpps/Dexter/install/dexter_bringup' for CMake module files
[5.730s] DEBUG:colcon.colcon_core.event_handler.log_command:Invoked command in '/home/aditya/Cpps/Dexter/build/dexter_bringup' returned '0': AMENT_PREFIX_PATH=/home/aditya/Cpps/Dexter/install/dexter_inventory:/home/aditya/Cpps/Dexter/install/dexter_utils:/home/aditya/Cpps/Dexter/install/dexter_bringup:/home/aditya/Cpps/Dexter/install/dexter_remote:/home/aditya/Cpps/Dexter/install/dexter_msgs:/home/aditya/Cpps/Dexter/install/dexter_moveit:/home/aditya/Cpps/Dexter/install/dexter_controller:/home/aditya/Cpps/Dexter/install/dexter_description:/home/aditya/ros2_ws/install/my_robot_bringup:/home/aditya/ros2_ws/install/my_py_pkg:/home/aditya/ros2_ws/install/my_cpp_pkg:/home/aditya/ros2_ws/install/my_robot_interfaces:/opt/ros/jazzy CMAKE_PREFIX_PATH=/home/aditya/Cpps/Dexter/install/dexter_remote:/home/aditya/Cpps/Dexter/install/dexter_moveit:/home/aditya/Cpps/Dexter/install/dexter_controller:/home/aditya/Cpps/Dexter/install/dexter_msgs:/home/aditya/Cpps/Dexter/install/dexter_description:/home/aditya/Cpps/Dexter/install/dexter_utils:/home/aditya/Cpps/Dexter/install/dexter_bringup:/home/aditya/ros2_ws/install/my_robot_bringup:/home/aditya/ros2_ws/install/my_cpp_pkg:/home/aditya/ros2_ws/install/my_robot_interfaces:/opt/ros/jazzy/opt/gz_sim_vendor:/opt/ros/jazzy/opt/gz_sensors_vendor:/opt/ros/jazzy/opt/gz_physics_vendor:/opt/ros/jazzy/opt/sdformat_vendor:/opt/ros/jazzy/opt/gz_gui_vendor:/opt/ros/jazzy/opt/gz_transport_vendor:/opt/ros/jazzy/opt/gz_rendering_vendor:/opt/ros/jazzy/opt/gz_plugin_vendor:/opt/ros/jazzy/opt/gz_fuel_tools_vendor:/opt/ros/jazzy/opt/gz_msgs_vendor:/opt/ros/jazzy/opt/gz_common_vendor:/opt/ros/jazzy/opt/gz_math_vendor:/opt/ros/jazzy/opt/gz_utils_vendor:/opt/ros/jazzy/opt/gz_tools_vendor:/opt/ros/jazzy/opt/gz_ogre_next_vendor:/opt/ros/jazzy/opt/gz_dartsim_vendor:/opt/ros/jazzy/opt/gz_cmake_vendor:/home/aditya/Cpps/Dexter/install/dexter_inventory:/home/aditya/ros2_ws/install/my_py_pkg:/opt/ros/jazzy DEBUGINFOD_URLS=https://debuginfod.ubuntu.com LD_LIBRARY_PATH=/home/aditya/Cpps/Dexter/install/dexter_remote/lib:/home/aditya/Cpps/Dexter/install/dexter_controller/lib:/home/aditya/Cpps/Dexter/install/dexter_msgs/lib:/home/aditya/ros2_ws/install/my_robot_interfaces/lib:/opt/ros/jazzy/opt/gz_sim_vendor/lib:/opt/ros/jazzy/opt/gz_sensors_vendor/lib:/opt/ros/jazzy/opt/gz_physics_vendor/lib:/opt/ros/jazzy/opt/sdformat_vendor/lib:/opt/ros/jazzy/opt/rviz_ogre_vendor/lib:/opt/ros/jazzy/lib/x86_64-linux-gnu:/opt/ros/jazzy/opt/gz_gui_vendor/lib:/opt/ros/jazzy/opt/gz_transport_vendor/lib:/opt/ros/jazzy/opt/gz_rendering_vendor/lib:/opt/ros/jazzy/opt/gz_plugin_vendor/lib:/opt/ros/jazzy/opt/gz_fuel_tools_vendor/lib:/opt/ros/jazzy/opt/gz_msgs_vendor/lib:/opt/ros/jazzy/opt/gz_common_vendor/lib:/opt/ros/jazzy/opt/gz_math_vendor/lib:/opt/ros/jazzy/opt/gz_utils_vendor/lib:/opt/ros/jazzy/opt/gz_tools_vendor/lib:/opt/ros/jazzy/opt/gz_ogre_next_vendor/lib:/opt/ros/jazzy/opt/gz_dartsim_vendor/lib:/opt/ros/jazzy/opt/gz_cmake_vendor/lib:/opt/ros/jazzy/lib PS1=\[\e]0;\u@\h: \w\a\]${debian_chroot:+($debian_chroot)}\[\033[01;32m\]\u@\h\[\033[00m\]:\[\033[01;34m\]\w\[\033[00m\]\$ PYTHONPATH=/home/aditya/Cpps/Dexter/install/dexter_remote/lib/python3.12/site-packages:/home/aditya/Cpps/Dexter/install/dexter_inventory/lib/python3.12/site-packages:/home/aditya/Cpps/Dexter/install/dexter_controller/lib/python3.12/site-packages:/home/aditya/Cpps/Dexter/install/dexter_msgs/lib/python3.12/site-packages:/home/aditya/Cpps/Dexter/build/dexter_inventory:/home/aditya/Cpps/Dexter/install/dexter_utils/lib/python3.12/site-packages:/home/aditya/ros2_ws/install/my_py_pkg/lib/python3.12/site-packages:/home/aditya/ros2_ws/install/my_robot_interfaces/lib/python3.12/site-packages:/opt/ros/jazzy/lib/python3.12/site-packages VIRTUAL_ENV_PROMPT=(venv-ardupilot) /usr/bin/cmake --install /home/aditya/Cpps/Dexter/build/dexter_bringup
[5.731s] Level 1:colcon.colcon_core.environment:checking '/home/aditya/Cpps/Dexter/install/dexter_bringup' for CMake config files
[5.731s] Level 1:colcon.colcon_core.shell:create_environment_hook('dexter_bringup', 'cmake_prefix_path')
[5.731s] INFO:colcon.colcon_core.shell:Creating environment descriptor '/home/aditya/Cpps/Dexter/install/dexter_bringup/share/dexter_bringup/hook/cmake_prefix_path.dsv'
[5.731s] INFO:colcon.colcon_core.shell:Creating environment hook '/home/aditya/Cpps/Dexter/install/dexter_bringup/share/dexter_bringup/hook/cmake_prefix_path.sh'
[5.732s] Level 1:colcon.colcon_core.environment:checking '/home/aditya/Cpps/Dexter/install/dexter_bringup/bin'
[5.732s] Level 1:colcon.colcon_core.environment:checking '/home/aditya/Cpps/Dexter/install/dexter_bringup/lib/pkgconfig/dexter_bringup.pc'
[5.732s] Level 1:colcon.colcon_core.environment:checking '/home/aditya/Cpps/Dexter/install/dexter_bringup/lib/python3.12/site-packages'
[5.732s] Level 1:colcon.colcon_core.environment:checking '/home/aditya/Cpps/Dexter/install/dexter_bringup/bin'
[5.733s] INFO:colcon.colcon_core.shell:Creating package descriptor '/home/aditya/Cpps/Dexter/install/dexter_bringup/share/dexter_bringup/package.dsv'
[5.733s] INFO:colcon.colcon_core.shell:Creating package script '/home/aditya/Cpps/Dexter/install/dexter_bringup/share/dexter_bringup/package.sh'
[5.733s] INFO:colcon.colcon_core.shell:Creating package script '/home/aditya/Cpps/Dexter/install/dexter_bringup/share/dexter_bringup/package.bash'
[5.734s] INFO:colcon.colcon_core.shell:Creating package script '/home/aditya/Cpps/Dexter/install/dexter_bringup/share/dexter_bringup/package.zsh'
[5.734s] Level 1:colcon.colcon_core.environment:create_file_with_runtime_dependencies(/home/aditya/Cpps/Dexter/install/dexter_bringup/share/colcon-core/packages/dexter_bringup)
[5.735s] Level 1:colcon.colcon_core.environment:create_environment_scripts_only(dexter_bringup)
[5.735s] Level 1:colcon.colcon_core.environment:checking '/home/aditya/Cpps/Dexter/install/dexter_bringup' for CMake module files
[5.735s] Level 1:colcon.colcon_core.environment:checking '/home/aditya/Cpps/Dexter/install/dexter_bringup' for CMake config files
[5.735s] Level 1:colcon.colcon_core.shell:create_environment_hook('dexter_bringup', 'cmake_prefix_path')
[5.735s] INFO:colcon.colcon_core.shell:Creating environment descriptor '/home/aditya/Cpps/Dexter/install/dexter_bringup/share/dexter_bringup/hook/cmake_prefix_path.dsv'
[5.736s] INFO:colcon.colcon_core.shell:Creating environment hook '/home/aditya/Cpps/Dexter/install/dexter_bringup/share/dexter_bringup/hook/cmake_prefix_path.sh'
[5.736s] Level 1:colcon.colcon_core.environment:checking '/home/aditya/Cpps/Dexter/install/dexter_bringup/bin'
[5.736s] Level 1:colcon.colcon_core.environment:checking '/home/aditya/Cpps/Dexter/install/dexter_bringup/lib/pkgconfig/dexter_bringup.pc'
[5.736s] Level 1:colcon.colcon_core.environment:checking '/home/aditya/Cpps/Dexter/install/dexter_bringup/lib/python3.12/site-packages'
[5.737s] Level 1:colcon.colcon_core.environment:checking '/home/aditya/Cpps/Dexter/install/dexter_bringup/bin'
[5.737s] INFO:colcon.colcon_core.shell:Creating package descriptor '/home/aditya/Cpps/Dexter/install/dexter_bringup/share/dexter_bringup/package.dsv'
[5.737s] INFO:colcon.colcon_core.shell:Creating package script '/home/aditya/Cpps/Dexter/install/dexter_bringup/share/dexter_bringup/package.sh'
[5.738s] INFO:colcon.colcon_core.shell:Creating package script '/home/aditya/Cpps/Dexter/install/dexter_bringup/share/dexter_bringup/package.bash'
[5.738s] INFO:colcon.colcon_core.shell:Creating package script '/home/aditya/Cpps/Dexter/install/dexter_bringup/share/dexter_bringup/package.zsh'
[5.738s] Level 1:colcon.colcon_core.environment:create_file_with_runtime_dependencies(/home/aditya/Cpps/Dexter/install/dexter_bringup/share/colcon-core/packages/dexter_bringup)
[5.738s] DEBUG:colcon.colcon_parallel_executor.executor.parallel:closing loop
[5.739s] DEBUG:colcon.colcon_parallel_executor.executor.parallel:loop closed
[5.739s] DEBUG:colcon.colcon_parallel_executor.executor.parallel:run_until_complete finished with '0'
[5.739s] DEBUG:colcon.colcon_core.event_reactor:joining thread
[5.745s] INFO:colcon.colcon_core.plugin_system:Skipping extension 'colcon_notification.desktop_notification.terminal_notifier': Not used on non-Darwin systems
[5.745s] INFO:colcon.colcon_core.plugin_system:Skipping extension 'colcon_notification.desktop_notification.win32': Not used on non-Windows systems
[5.745s] INFO:colcon.colcon_notification.desktop_notification:Sending desktop notification using 'notify2'
[5.784s] DEBUG:colcon.colcon_core.event_reactor:joined thread
[5.784s] INFO:colcon.colcon_core.shell:Creating prefix script '/home/aditya/Cpps/Dexter/install/local_setup.sh'
[5.785s] INFO:colcon.colcon_core.shell:Creating prefix util module '/home/aditya/Cpps/Dexter/install/_local_setup_util_sh.py'
[5.785s] INFO:colcon.colcon_core.shell:Creating prefix chain script '/home/aditya/Cpps/Dexter/install/setup.sh'
[5.787s] INFO:colcon.colcon_core.shell:Creating prefix script '/home/aditya/Cpps/Dexter/install/local_setup.bash'
[5.787s] INFO:colcon.colcon_core.shell:Creating prefix chain script '/home/aditya/Cpps/Dexter/install/setup.bash'
[5.788s] INFO:colcon.colcon_core.shell:Creating prefix script '/home/aditya/Cpps/Dexter/install/local_setup.zsh'
[5.788s] INFO:colcon.colcon_core.shell:Creating prefix chain script '/home/aditya/Cpps/Dexter/install/setup.zsh'
